 UPDATE  The latest version of `serve` is 14.2.6
 INFO  Accepting connections at http://localhost:4173
 HTTP  7/3/2026 4:42:26 pm ::1 GET /
 HTTP  7/3/2026 4:42:26 pm ::1 Returned 200 in 58 ms
 HTTP  7/3/2026 4:42:26 pm ::1 GET /_expo/static/js/web/entry-360b826c37bdc18b6f59b03f2011fb98.js
 HTTP  7/3/2026 4:42:26 pm ::1 Returned 200 in 25 ms
 HTTP  7/3/2026 4:42:26 pm ::1 GET /favicon.ico
 HTTP  7/3/2026 4:42:26 pm ::1 Returned 200 in 4 ms
 HTTP  7/3/2026 4:42:26 pm ::1 GET /assets/assets/images/logo-glow.dbca075a49dc45e550c5d2e3e9601039.png
 HTTP  7/3/2026 4:42:26 pm ::1 HEAD /
 HTTP  7/3/2026 4:42:26 pm ::1 Returned 304 in 4 ms
 HTTP  7/3/2026 4:42:26 pm ::1 HEAD /
 HTTP  7/3/2026 4:42:26 pm ::1 Returned 304 in 2 ms
 HTTP  7/3/2026 4:42:26 pm ::1 Returned 200 in 16 ms
 HTTP  7/3/2026 4:42:27 pm ::1 GET /assets/assets/images/icon.60bae712bdd8adad2bc0ac5d33ad0531.png
 HTTP  7/3/2026 4:42:27 pm ::1 Returned 200 in 3 ms
 HTTP  7/3/2026 4:43:27 pm ::1 HEAD /
 HTTP  7/3/2026 4:43:27 pm ::1 Returned 304 in 2 ms
 HTTP  7/3/2026 4:44:27 pm ::1 HEAD /
 HTTP  7/3/2026 4:44:27 pm ::1 Returned 200 in 229 ms
 HTTP  7/3/2026 4:45:28 pm ::1 HEAD /
 HTTP  7/3/2026 4:45:28 pm ::1 Returned 200 in 65 ms
 HTTP  7/3/2026 4:46:28 pm ::1 HEAD /
 HTTP  7/3/2026 4:46:28 pm ::1 Returned 200 in 100 ms
 HTTP  7/3/2026 4:46:43 pm ::1 GET /
 HTTP  7/3/2026 4:46:43 pm ::1 Returned 200 in 24 ms
 HTTP  7/3/2026 4:46:43 pm ::1 GET /_expo/static/js/web/entry-90d754d55e2b0ff395b17ba7c0113c04.js
 HTTP  7/3/2026 4:46:43 pm ::1 Returned 200 in 21 ms
 HTTP  7/3/2026 4:46:44 pm ::1 GET /assets/assets/images/logo-glow.dbca075a49dc45e550c5d2e3e9601039.png
 HTTP  7/3/2026 4:46:44 pm ::1 HEAD /
 HTTP  7/3/2026 4:46:44 pm ::1 Returned 304 in 2 ms
 HTTP  7/3/2026 4:46:44 pm ::1 Returned 304 in 10 ms
 HTTP  7/3/2026 4:46:44 pm ::1 HEAD /
 HTTP  7/3/2026 4:46:44 pm ::1 Returned 304 in 1 ms
 HTTP  7/3/2026 4:46:44 pm ::1 GET /assets/assets/images/icon.60bae712bdd8adad2bc0ac5d33ad0531.png
 HTTP  7/3/2026 4:46:44 pm ::1 Returned 304 in 4 ms
 HTTP  7/3/2026 4:47:30 pm ::1 GET /
 HTTP  7/3/2026 4:47:30 pm ::1 Returned 304 in 3 ms
 HTTP  7/3/2026 4:47:30 pm ::1 GET /_expo/static/js/web/entry-90d754d55e2b0ff395b17ba7c0113c04.js
 HTTP  7/3/2026 4:47:30 pm ::1 Returned 304 in 1 ms
 HTTP  7/3/2026 4:47:30 pm ::1 GET /assets/assets/images/logo-glow.dbca075a49dc45e550c5d2e3e9601039.png
 HTTP  7/3/2026 4:47:30 pm ::1 HEAD /
 HTTP  7/3/2026 4:47:30 pm ::1 Returned 304 in 2 ms
 HTTP  7/3/2026 4:47:30 pm ::1 Returned 304 in 2 ms
 HTTP  7/3/2026 4:47:30 pm ::1 HEAD /
 HTTP  7/3/2026 4:47:30 pm ::1 Returned 304 in 2 ms
 HTTP  7/3/2026 4:47:30 pm ::1 GET /assets/assets/images/icon.60bae712bdd8adad2bc0ac5d33ad0531.png
 HTTP  7/3/2026 4:47:30 pm ::1 Returned 304 in 2 ms
 HTTP  7/3/2026 4:47:31 pm ::1 GET /login
 HTTP  7/3/2026 4:47:31 pm ::1 Returned 200 in 4 ms
 HTTP  7/3/2026 4:47:31 pm ::1 GET /_expo/static/js/web/entry-90d754d55e2b0ff395b17ba7c0113c04.js
 HTTP  7/3/2026 4:47:31 pm ::1 Returned 304 in 1 ms
 HTTP  7/3/2026 4:47:31 pm ::1 GET /assets/assets/images/logo-glow.dbca075a49dc45e550c5d2e3e9601039.png
 HTTP  7/3/2026 4:47:31 pm ::1 Returned 304 in 2 ms
 HTTP  7/3/2026 4:47:31 pm ::1 HEAD /
 HTTP  7/3/2026 4:47:31 pm ::1 Returned 304 in 2 ms
 HTTP  7/3/2026 4:47:31 pm ::1 HEAD /
 HTTP  7/3/2026 4:47:31 pm ::1 Returned 304 in 2 ms
 HTTP  7/3/2026 4:47:31 pm ::1 GET /assets/assets/images/icon.60bae712bdd8adad2bc0ac5d33ad0531.png
 HTTP  7/3/2026 4:47:31 pm ::1 Returned 304 in 1 ms
 HTTP  7/3/2026 4:47:32 pm ::1 GET /business-select
 HTTP  7/3/2026 4:47:32 pm ::1 Returned 200 in 3 ms
 HTTP  7/3/2026 4:47:32 pm ::1 GET /_expo/static/js/web/entry-90d754d55e2b0ff395b17ba7c0113c04.js
 HTTP  7/3/2026 4:47:32 pm ::1 Returned 304 in 3 ms
 HTTP  7/3/2026 4:47:32 pm ::1 GET /assets/assets/images/logo-glow.dbca075a49dc45e550c5d2e3e9601039.png
 HTTP  7/3/2026 4:47:32 pm ::1 Returned 304 in 2 ms
 HTTP  7/3/2026 4:47:32 pm ::1 HEAD /
 HTTP  7/3/2026 4:47:32 pm ::1 Returned 304 in 1 ms
 HTTP  7/3/2026 4:47:32 pm ::1 HEAD /
 HTTP  7/3/2026 4:47:32 pm ::1 Returned 304 in 2 ms
 HTTP  7/3/2026 4:47:32 pm ::1 GET /assets/node_modules/.pnpm/@expo+vector-icons@15.1.1_e_0551bb4c91465be345a06121634ce70b/node_modules/@expo/vector-icons/build/vendor/react-native-vector-icons/Fonts/MaterialCommunityIcons.6e435534bd35da5fef04168860a9b8fa.ttf
 HTTP  7/3/2026 4:47:32 pm ::1 Returned 200 in 9 ms
 HTTP  7/3/2026 4:47:33 pm ::1 GET /billing
 HTTP  7/3/2026 4:47:33 pm ::1 Returned 200 in 4 ms
 HTTP  7/3/2026 4:47:33 pm ::1 GET /_expo/static/js/web/entry-90d754d55e2b0ff395b17ba7c0113c04.js
 HTTP  7/3/2026 4:47:33 pm ::1 Returned 304 in 1 ms
 HTTP  7/3/2026 4:47:33 pm ::1 GET /assets/assets/images/logo-glow.dbca075a49dc45e550c5d2e3e9601039.png
 HTTP  7/3/2026 4:47:33 pm ::1 Returned 304 in 1 ms
 HTTP  7/3/2026 4:47:33 pm ::1 HEAD /
 HTTP  7/3/2026 4:47:33 pm ::1 Returned 304 in 2 ms
 HTTP  7/3/2026 4:47:33 pm ::1 HEAD /
 HTTP  7/3/2026 4:47:33 pm ::1 Returned 304 in 2 ms
 HTTP  7/3/2026 4:47:34 pm ::1 GET /assets/node_modules/.pnpm/@expo+vector-icons@15.1.1_e_0551bb4c91465be345a06121634ce70b/node_modules/@expo/vector-icons/build/vendor/react-native-vector-icons/Fonts/MaterialCommunityIcons.6e435534bd35da5fef04168860a9b8fa.ttf
 HTTP  7/3/2026 4:47:34 pm ::1 Returned 304 in 4 ms
 HTTP  7/3/2026 4:47:35 pm ::1 GET /billing/create?type=TAX_INVOICE
 HTTP  7/3/2026 4:47:35 pm ::1 Returned 200 in 8 ms
 HTTP  7/3/2026 4:47:35 pm ::1 GET /_expo/static/js/web/entry-90d754d55e2b0ff395b17ba7c0113c04.js
 HTTP  7/3/2026 4:47:35 pm ::1 Returned 304 in 3 ms
 HTTP  7/3/2026 4:47:35 pm ::1 GET /assets/assets/images/logo-glow.dbca075a49dc45e550c5d2e3e9601039.png
 HTTP  7/3/2026 4:47:35 pm ::1 Returned 304 in 1 ms
 HTTP  7/3/2026 4:47:35 pm ::1 HEAD /
 HTTP  7/3/2026 4:47:35 pm ::1 Returned 304 in 3 ms
 HTTP  7/3/2026 4:47:35 pm ::1 HEAD /
 HTTP  7/3/2026 4:47:35 pm ::1 Returned 304 in 2 ms
 HTTP  7/3/2026 4:47:35 pm ::1 GET /assets/node_modules/.pnpm/@expo+vector-icons@15.1.1_e_0551bb4c91465be345a06121634ce70b/node_modules/@expo/vector-icons/build/vendor/react-native-vector-icons/Fonts/MaterialCommunityIcons.6e435534bd35da5fef04168860a9b8fa.ttf
 HTTP  7/3/2026 4:47:35 pm ::1 Returned 304 in 2 ms
 HTTP  7/3/2026 4:47:36 pm ::1 GET /billing/pos
 HTTP  7/3/2026 4:47:36 pm ::1 Returned 200 in 2 ms
 HTTP  7/3/2026 4:47:36 pm ::1 GET /_expo/static/js/web/entry-90d754d55e2b0ff395b17ba7c0113c04.js
 HTTP  7/3/2026 4:47:36 pm ::1 Returned 304 in 4 ms
 HTTP  7/3/2026 4:47:36 pm ::1 GET /assets/assets/images/logo-glow.dbca075a49dc45e550c5d2e3e9601039.png
 HTTP  7/3/2026 4:47:36 pm ::1 HEAD /
 HTTP  7/3/2026 4:47:36 pm ::1 Returned 304 in 4 ms
 HTTP  7/3/2026 4:47:36 pm ::1 Returned 304 in 3 ms
 HTTP  7/3/2026 4:47:36 pm ::1 HEAD /
 HTTP  7/3/2026 4:47:36 pm ::1 Returned 304 in 3 ms
 HTTP  7/3/2026 4:47:36 pm ::1 GET /assets/node_modules/.pnpm/@expo+vector-icons@15.1.1_e_0551bb4c91465be345a06121634ce70b/node_modules/@expo/vector-icons/build/vendor/react-native-vector-icons/Fonts/MaterialCommunityIcons.6e435534bd35da5fef04168860a9b8fa.ttf
 HTTP  7/3/2026 4:47:36 pm ::1 Returned 304 in 2 ms
 HTTP  7/3/2026 4:47:37 pm ::1 GET /billing/purchase-bill
 HTTP  7/3/2026 4:47:37 pm ::1 Returned 200 in 1 ms
 HTTP  7/3/2026 4:47:37 pm ::1 GET /_expo/static/js/web/entry-90d754d55e2b0ff395b17ba7c0113c04.js
 HTTP  7/3/2026 4:47:37 pm ::1 Returned 304 in 2 ms
 HTTP  7/3/2026 4:47:37 pm ::1 GET /assets/assets/images/logo-glow.dbca075a49dc45e550c5d2e3e9601039.png
 HTTP  7/3/2026 4:47:37 pm ::1 Returned 304 in 2 ms
 HTTP  7/3/2026 4:47:37 pm ::1 HEAD /
 HTTP  7/3/2026 4:47:37 pm ::1 Returned 304 in 1 ms
 HTTP  7/3/2026 4:47:37 pm ::1 HEAD /
 HTTP  7/3/2026 4:47:37 pm ::1 Returned 304 in 2 ms
 HTTP  7/3/2026 4:47:37 pm ::1 GET /assets/node_modules/.pnpm/@expo+vector-icons@15.1.1_e_0551bb4c91465be345a06121634ce70b/node_modules/@expo/vector-icons/build/vendor/react-native-vector-icons/Fonts/MaterialCommunityIcons.6e435534bd35da5fef04168860a9b8fa.ttf
 HTTP  7/3/2026 4:47:37 pm ::1 Returned 304 in 3 ms
 HTTP  7/3/2026 4:47:38 pm ::1 GET /billing/estimate
 HTTP  7/3/2026 4:47:38 pm ::1 Returned 200 in 4 ms
 HTTP  7/3/2026 4:47:38 pm ::1 GET /_expo/static/js/web/entry-90d754d55e2b0ff395b17ba7c0113c04.js
 HTTP  7/3/2026 4:47:38 pm ::1 Returned 304 in 9 ms
 HTTP  7/3/2026 4:47:38 pm ::1 GET /assets/assets/images/logo-glow.dbca075a49dc45e550c5d2e3e9601039.png
 HTTP  7/3/2026 4:47:38 pm ::1 Returned 304 in 2 ms
 HTTP  7/3/2026 4:47:38 pm ::1 HEAD /
 HTTP  7/3/2026 4:47:38 pm ::1 Returned 304 in 1 ms
 HTTP  7/3/2026 4:47:38 pm ::1 HEAD /
 HTTP  7/3/2026 4:47:38 pm ::1 Returned 304 in 2 ms
 HTTP  7/3/2026 4:47:39 pm ::1 GET /assets/node_modules/.pnpm/@expo+vector-icons@15.1.1_e_0551bb4c91465be345a06121634ce70b/node_modules/@expo/vector-icons/build/vendor/react-native-vector-icons/Fonts/MaterialCommunityIcons.6e435534bd35da5fef04168860a9b8fa.ttf
 HTTP  7/3/2026 4:47:39 pm ::1 Returned 304 in 3 ms
 HTTP  7/3/2026 4:47:39 pm ::1 GET /billing/sale-order
 HTTP  7/3/2026 4:47:39 pm ::1 Returned 200 in 5 ms
 HTTP  7/3/2026 4:47:39 pm ::1 GET /_expo/static/js/web/entry-90d754d55e2b0ff395b17ba7c0113c04.js
 HTTP  7/3/2026 4:47:39 pm ::1 Returned 304 in 4 ms
 HTTP  7/3/2026 4:47:39 pm ::1 GET /assets/assets/images/logo-glow.dbca075a49dc45e550c5d2e3e9601039.png
 HTTP  7/3/2026 4:47:39 pm ::1 Returned 304 in 2 ms
 HTTP  7/3/2026 4:47:39 pm ::1 HEAD /
 HTTP  7/3/2026 4:47:39 pm ::1 Returned 304 in 2 ms
 HTTP  7/3/2026 4:47:40 pm ::1 HEAD /
 HTTP  7/3/2026 4:47:40 pm ::1 Returned 304 in 2 ms
 HTTP  7/3/2026 4:47:40 pm ::1 GET /assets/node_modules/.pnpm/@expo+vector-icons@15.1.1_e_0551bb4c91465be345a06121634ce70b/node_modules/@expo/vector-icons/build/vendor/react-native-vector-icons/Fonts/MaterialCommunityIcons.6e435534bd35da5fef04168860a9b8fa.ttf
 HTTP  7/3/2026 4:47:40 pm ::1 Returned 304 in 1 ms
 HTTP  7/3/2026 4:47:41 pm ::1 GET /billing/purchase-order
 HTTP  7/3/2026 4:47:41 pm ::1 Returned 200 in 2 ms
 HTTP  7/3/2026 4:47:41 pm ::1 GET /_expo/static/js/web/entry-90d754d55e2b0ff395b17ba7c0113c04.js
 HTTP  7/3/2026 4:47:41 pm ::1 Returned 304 in 2 ms
 HTTP  7/3/2026 4:47:41 pm ::1 GET /assets/assets/images/logo-glow.dbca075a49dc45e550c5d2e3e9601039.png
 HTTP  7/3/2026 4:47:41 pm ::1 HEAD /
 HTTP  7/3/2026 4:47:41 pm ::1 Returned 304 in 38 ms
 HTTP  7/3/2026 4:47:41 pm ::1 Returned 304 in 34 ms
 HTTP  7/3/2026 4:47:41 pm ::1 HEAD /
 HTTP  7/3/2026 4:47:41 pm ::1 GET /assets/node_modules/.pnpm/@expo+vector-icons@15.1.1_e_0551bb4c91465be345a06121634ce70b/node_modules/@expo/vector-icons/build/vendor/react-native-vector-icons/Fonts/MaterialCommunityIcons.6e435534bd35da5fef04168860a9b8fa.ttf
 HTTP  7/3/2026 4:47:41 pm ::1 Returned 200 in 13 ms
 HTTP  7/3/2026 4:47:41 pm ::1 Returned 304 in 13 ms
 HTTP  7/3/2026 4:47:42 pm ::1 GET /billing/sale-return
 HTTP  7/3/2026 4:47:42 pm ::1 Returned 200 in 1 ms
 HTTP  7/3/2026 4:47:42 pm ::1 GET /_expo/static/js/web/entry-90d754d55e2b0ff395b17ba7c0113c04.js
 HTTP  7/3/2026 4:47:42 pm ::1 Returned 304 in 1 ms
 HTTP  7/3/2026 4:47:42 pm ::1 GET /assets/assets/images/logo-glow.dbca075a49dc45e550c5d2e3e9601039.png
 HTTP  7/3/2026 4:47:42 pm ::1 Returned 304 in 2 ms
 HTTP  7/3/2026 4:47:42 pm ::1 HEAD /
 HTTP  7/3/2026 4:47:42 pm ::1 HEAD /
 HTTP  7/3/2026 4:47:42 pm ::1 Returned 200 in 3 ms
 HTTP  7/3/2026 4:47:42 pm ::1 Returned 200 in 3 ms
 HTTP  7/3/2026 4:47:42 pm ::1 GET /assets/node_modules/.pnpm/@expo+vector-icons@15.1.1_e_0551bb4c91465be345a06121634ce70b/node_modules/@expo/vector-icons/build/vendor/react-native-vector-icons/Fonts/MaterialCommunityIcons.6e435534bd35da5fef04168860a9b8fa.ttf
 HTTP  7/3/2026 4:47:42 pm ::1 Returned 304 in 4 ms
 HTTP  7/3/2026 4:47:43 pm ::1 GET /billing/purchase-return
 HTTP  7/3/2026 4:47:43 pm ::1 Returned 200 in 2 ms
 HTTP  7/3/2026 4:47:43 pm ::1 GET /_expo/static/js/web/entry-90d754d55e2b0ff395b17ba7c0113c04.js
 HTTP  7/3/2026 4:47:43 pm ::1 Returned 304 in 4 ms
 HTTP  7/3/2026 4:47:43 pm ::1 GET /assets/assets/images/logo-glow.dbca075a49dc45e550c5d2e3e9601039.png
 HTTP  7/3/2026 4:47:43 pm ::1 HEAD /
 HTTP  7/3/2026 4:47:43 pm ::1 HEAD /
 HTTP  7/3/2026 4:47:43 pm ::1 Returned 304 in 45 ms
 HTTP  7/3/2026 4:47:43 pm ::1 Returned 200 in 47 ms
 HTTP  7/3/2026 4:47:43 pm ::1 Returned 200 in 51 ms
 HTTP  7/3/2026 4:47:43 pm ::1 GET /assets/node_modules/.pnpm/@expo+vector-icons@15.1.1_e_0551bb4c91465be345a06121634ce70b/node_modules/@expo/vector-icons/build/vendor/react-native-vector-icons/Fonts/MaterialCommunityIcons.6e435534bd35da5fef04168860a9b8fa.ttf
 HTTP  7/3/2026 4:47:43 pm ::1 Returned 304 in 8 ms
 HTTP  7/3/2026 4:47:44 pm ::1 GET /billing/delivery-challan
 HTTP  7/3/2026 4:47:44 pm ::1 Returned 200 in 2 ms
 HTTP  7/3/2026 4:47:44 pm ::1 GET /_expo/static/js/web/entry-90d754d55e2b0ff395b17ba7c0113c04.js
 HTTP  7/3/2026 4:47:44 pm ::1 Returned 304 in 1 ms
 HTTP  7/3/2026 4:47:44 pm ::1 GET /assets/assets/images/logo-glow.dbca075a49dc45e550c5d2e3e9601039.png
 HTTP  7/3/2026 4:47:44 pm ::1 HEAD /
 HTTP  7/3/2026 4:47:44 pm ::1 HEAD /
 HTTP  7/3/2026 4:47:44 pm ::1 Returned 304 in 9 ms
 HTTP  7/3/2026 4:47:44 pm ::1 Returned 200 in 10 ms
 HTTP  7/3/2026 4:47:44 pm ::1 Returned 200 in 13 ms
 HTTP  7/3/2026 4:47:44 pm ::1 GET /assets/node_modules/.pnpm/@expo+vector-icons@15.1.1_e_0551bb4c91465be345a06121634ce70b/node_modules/@expo/vector-icons/build/vendor/react-native-vector-icons/Fonts/MaterialCommunityIcons.6e435534bd35da5fef04168860a9b8fa.ttf
 HTTP  7/3/2026 4:47:44 pm ::1 Returned 304 in 2 ms
 HTTP  7/3/2026 4:47:45 pm ::1 GET /billing/payment-in
 HTTP  7/3/2026 4:47:45 pm ::1 Returned 200 in 2 ms
 HTTP  7/3/2026 4:47:45 pm ::1 GET /_expo/static/js/web/entry-90d754d55e2b0ff395b17ba7c0113c04.js
 HTTP  7/3/2026 4:47:45 pm ::1 Returned 304 in 2 ms
 HTTP  7/3/2026 4:47:45 pm ::1 GET /assets/assets/images/logo-glow.dbca075a49dc45e550c5d2e3e9601039.png
 HTTP  7/3/2026 4:47:45 pm ::1 Returned 304 in 3 ms
 HTTP  7/3/2026 4:47:45 pm ::1 HEAD /
 HTTP  7/3/2026 4:47:45 pm ::1 HEAD /
 HTTP  7/3/2026 4:47:45 pm ::1 Returned 200 in 3 ms
 HTTP  7/3/2026 4:47:45 pm ::1 Returned 200 in 3 ms
 HTTP  7/3/2026 4:47:45 pm ::1 GET /assets/node_modules/.pnpm/@expo+vector-icons@15.1.1_e_0551bb4c91465be345a06121634ce70b/node_modules/@expo/vector-icons/build/vendor/react-native-vector-icons/Fonts/MaterialCommunityIcons.6e435534bd35da5fef04168860a9b8fa.ttf
 HTTP  7/3/2026 4:47:45 pm ::1 Returned 304 in 2 ms
 HTTP  7/3/2026 4:47:46 pm ::1 GET /billing/payment-out
 HTTP  7/3/2026 4:47:46 pm ::1 Returned 200 in 1 ms
 HTTP  7/3/2026 4:47:46 pm ::1 GET /_expo/static/js/web/entry-90d754d55e2b0ff395b17ba7c0113c04.js
 HTTP  7/3/2026 4:47:46 pm ::1 Returned 304 in 2 ms
 HTTP  7/3/2026 4:47:46 pm ::1 GET /assets/assets/images/logo-glow.dbca075a49dc45e550c5d2e3e9601039.png
 HTTP  7/3/2026 4:47:46 pm ::1 HEAD /
 HTTP  7/3/2026 4:47:46 pm ::1 Returned 304 in 3 ms
 HTTP  7/3/2026 4:47:46 pm ::1 HEAD /
 HTTP  7/3/2026 4:47:46 pm ::1 Returned 200 in 5 ms
 HTTP  7/3/2026 4:47:46 pm ::1 Returned 200 in 4 ms
 HTTP  7/3/2026 4:47:46 pm ::1 GET /assets/node_modules/.pnpm/@expo+vector-icons@15.1.1_e_0551bb4c91465be345a06121634ce70b/node_modules/@expo/vector-icons/build/vendor/react-native-vector-icons/Fonts/MaterialCommunityIcons.6e435534bd35da5fef04168860a9b8fa.ttf
 HTTP  7/3/2026 4:47:46 pm ::1 Returned 304 in 1 ms
 HTTP  7/3/2026 4:47:47 pm ::1 GET /inventory
 HTTP  7/3/2026 4:47:47 pm ::1 Returned 200 in 3 ms
 HTTP  7/3/2026 4:47:47 pm ::1 GET /_expo/static/js/web/entry-90d754d55e2b0ff395b17ba7c0113c04.js
 HTTP  7/3/2026 4:47:47 pm ::1 Returned 304 in 2 ms
 HTTP  7/3/2026 4:47:47 pm ::1 GET /assets/assets/images/logo-glow.dbca075a49dc45e550c5d2e3e9601039.png
 HTTP  7/3/2026 4:47:47 pm ::1 Returned 304 in 2 ms
 HTTP  7/3/2026 4:47:47 pm ::1 HEAD /
 HTTP  7/3/2026 4:47:47 pm ::1 Returned 200 in 1 ms
 HTTP  7/3/2026 4:47:47 pm ::1 HEAD /
 HTTP  7/3/2026 4:47:47 pm ::1 Returned 200 in 2 ms
 HTTP  7/3/2026 4:47:47 pm ::1 GET /assets/node_modules/.pnpm/@expo+vector-icons@15.1.1_e_0551bb4c91465be345a06121634ce70b/node_modules/@expo/vector-icons/build/vendor/react-native-vector-icons/Fonts/MaterialCommunityIcons.6e435534bd35da5fef04168860a9b8fa.ttf
 HTTP  7/3/2026 4:47:47 pm ::1 Returned 304 in 2 ms
 HTTP  7/3/2026 4:47:48 pm ::1 GET /inventory/add-item
 HTTP  7/3/2026 4:47:48 pm ::1 Returned 200 in 5 ms
 HTTP  7/3/2026 4:47:48 pm ::1 GET /_expo/static/js/web/entry-90d754d55e2b0ff395b17ba7c0113c04.js
 HTTP  7/3/2026 4:47:48 pm ::1 Returned 304 in 1 ms
 HTTP  7/3/2026 4:47:48 pm ::1 GET /assets/assets/images/logo-glow.dbca075a49dc45e550c5d2e3e9601039.png
 HTTP  7/3/2026 4:47:48 pm ::1 Returned 304 in 2 ms
 HTTP  7/3/2026 4:47:48 pm ::1 HEAD /
 HTTP  7/3/2026 4:47:48 pm ::1 Returned 200 in 3 ms
 HTTP  7/3/2026 4:47:48 pm ::1 HEAD /
 HTTP  7/3/2026 4:47:48 pm ::1 Returned 200 in 3 ms
 HTTP  7/3/2026 4:47:48 pm ::1 GET /assets/node_modules/.pnpm/@expo+vector-icons@15.1.1_e_0551bb4c91465be345a06121634ce70b/node_modules/@expo/vector-icons/build/vendor/react-native-vector-icons/Fonts/MaterialCommunityIcons.6e435534bd35da5fef04168860a9b8fa.ttf
 HTTP  7/3/2026 4:47:48 pm ::1 Returned 304 in 3 ms
 HTTP  7/3/2026 4:47:50 pm ::1 GET /inventory/recycle-bin
 HTTP  7/3/2026 4:47:50 pm ::1 Returned 200 in 2 ms
 HTTP  7/3/2026 4:47:50 pm ::1 GET /_expo/static/js/web/entry-90d754d55e2b0ff395b17ba7c0113c04.js
 HTTP  7/3/2026 4:47:50 pm ::1 Returned 304 in 2 ms
 HTTP  7/3/2026 4:47:50 pm ::1 GET /assets/assets/images/logo-glow.dbca075a49dc45e550c5d2e3e9601039.png
 HTTP  7/3/2026 4:47:50 pm ::1 Returned 304 in 2 ms
 HTTP  7/3/2026 4:47:50 pm ::1 HEAD /
 HTTP  7/3/2026 4:47:50 pm ::1 HEAD /
 HTTP  7/3/2026 4:47:50 pm ::1 Returned 200 in 3 ms
 HTTP  7/3/2026 4:47:50 pm ::1 Returned 200 in 3 ms
 HTTP  7/3/2026 4:47:50 pm ::1 GET /assets/node_modules/.pnpm/@expo+vector-icons@15.1.1_e_0551bb4c91465be345a06121634ce70b/node_modules/@expo/vector-icons/build/vendor/react-native-vector-icons/Fonts/MaterialCommunityIcons.6e435534bd35da5fef04168860a9b8fa.ttf
 HTTP  7/3/2026 4:47:50 pm ::1 Returned 304 in 2 ms
 HTTP  7/3/2026 4:47:51 pm ::1 GET /accounts
 HTTP  7/3/2026 4:47:51 pm ::1 Returned 200 in 2 ms
 HTTP  7/3/2026 4:47:51 pm ::1 GET /_expo/static/js/web/entry-90d754d55e2b0ff395b17ba7c0113c04.js
 HTTP  7/3/2026 4:47:51 pm ::1 Returned 304 in 2 ms
 HTTP  7/3/2026 4:47:51 pm ::1 GET /assets/assets/images/logo-glow.dbca075a49dc45e550c5d2e3e9601039.png
 HTTP  7/3/2026 4:47:51 pm ::1 Returned 304 in 2 ms
 HTTP  7/3/2026 4:47:51 pm ::1 HEAD /
 HTTP  7/3/2026 4:47:51 pm ::1 HEAD /
 HTTP  7/3/2026 4:47:51 pm ::1 Returned 200 in 2 ms
 HTTP  7/3/2026 4:47:51 pm ::1 Returned 200 in 3 ms
 HTTP  7/3/2026 4:47:51 pm ::1 GET /assets/node_modules/.pnpm/@expo+vector-icons@15.1.1_e_0551bb4c91465be345a06121634ce70b/node_modules/@expo/vector-icons/build/vendor/react-native-vector-icons/Fonts/MaterialCommunityIcons.6e435534bd35da5fef04168860a9b8fa.ttf
 HTTP  7/3/2026 4:47:51 pm ::1 Returned 304 in 2 ms
 HTTP  7/3/2026 4:47:52 pm ::1 GET /accounts/cash-bank
 HTTP  7/3/2026 4:47:52 pm ::1 Returned 200 in 2 ms
 HTTP  7/3/2026 4:47:52 pm ::1 GET /_expo/static/js/web/entry-90d754d55e2b0ff395b17ba7c0113c04.js
 HTTP  7/3/2026 4:47:52 pm ::1 Returned 304 in 1 ms
 HTTP  7/3/2026 4:47:52 pm ::1 GET /assets/assets/images/logo-glow.dbca075a49dc45e550c5d2e3e9601039.png
 HTTP  7/3/2026 4:47:52 pm ::1 Returned 304 in 2 ms
 HTTP  7/3/2026 4:47:52 pm ::1 HEAD /
 HTTP  7/3/2026 4:47:52 pm ::1 HEAD /
 HTTP  7/3/2026 4:47:52 pm ::1 Returned 200 in 3 ms
 HTTP  7/3/2026 4:47:52 pm ::1 Returned 200 in 3 ms
 HTTP  7/3/2026 4:47:52 pm ::1 GET /assets/node_modules/.pnpm/@expo+vector-icons@15.1.1_e_0551bb4c91465be345a06121634ce70b/node_modules/@expo/vector-icons/build/vendor/react-native-vector-icons/Fonts/MaterialCommunityIcons.6e435534bd35da5fef04168860a9b8fa.ttf
 HTTP  7/3/2026 4:47:52 pm ::1 Returned 304 in 2 ms
 HTTP  7/3/2026 4:47:53 pm ::1 GET /accounts/cash-bank/add
 HTTP  7/3/2026 4:47:53 pm ::1 Returned 200 in 2 ms
 HTTP  7/3/2026 4:47:53 pm ::1 GET /_expo/static/js/web/entry-90d754d55e2b0ff395b17ba7c0113c04.js
 HTTP  7/3/2026 4:47:53 pm ::1 Returned 304 in 2 ms
 HTTP  7/3/2026 4:47:53 pm ::1 GET /assets/assets/images/logo-glow.dbca075a49dc45e550c5d2e3e9601039.png
 HTTP  7/3/2026 4:47:53 pm ::1 Returned 304 in 2 ms
 HTTP  7/3/2026 4:47:53 pm ::1 HEAD /
 HTTP  7/3/2026 4:47:53 pm ::1 Returned 200 in 3 ms
 HTTP  7/3/2026 4:47:53 pm ::1 HEAD /
 HTTP  7/3/2026 4:47:53 pm ::1 Returned 200 in 3 ms
 HTTP  7/3/2026 4:47:53 pm ::1 GET /assets/node_modules/.pnpm/@expo+vector-icons@15.1.1_e_0551bb4c91465be345a06121634ce70b/node_modules/@expo/vector-icons/build/vendor/react-native-vector-icons/Fonts/MaterialCommunityIcons.6e435534bd35da5fef04168860a9b8fa.ttf
 HTTP  7/3/2026 4:47:53 pm ::1 Returned 304 in 2 ms
 HTTP  7/3/2026 4:47:54 pm ::1 GET /accounts/cash-bank/deposit
 HTTP  7/3/2026 4:47:54 pm ::1 Returned 200 in 1 ms
 HTTP  7/3/2026 4:47:54 pm ::1 GET /_expo/static/js/web/entry-90d754d55e2b0ff395b17ba7c0113c04.js
 HTTP  7/3/2026 4:47:54 pm ::1 Returned 304 in 1 ms
 HTTP  7/3/2026 4:47:54 pm ::1 GET /assets/assets/images/logo-glow.dbca075a49dc45e550c5d2e3e9601039.png
 HTTP  7/3/2026 4:47:54 pm ::1 Returned 304 in 2 ms
 HTTP  7/3/2026 4:47:54 pm ::1 HEAD /
 HTTP  7/3/2026 4:47:54 pm ::1 Returned 200 in 2 ms
 HTTP  7/3/2026 4:47:54 pm ::1 HEAD /
 HTTP  7/3/2026 4:47:54 pm ::1 Returned 200 in 1 ms
 HTTP  7/3/2026 4:47:54 pm ::1 GET /assets/node_modules/.pnpm/@expo+vector-icons@15.1.1_e_0551bb4c91465be345a06121634ce70b/node_modules/@expo/vector-icons/build/vendor/react-native-vector-icons/Fonts/MaterialCommunityIcons.6e435534bd35da5fef04168860a9b8fa.ttf
 HTTP  7/3/2026 4:47:54 pm ::1 Returned 304 in 2 ms
 HTTP  7/3/2026 4:47:55 pm ::1 GET /accounts/cash-bank/withdraw
 HTTP  7/3/2026 4:47:55 pm ::1 Returned 200 in 1 ms
 HTTP  7/3/2026 4:47:55 pm ::1 GET /_expo/static/js/web/entry-90d754d55e2b0ff395b17ba7c0113c04.js
 HTTP  7/3/2026 4:47:55 pm ::1 Returned 304 in 2 ms
 HTTP  7/3/2026 4:47:55 pm ::1 GET /assets/assets/images/logo-glow.dbca075a49dc45e550c5d2e3e9601039.png
 HTTP  7/3/2026 4:47:55 pm ::1 Returned 304 in 1 ms
 HTTP  7/3/2026 4:47:55 pm ::1 HEAD /
 HTTP  7/3/2026 4:47:55 pm ::1 HEAD /
 HTTP  7/3/2026 4:47:55 pm ::1 Returned 200 in 3 ms
 HTTP  7/3/2026 4:47:55 pm ::1 Returned 200 in 5 ms
 HTTP  7/3/2026 4:47:55 pm ::1 GET /assets/node_modules/.pnpm/@expo+vector-icons@15.1.1_e_0551bb4c91465be345a06121634ce70b/node_modules/@expo/vector-icons/build/vendor/react-native-vector-icons/Fonts/MaterialCommunityIcons.6e435534bd35da5fef04168860a9b8fa.ttf
 HTTP  7/3/2026 4:47:55 pm ::1 Returned 304 in 1 ms
 HTTP  7/3/2026 4:47:56 pm ::1 GET /accounts/cash-bank/transfer
 HTTP  7/3/2026 4:47:56 pm ::1 Returned 200 in 1 ms
 HTTP  7/3/2026 4:47:56 pm ::1 GET /_expo/static/js/web/entry-90d754d55e2b0ff395b17ba7c0113c04.js
 HTTP  7/3/2026 4:47:56 pm ::1 Returned 304 in 2 ms
 HTTP  7/3/2026 4:47:56 pm ::1 GET /assets/assets/images/logo-glow.dbca075a49dc45e550c5d2e3e9601039.png
 HTTP  7/3/2026 4:47:56 pm ::1 Returned 304 in 4 ms
 HTTP  7/3/2026 4:47:56 pm ::1 HEAD /
 HTTP  7/3/2026 4:47:56 pm ::1 HEAD /
 HTTP  7/3/2026 4:47:56 pm ::1 Returned 200 in 4 ms
 HTTP  7/3/2026 4:47:56 pm ::1 Returned 200 in 2 ms
 HTTP  7/3/2026 4:47:56 pm ::1 GET /assets/node_modules/.pnpm/@expo+vector-icons@15.1.1_e_0551bb4c91465be345a06121634ce70b/node_modules/@expo/vector-icons/build/vendor/react-native-vector-icons/Fonts/MaterialCommunityIcons.6e435534bd35da5fef04168860a9b8fa.ttf
 HTTP  7/3/2026 4:47:56 pm ::1 Returned 304 in 2 ms
 HTTP  7/3/2026 4:47:57 pm ::1 GET /accounts/expenses
 HTTP  7/3/2026 4:47:57 pm ::1 Returned 200 in 1 ms
 HTTP  7/3/2026 4:47:57 pm ::1 GET /_expo/static/js/web/entry-90d754d55e2b0ff395b17ba7c0113c04.js
 HTTP  7/3/2026 4:47:57 pm ::1 Returned 304 in 2 ms
 HTTP  7/3/2026 4:47:57 pm ::1 GET /assets/assets/images/logo-glow.dbca075a49dc45e550c5d2e3e9601039.png
 HTTP  7/3/2026 4:47:57 pm ::1 HEAD /
 HTTP  7/3/2026 4:47:57 pm ::1 HEAD /
 HTTP  7/3/2026 4:47:57 pm ::1 Returned 304 in 5 ms
 HTTP  7/3/2026 4:47:57 pm ::1 Returned 200 in 4 ms
 HTTP  7/3/2026 4:47:57 pm ::1 Returned 200 in 4 ms
 HTTP  7/3/2026 4:47:58 pm ::1 GET /assets/node_modules/.pnpm/@expo+vector-icons@15.1.1_e_0551bb4c91465be345a06121634ce70b/node_modules/@expo/vector-icons/build/vendor/react-native-vector-icons/Fonts/MaterialCommunityIcons.6e435534bd35da5fef04168860a9b8fa.ttf
 HTTP  7/3/2026 4:47:58 pm ::1 Returned 304 in 2 ms
 HTTP  7/3/2026 4:47:58 pm ::1 GET /accounts/expenses/add
 HTTP  7/3/2026 4:47:58 pm ::1 Returned 200 in 2 ms
 HTTP  7/3/2026 4:47:58 pm ::1 GET /_expo/static/js/web/entry-90d754d55e2b0ff395b17ba7c0113c04.js
 HTTP  7/3/2026 4:47:58 pm ::1 Returned 304 in 1 ms
 HTTP  7/3/2026 4:47:59 pm ::1 GET /assets/assets/images/logo-glow.dbca075a49dc45e550c5d2e3e9601039.png
 HTTP  7/3/2026 4:47:59 pm ::1 Returned 304 in 2 ms
 HTTP  7/3/2026 4:47:59 pm ::1 HEAD /
 HTTP  7/3/2026 4:47:59 pm ::1 HEAD /
 HTTP  7/3/2026 4:47:59 pm ::1 Returned 200 in 4 ms
 HTTP  7/3/2026 4:47:59 pm ::1 Returned 200 in 3 ms
 HTTP  7/3/2026 4:47:59 pm ::1 GET /assets/node_modules/.pnpm/@expo+vector-icons@15.1.1_e_0551bb4c91465be345a06121634ce70b/node_modules/@expo/vector-icons/build/vendor/react-native-vector-icons/Fonts/MaterialCommunityIcons.6e435534bd35da5fef04168860a9b8fa.ttf
 HTTP  7/3/2026 4:47:59 pm ::1 Returned 304 in 1 ms
 HTTP  7/3/2026 4:47:59 pm ::1 GET /accounts/expenses/recycle-bin
 HTTP  7/3/2026 4:47:59 pm ::1 Returned 200 in 1 ms
 HTTP  7/3/2026 4:47:59 pm ::1 GET /_expo/static/js/web/entry-90d754d55e2b0ff395b17ba7c0113c04.js
 HTTP  7/3/2026 4:47:59 pm ::1 Returned 304 in 2 ms
 HTTP  7/3/2026 4:48:00 pm ::1 GET /assets/assets/images/logo-glow.dbca075a49dc45e550c5d2e3e9601039.png
 HTTP  7/3/2026 4:48:00 pm ::1 HEAD /
 HTTP  7/3/2026 4:48:00 pm ::1 HEAD /
 HTTP  7/3/2026 4:48:00 pm ::1 Returned 304 in 12 ms
 HTTP  7/3/2026 4:48:00 pm ::1 Returned 200 in 11 ms
 HTTP  7/3/2026 4:48:00 pm ::1 Returned 200 in 9 ms
 HTTP  7/3/2026 4:48:00 pm ::1 GET /assets/node_modules/.pnpm/@expo+vector-icons@15.1.1_e_0551bb4c91465be345a06121634ce70b/node_modules/@expo/vector-icons/build/vendor/react-native-vector-icons/Fonts/MaterialCommunityIcons.6e435534bd35da5fef04168860a9b8fa.ttf
 HTTP  7/3/2026 4:48:00 pm ::1 Returned 304 in 2 ms
 HTTP  7/3/2026 4:48:01 pm ::1 GET /accounts/loans
 HTTP  7/3/2026 4:48:01 pm ::1 Returned 200 in 2 ms
 HTTP  7/3/2026 4:48:01 pm ::1 GET /_expo/static/js/web/entry-90d754d55e2b0ff395b17ba7c0113c04.js
 HTTP  7/3/2026 4:48:01 pm ::1 Returned 304 in 2 ms
 HTTP  7/3/2026 4:48:01 pm ::1 GET /assets/assets/images/logo-glow.dbca075a49dc45e550c5d2e3e9601039.png
 HTTP  7/3/2026 4:48:01 pm ::1 Returned 304 in 2 ms
 HTTP  7/3/2026 4:48:01 pm ::1 HEAD /
 HTTP  7/3/2026 4:48:01 pm ::1 HEAD /
 HTTP  7/3/2026 4:48:01 pm ::1 Returned 200 in 3 ms
 HTTP  7/3/2026 4:48:01 pm ::1 Returned 200 in 2 ms
 HTTP  7/3/2026 4:48:01 pm ::1 GET /assets/node_modules/.pnpm/@expo+vector-icons@15.1.1_e_0551bb4c91465be345a06121634ce70b/node_modules/@expo/vector-icons/build/vendor/react-native-vector-icons/Fonts/MaterialCommunityIcons.6e435534bd35da5fef04168860a9b8fa.ttf
 HTTP  7/3/2026 4:48:01 pm ::1 Returned 304 in 2 ms
 HTTP  7/3/2026 4:48:02 pm ::1 GET /accounts/loans/add
 HTTP  7/3/2026 4:48:02 pm ::1 Returned 200 in 1 ms
 HTTP  7/3/2026 4:48:02 pm ::1 GET /_expo/static/js/web/entry-90d754d55e2b0ff395b17ba7c0113c04.js
 HTTP  7/3/2026 4:48:02 pm ::1 Returned 304 in 1 ms
 HTTP  7/3/2026 4:48:02 pm ::1 GET /assets/assets/images/logo-glow.dbca075a49dc45e550c5d2e3e9601039.png
 HTTP  7/3/2026 4:48:02 pm ::1 HEAD /
 HTTP  7/3/2026 4:48:02 pm ::1 Returned 304 in 3 ms
 HTTP  7/3/2026 4:48:02 pm ::1 HEAD /
 HTTP  7/3/2026 4:48:02 pm ::1 Returned 200 in 5 ms
 HTTP  7/3/2026 4:48:02 pm ::1 Returned 200 in 3 ms
 HTTP  7/3/2026 4:48:02 pm ::1 GET /assets/node_modules/.pnpm/@expo+vector-icons@15.1.1_e_0551bb4c91465be345a06121634ce70b/node_modules/@expo/vector-icons/build/vendor/react-native-vector-icons/Fonts/MaterialCommunityIcons.6e435534bd35da5fef04168860a9b8fa.ttf
 HTTP  7/3/2026 4:48:02 pm ::1 Returned 304 in 1 ms
 HTTP  7/3/2026 4:48:03 pm ::1 GET /reports
 HTTP  7/3/2026 4:48:03 pm ::1 Returned 200 in 1 ms
 HTTP  7/3/2026 4:48:03 pm ::1 GET /_expo/static/js/web/entry-90d754d55e2b0ff395b17ba7c0113c04.js
 HTTP  7/3/2026 4:48:03 pm ::1 Returned 304 in 2 ms
 HTTP  7/3/2026 4:48:03 pm ::1 GET /assets/assets/images/logo-glow.dbca075a49dc45e550c5d2e3e9601039.png
 HTTP  7/3/2026 4:48:03 pm ::1 HEAD /
 HTTP  7/3/2026 4:48:03 pm ::1 Returned 304 in 2 ms
 HTTP  7/3/2026 4:48:03 pm ::1 HEAD /
 HTTP  7/3/2026 4:48:03 pm ::1 Returned 200 in 4 ms
 HTTP  7/3/2026 4:48:03 pm ::1 Returned 200 in 3 ms
 HTTP  7/3/2026 4:48:03 pm ::1 GET /assets/node_modules/.pnpm/@expo+vector-icons@15.1.1_e_0551bb4c91465be345a06121634ce70b/node_modules/@expo/vector-icons/build/vendor/react-native-vector-icons/Fonts/MaterialCommunityIcons.6e435534bd35da5fef04168860a9b8fa.ttf
 HTTP  7/3/2026 4:48:03 pm ::1 Returned 304 in 2 ms
 HTTP  7/3/2026 4:48:04 pm ::1 GET /reports/gst-summary
 HTTP  7/3/2026 4:48:04 pm ::1 Returned 200 in 3 ms
 HTTP  7/3/2026 4:48:04 pm ::1 GET /_expo/static/js/web/entry-90d754d55e2b0ff395b17ba7c0113c04.js
 HTTP  7/3/2026 4:48:04 pm ::1 Returned 304 in 2 ms
 HTTP  7/3/2026 4:48:04 pm ::1 GET /assets/assets/images/logo-glow.dbca075a49dc45e550c5d2e3e9601039.png
 HTTP  7/3/2026 4:48:04 pm ::1 Returned 304 in 2 ms
 HTTP  7/3/2026 4:48:04 pm ::1 HEAD /
 HTTP  7/3/2026 4:48:04 pm ::1 HEAD /
 HTTP  7/3/2026 4:48:04 pm ::1 Returned 200 in 3 ms
 HTTP  7/3/2026 4:48:04 pm ::1 Returned 200 in 2 ms
 HTTP  7/3/2026 4:48:04 pm ::1 GET /assets/node_modules/.pnpm/@expo+vector-icons@15.1.1_e_0551bb4c91465be345a06121634ce70b/node_modules/@expo/vector-icons/build/vendor/react-native-vector-icons/Fonts/MaterialCommunityIcons.6e435534bd35da5fef04168860a9b8fa.ttf
 HTTP  7/3/2026 4:48:04 pm ::1 Returned 304 in 2 ms
 HTTP  7/3/2026 4:48:05 pm ::1 GET /reports/trial-balance
 HTTP  7/3/2026 4:48:05 pm ::1 Returned 200 in 1 ms
 HTTP  7/3/2026 4:48:05 pm ::1 GET /_expo/static/js/web/entry-90d754d55e2b0ff395b17ba7c0113c04.js
 HTTP  7/3/2026 4:48:05 pm ::1 Returned 304 in 3 ms
 HTTP  7/3/2026 4:48:05 pm ::1 GET /assets/assets/images/logo-glow.dbca075a49dc45e550c5d2e3e9601039.png
 HTTP  7/3/2026 4:48:05 pm ::1 HEAD /
 HTTP  7/3/2026 4:48:05 pm ::1 Returned 304 in 3 ms
 HTTP  7/3/2026 4:48:05 pm ::1 HEAD /
 HTTP  7/3/2026 4:48:05 pm ::1 Returned 200 in 5 ms
 HTTP  7/3/2026 4:48:05 pm ::1 Returned 200 in 3 ms
 HTTP  7/3/2026 4:48:05 pm ::1 GET /assets/node_modules/.pnpm/@expo+vector-icons@15.1.1_e_0551bb4c91465be345a06121634ce70b/node_modules/@expo/vector-icons/build/vendor/react-native-vector-icons/Fonts/MaterialCommunityIcons.6e435534bd35da5fef04168860a9b8fa.ttf
 HTTP  7/3/2026 4:48:05 pm ::1 Returned 304 in 2 ms
 HTTP  7/3/2026 4:48:06 pm ::1 GET /reports/ledgers
 HTTP  7/3/2026 4:48:06 pm ::1 Returned 200 in 2 ms
 HTTP  7/3/2026 4:48:06 pm ::1 GET /_expo/static/js/web/entry-90d754d55e2b0ff395b17ba7c0113c04.js
 HTTP  7/3/2026 4:48:06 pm ::1 Returned 304 in 1 ms
 HTTP  7/3/2026 4:48:06 pm ::1 GET /assets/assets/images/logo-glow.dbca075a49dc45e550c5d2e3e9601039.png
 HTTP  7/3/2026 4:48:06 pm ::1 Returned 304 in 2 ms
 HTTP  7/3/2026 4:48:06 pm ::1 HEAD /
 HTTP  7/3/2026 4:48:06 pm ::1 HEAD /
 HTTP  7/3/2026 4:48:06 pm ::1 Returned 200 in 3 ms
 HTTP  7/3/2026 4:48:06 pm ::1 Returned 200 in 3 ms
 HTTP  7/3/2026 4:48:06 pm ::1 GET /assets/node_modules/.pnpm/@expo+vector-icons@15.1.1_e_0551bb4c91465be345a06121634ce70b/node_modules/@expo/vector-icons/build/vendor/react-native-vector-icons/Fonts/MaterialCommunityIcons.6e435534bd35da5fef04168860a9b8fa.ttf
 HTTP  7/3/2026 4:48:06 pm ::1 Returned 304 in 2 ms
 HTTP  7/3/2026 4:48:07 pm ::1 GET /more
 HTTP  7/3/2026 4:48:07 pm ::1 Returned 200 in 2 ms
 HTTP  7/3/2026 4:48:07 pm ::1 GET /_expo/static/js/web/entry-90d754d55e2b0ff395b17ba7c0113c04.js
 HTTP  7/3/2026 4:48:07 pm ::1 Returned 304 in 1 ms
 HTTP  7/3/2026 4:48:07 pm ::1 GET /assets/assets/images/logo-glow.dbca075a49dc45e550c5d2e3e9601039.png
 HTTP  7/3/2026 4:48:07 pm ::1 Returned 304 in 3 ms
 HTTP  7/3/2026 4:48:07 pm ::1 HEAD /
 HTTP  7/3/2026 4:48:07 pm ::1 HEAD /
 HTTP  7/3/2026 4:48:07 pm ::1 Returned 200 in 3 ms
 HTTP  7/3/2026 4:48:07 pm ::1 Returned 200 in 3 ms
 HTTP  7/3/2026 4:48:07 pm ::1 GET /assets/node_modules/.pnpm/@expo+vector-icons@15.1.1_e_0551bb4c91465be345a06121634ce70b/node_modules/@expo/vector-icons/build/vendor/react-native-vector-icons/Fonts/MaterialCommunityIcons.6e435534bd35da5fef04168860a9b8fa.ttf
 HTTP  7/3/2026 4:48:07 pm ::1 Returned 304 in 2 ms
 HTTP  7/3/2026 4:48:08 pm ::1 GET /more/settings
 HTTP  7/3/2026 4:48:08 pm ::1 Returned 200 in 2 ms
 HTTP  7/3/2026 4:48:08 pm ::1 GET /_expo/static/js/web/entry-90d754d55e2b0ff395b17ba7c0113c04.js
 HTTP  7/3/2026 4:48:08 pm ::1 Returned 304 in 2 ms
 HTTP  7/3/2026 4:48:08 pm ::1 GET /assets/assets/images/logo-glow.dbca075a49dc45e550c5d2e3e9601039.png
 HTTP  7/3/2026 4:48:08 pm ::1 Returned 304 in 2 ms
 HTTP  7/3/2026 4:48:08 pm ::1 HEAD /
 HTTP  7/3/2026 4:48:08 pm ::1 HEAD /
 HTTP  7/3/2026 4:48:08 pm ::1 Returned 200 in 8 ms
 HTTP  7/3/2026 4:48:08 pm ::1 Returned 200 in 6 ms
 HTTP  7/3/2026 4:48:08 pm ::1 GET /assets/node_modules/.pnpm/@expo+vector-icons@15.1.1_e_0551bb4c91465be345a06121634ce70b/node_modules/@expo/vector-icons/build/vendor/react-native-vector-icons/Fonts/MaterialCommunityIcons.6e435534bd35da5fef04168860a9b8fa.ttf
 HTTP  7/3/2026 4:48:08 pm ::1 Returned 304 in 3 ms
 HTTP  7/3/2026 4:48:09 pm ::1 GET /more/staff
 HTTP  7/3/2026 4:48:09 pm ::1 Returned 200 in 3 ms
 HTTP  7/3/2026 4:48:09 pm ::1 GET /_expo/static/js/web/entry-90d754d55e2b0ff395b17ba7c0113c04.js
 HTTP  7/3/2026 4:48:09 pm ::1 Returned 304 in 1 ms
 HTTP  7/3/2026 4:48:10 pm ::1 GET /assets/assets/images/logo-glow.dbca075a49dc45e550c5d2e3e9601039.png
 HTTP  7/3/2026 4:48:10 pm ::1 Returned 304 in 2 ms
 HTTP  7/3/2026 4:48:10 pm ::1 HEAD /
 HTTP  7/3/2026 4:48:10 pm ::1 HEAD /
 HTTP  7/3/2026 4:48:10 pm ::1 Returned 200 in 3 ms
 HTTP  7/3/2026 4:48:10 pm ::1 Returned 200 in 2 ms
 HTTP  7/3/2026 4:48:10 pm ::1 GET /assets/node_modules/.pnpm/@expo+vector-icons@15.1.1_e_0551bb4c91465be345a06121634ce70b/node_modules/@expo/vector-icons/build/vendor/react-native-vector-icons/Fonts/MaterialCommunityIcons.6e435534bd35da5fef04168860a9b8fa.ttf
 HTTP  7/3/2026 4:48:10 pm ::1 Returned 304 in 2 ms
 HTTP  7/3/2026 4:48:11 pm ::1 GET /more/operations
 HTTP  7/3/2026 4:48:11 pm ::1 Returned 200 in 2 ms
 HTTP  7/3/2026 4:48:11 pm ::1 GET /_expo/static/js/web/entry-90d754d55e2b0ff395b17ba7c0113c04.js
 HTTP  7/3/2026 4:48:11 pm ::1 Returned 304 in 2 ms
 HTTP  7/3/2026 4:48:11 pm ::1 GET /assets/assets/images/logo-glow.dbca075a49dc45e550c5d2e3e9601039.png
 HTTP  7/3/2026 4:48:11 pm ::1 Returned 304 in 2 ms
 HTTP  7/3/2026 4:48:11 pm ::1 HEAD /
 HTTP  7/3/2026 4:48:11 pm ::1 HEAD /
 HTTP  7/3/2026 4:48:11 pm ::1 Returned 200 in 3 ms
 HTTP  7/3/2026 4:48:11 pm ::1 Returned 200 in 3 ms
 HTTP  7/3/2026 4:48:11 pm ::1 GET /assets/node_modules/.pnpm/@expo+vector-icons@15.1.1_e_0551bb4c91465be345a06121634ce70b/node_modules/@expo/vector-icons/build/vendor/react-native-vector-icons/Fonts/MaterialCommunityIcons.6e435534bd35da5fef04168860a9b8fa.ttf
 HTTP  7/3/2026 4:48:11 pm ::1 Returned 304 in 2 ms
 HTTP  7/3/2026 4:48:12 pm ::1 GET /more/announcements
 HTTP  7/3/2026 4:48:12 pm ::1 Returned 200 in 2 ms
 HTTP  7/3/2026 4:48:12 pm ::1 GET /_expo/static/js/web/entry-90d754d55e2b0ff395b17ba7c0113c04.js
 HTTP  7/3/2026 4:48:12 pm ::1 Returned 304 in 1 ms
 HTTP  7/3/2026 4:48:12 pm ::1 GET /assets/assets/images/logo-glow.dbca075a49dc45e550c5d2e3e9601039.png
 HTTP  7/3/2026 4:48:12 pm ::1 HEAD /
 HTTP  7/3/2026 4:48:12 pm ::1 Returned 304 in 3 ms
 HTTP  7/3/2026 4:48:12 pm ::1 HEAD /
 HTTP  7/3/2026 4:48:12 pm ::1 Returned 200 in 5 ms
 HTTP  7/3/2026 4:48:12 pm ::1 Returned 200 in 2 ms
 HTTP  7/3/2026 4:48:12 pm ::1 GET /assets/node_modules/.pnpm/@expo+vector-icons@15.1.1_e_0551bb4c91465be345a06121634ce70b/node_modules/@expo/vector-icons/build/vendor/react-native-vector-icons/Fonts/MaterialCommunityIcons.6e435534bd35da5fef04168860a9b8fa.ttf
 HTTP  7/3/2026 4:48:12 pm ::1 Returned 304 in 1 ms
 HTTP  7/3/2026 4:48:13 pm ::1 GET /more/sync
 HTTP  7/3/2026 4:48:13 pm ::1 Returned 200 in 2 ms
 HTTP  7/3/2026 4:48:13 pm ::1 GET /_expo/static/js/web/entry-90d754d55e2b0ff395b17ba7c0113c04.js
 HTTP  7/3/2026 4:48:13 pm ::1 Returned 304 in 2 ms
 HTTP  7/3/2026 4:48:13 pm ::1 GET /assets/assets/images/logo-glow.dbca075a49dc45e550c5d2e3e9601039.png
 HTTP  7/3/2026 4:48:13 pm ::1 Returned 304 in 2 ms
 HTTP  7/3/2026 4:48:13 pm ::1 HEAD /
 HTTP  7/3/2026 4:48:13 pm ::1 HEAD /
 HTTP  7/3/2026 4:48:13 pm ::1 Returned 200 in 2 ms
 HTTP  7/3/2026 4:48:13 pm ::1 Returned 200 in 3 ms
 HTTP  7/3/2026 4:48:13 pm ::1 GET /assets/node_modules/.pnpm/@expo+vector-icons@15.1.1_e_0551bb4c91465be345a06121634ce70b/node_modules/@expo/vector-icons/build/vendor/react-native-vector-icons/Fonts/MaterialCommunityIcons.6e435534bd35da5fef04168860a9b8fa.ttf
 HTTP  7/3/2026 4:48:13 pm ::1 Returned 304 in 1 ms
 HTTP  7/3/2026 4:48:14 pm ::1 GET /more/printing
 HTTP  7/3/2026 4:48:14 pm ::1 Returned 200 in 2 ms
 HTTP  7/3/2026 4:48:14 pm ::1 GET /_expo/static/js/web/entry-90d754d55e2b0ff395b17ba7c0113c04.js
 HTTP  7/3/2026 4:48:14 pm ::1 Returned 304 in 1 ms
 HTTP  7/3/2026 4:48:14 pm ::1 GET /assets/assets/images/logo-glow.dbca075a49dc45e550c5d2e3e9601039.png
 HTTP  7/3/2026 4:48:14 pm ::1 Returned 304 in 2 ms
 HTTP  7/3/2026 4:48:14 pm ::1 HEAD /
 HTTP  7/3/2026 4:48:14 pm ::1 HEAD /
 HTTP  7/3/2026 4:48:14 pm ::1 Returned 200 in 2 ms
 HTTP  7/3/2026 4:48:14 pm ::1 Returned 200 in 2 ms
 HTTP  7/3/2026 4:48:14 pm ::1 GET /assets/node_modules/.pnpm/@expo+vector-icons@15.1.1_e_0551bb4c91465be345a06121634ce70b/node_modules/@expo/vector-icons/build/vendor/react-native-vector-icons/Fonts/MaterialCommunityIcons.6e435534bd35da5fef04168860a9b8fa.ttf
 HTTP  7/3/2026 4:48:14 pm ::1 Returned 304 in 2 ms
 HTTP  7/3/2026 4:48:15 pm ::1 GET /more/subscription
 HTTP  7/3/2026 4:48:15 pm ::1 Returned 200 in 1 ms
 HTTP  7/3/2026 4:48:15 pm ::1 GET /_expo/static/js/web/entry-90d754d55e2b0ff395b17ba7c0113c04.js
 HTTP  7/3/2026 4:48:15 pm ::1 Returned 304 in 1 ms
 HTTP  7/3/2026 4:48:15 pm ::1 GET /assets/assets/images/logo-glow.dbca075a49dc45e550c5d2e3e9601039.png
 HTTP  7/3/2026 4:48:15 pm ::1 HEAD /
 HTTP  7/3/2026 4:48:15 pm ::1 Returned 304 in 4 ms
 HTTP  7/3/2026 4:48:15 pm ::1 HEAD /
 HTTP  7/3/2026 4:48:15 pm ::1 Returned 200 in 4 ms
 HTTP  7/3/2026 4:48:15 pm ::1 Returned 200 in 2 ms
 HTTP  7/3/2026 4:48:15 pm ::1 GET /assets/node_modules/.pnpm/@expo+vector-icons@15.1.1_e_0551bb4c91465be345a06121634ce70b/node_modules/@expo/vector-icons/build/vendor/react-native-vector-icons/Fonts/MaterialCommunityIcons.6e435534bd35da5fef04168860a9b8fa.ttf
 HTTP  7/3/2026 4:48:15 pm ::1 Returned 304 in 2 ms
 HTTP  7/3/2026 4:48:16 pm ::1 GET /more/screen-directory
 HTTP  7/3/2026 4:48:16 pm ::1 Returned 200 in 1 ms
 HTTP  7/3/2026 4:48:16 pm ::1 GET /_expo/static/js/web/entry-90d754d55e2b0ff395b17ba7c0113c04.js
 HTTP  7/3/2026 4:48:16 pm ::1 Returned 304 in 2 ms
 HTTP  7/3/2026 4:48:16 pm ::1 GET /assets/assets/images/logo-glow.dbca075a49dc45e550c5d2e3e9601039.png
 HTTP  7/3/2026 4:48:16 pm ::1 Returned 304 in 2 ms
 HTTP  7/3/2026 4:48:16 pm ::1 HEAD /
 HTTP  7/3/2026 4:48:17 pm ::1 HEAD /
 HTTP  7/3/2026 4:48:16 pm ::1 Returned 200 in 3 ms
 HTTP  7/3/2026 4:48:17 pm ::1 Returned 200 in 3 ms
 HTTP  7/3/2026 4:48:17 pm ::1 GET /assets/node_modules/.pnpm/@expo+vector-icons@15.1.1_e_0551bb4c91465be345a06121634ce70b/node_modules/@expo/vector-icons/build/vendor/react-native-vector-icons/Fonts/MaterialCommunityIcons.6e435534bd35da5fef04168860a9b8fa.ttf
 HTTP  7/3/2026 4:48:17 pm ::1 Returned 304 in 2 ms
 HTTP  7/3/2026 4:48:17 pm ::1 GET /legal
 HTTP  7/3/2026 4:48:17 pm ::1 Returned 200 in 1 ms
 HTTP  7/3/2026 4:48:17 pm ::1 GET /_expo/static/js/web/entry-90d754d55e2b0ff395b17ba7c0113c04.js
 HTTP  7/3/2026 4:48:17 pm ::1 Returned 304 in 2 ms
 HTTP  7/3/2026 4:48:18 pm ::1 GET /assets/assets/images/logo-glow.dbca075a49dc45e550c5d2e3e9601039.png
 HTTP  7/3/2026 4:48:18 pm ::1 Returned 304 in 2 ms
 HTTP  7/3/2026 4:48:18 pm ::1 HEAD /
 HTTP  7/3/2026 4:48:18 pm ::1 Returned 200 in 2 ms
 HTTP  7/3/2026 4:48:18 pm ::1 HEAD /
 HTTP  7/3/2026 4:48:18 pm ::1 Returned 200 in 4 ms
 HTTP  7/3/2026 4:48:18 pm ::1 GET /assets/node_modules/.pnpm/@expo+vector-icons@15.1.1_e_0551bb4c91465be345a06121634ce70b/node_modules/@expo/vector-icons/build/vendor/react-native-vector-icons/Fonts/MaterialCommunityIcons.6e435534bd35da5fef04168860a9b8fa.ttf
 HTTP  7/3/2026 4:48:18 pm ::1 Returned 304 in 2 ms
 HTTP  7/3/2026 4:48:18 pm ::1 GET /legal/terms
 HTTP  7/3/2026 4:48:18 pm ::1 Returned 200 in 3 ms
 HTTP  7/3/2026 4:48:18 pm ::1 GET /_expo/static/js/web/entry-90d754d55e2b0ff395b17ba7c0113c04.js
 HTTP  7/3/2026 4:48:18 pm ::1 Returned 304 in 5 ms
 HTTP  7/3/2026 4:48:18 pm ::1 GET /assets/assets/images/logo-glow.dbca075a49dc45e550c5d2e3e9601039.png
 HTTP  7/3/2026 4:48:18 pm ::1 Returned 304 in 2 ms
 HTTP  7/3/2026 4:48:18 pm ::1 HEAD /
 HTTP  7/3/2026 4:48:18 pm ::1 HEAD /
 HTTP  7/3/2026 4:48:18 pm ::1 Returned 200 in 2 ms
 HTTP  7/3/2026 4:48:18 pm ::1 Returned 200 in 2 ms
 HTTP  7/3/2026 4:48:18 pm ::1 GET /assets/node_modules/.pnpm/@expo+vector-icons@15.1.1_e_0551bb4c91465be345a06121634ce70b/node_modules/@expo/vector-icons/build/vendor/react-native-vector-icons/Fonts/MaterialCommunityIcons.6e435534bd35da5fef04168860a9b8fa.ttf
 HTTP  7/3/2026 4:48:18 pm ::1 Returned 304 in 2 ms
 HTTP  7/3/2026 4:48:19 pm ::1 GET /legal/privacy
 HTTP  7/3/2026 4:48:19 pm ::1 Returned 200 in 1 ms
 HTTP  7/3/2026 4:48:19 pm ::1 GET /_expo/static/js/web/entry-90d754d55e2b0ff395b17ba7c0113c04.js
 HTTP  7/3/2026 4:48:19 pm ::1 Returned 304 in 1 ms
 HTTP  7/3/2026 4:48:19 pm ::1 GET /assets/assets/images/logo-glow.dbca075a49dc45e550c5d2e3e9601039.png
 HTTP  7/3/2026 4:48:19 pm ::1 HEAD /
 HTTP  7/3/2026 4:48:19 pm ::1 Returned 304 in 4 ms
 HTTP  7/3/2026 4:48:19 pm ::1 HEAD /
 HTTP  7/3/2026 4:48:19 pm ::1 Returned 200 in 5 ms
 HTTP  7/3/2026 4:48:19 pm ::1 Returned 200 in 4 ms
 HTTP  7/3/2026 4:48:19 pm ::1 GET /assets/node_modules/.pnpm/@expo+vector-icons@15.1.1_e_0551bb4c91465be345a06121634ce70b/node_modules/@expo/vector-icons/build/vendor/react-native-vector-icons/Fonts/MaterialCommunityIcons.6e435534bd35da5fef04168860a9b8fa.ttf
 HTTP  7/3/2026 4:48:19 pm ::1 Returned 304 in 2 ms
 HTTP  7/3/2026 4:48:20 pm ::1 GET /legal/changelog
 HTTP  7/3/2026 4:48:20 pm ::1 Returned 200 in 2 ms
 HTTP  7/3/2026 4:48:20 pm ::1 GET /_expo/static/js/web/entry-90d754d55e2b0ff395b17ba7c0113c04.js
 HTTP  7/3/2026 4:48:20 pm ::1 Returned 304 in 2 ms
 HTTP  7/3/2026 4:48:20 pm ::1 GET /assets/assets/images/logo-glow.dbca075a49dc45e550c5d2e3e9601039.png
 HTTP  7/3/2026 4:48:20 pm ::1 Returned 304 in 2 ms
 HTTP  7/3/2026 4:48:20 pm ::1 HEAD /
 HTTP  7/3/2026 4:48:20 pm ::1 HEAD /
 HTTP  7/3/2026 4:48:20 pm ::1 Returned 200 in 3 ms
 HTTP  7/3/2026 4:48:20 pm ::1 Returned 200 in 3 ms
 HTTP  7/3/2026 4:48:20 pm ::1 GET /assets/node_modules/.pnpm/@expo+vector-icons@15.1.1_e_0551bb4c91465be345a06121634ce70b/node_modules/@expo/vector-icons/build/vendor/react-native-vector-icons/Fonts/MaterialCommunityIcons.6e435534bd35da5fef04168860a9b8fa.ttf
 HTTP  7/3/2026 4:48:20 pm ::1 Returned 304 in 2 ms
 HTTP  7/3/2026 4:48:21 pm ::1 GET /legal/about
 HTTP  7/3/2026 4:48:21 pm ::1 Returned 200 in 2 ms
 HTTP  7/3/2026 4:48:21 pm ::1 GET /_expo/static/js/web/entry-90d754d55e2b0ff395b17ba7c0113c04.js
 HTTP  7/3/2026 4:48:21 pm ::1 Returned 304 in 2 ms
 HTTP  7/3/2026 4:48:21 pm ::1 GET /assets/assets/images/logo-glow.dbca075a49dc45e550c5d2e3e9601039.png
 HTTP  7/3/2026 4:48:21 pm ::1 Returned 304 in 2 ms
 HTTP  7/3/2026 4:48:21 pm ::1 HEAD /
 HTTP  7/3/2026 4:48:21 pm ::1 HEAD /
 HTTP  7/3/2026 4:48:21 pm ::1 Returned 200 in 3 ms
 HTTP  7/3/2026 4:48:21 pm ::1 Returned 200 in 2 ms
 HTTP  7/3/2026 4:48:21 pm ::1 GET /assets/node_modules/.pnpm/@expo+vector-icons@15.1.1_e_0551bb4c91465be345a06121634ce70b/node_modules/@expo/vector-icons/build/vendor/react-native-vector-icons/Fonts/MaterialCommunityIcons.6e435534bd35da5fef04168860a9b8fa.ttf
 HTTP  7/3/2026 4:48:21 pm ::1 Returned 304 in 1 ms
 HTTP  7/3/2026 4:48:22 pm ::1 GET /scan?target=stock
 HTTP  7/3/2026 4:48:22 pm ::1 Returned 200 in 2 ms
 HTTP  7/3/2026 4:48:22 pm ::1 GET /_expo/static/js/web/entry-90d754d55e2b0ff395b17ba7c0113c04.js
 HTTP  7/3/2026 4:48:22 pm ::1 Returned 304 in 2 ms
 HTTP  7/3/2026 4:48:22 pm ::1 GET /assets/assets/images/logo-glow.dbca075a49dc45e550c5d2e3e9601039.png
 HTTP  7/3/2026 4:48:22 pm ::1 HEAD /
 HTTP  7/3/2026 4:48:22 pm ::1 Returned 304 in 2 ms
 HTTP  7/3/2026 4:48:22 pm ::1 HEAD /
 HTTP  7/3/2026 4:48:22 pm ::1 Returned 200 in 4 ms
 HTTP  7/3/2026 4:48:22 pm ::1 Returned 200 in 2 ms
 HTTP  7/3/2026 4:49:22 pm ::1 HEAD /
 HTTP  7/3/2026 4:49:22 pm ::1 Returned 200 in 4 ms
 HTTP  7/3/2026 4:49:36 pm ::1 GET /assets/node_modules/.pnpm/@expo+vector-icons@15.1.1_e_0551bb4c91465be345a06121634ce70b/node_modules/@expo/vector-icons/build/vendor/react-native-vector-icons/Fonts/MaterialCommunityIcons.6e435534bd35da5fef04168860a9b8fa.ttf
 HTTP  7/3/2026 4:49:36 pm ::1 Returned 304 in 6 ms
 HTTP  7/3/2026 4:49:37 pm ::1 GET /_expo/static/js/web/index-a46053c3340bcd8b4bc08091321d7781.js
 HTTP  7/3/2026 4:49:37 pm ::1 Returned 200 in 14 ms
 HTTP  7/3/2026 4:50:22 pm ::1 HEAD /
 HTTP  7/3/2026 4:50:22 pm ::1 Returned 200 in 4 ms
 HTTP  7/3/2026 4:51:22 pm ::1 HEAD /
 HTTP  7/3/2026 4:51:22 pm ::1 Returned 200 in 3 ms
 HTTP  7/3/2026 4:52:22 pm ::1 HEAD /
 HTTP  7/3/2026 4:52:22 pm ::1 Returned 200 in 2 ms
 HTTP  7/3/2026 4:53:22 pm ::1 HEAD /
 HTTP  7/3/2026 4:53:22 pm ::1 Returned 200 in 2 ms
 HTTP  7/3/2026 4:54:22 pm ::1 HEAD /
 HTTP  7/3/2026 4:54:22 pm ::1 Returned 200 in 2 ms
 HTTP  7/3/2026 4:55:22 pm ::1 HEAD /
 HTTP  7/3/2026 4:55:22 pm ::1 Returned 200 in 17 ms
 HTTP  7/3/2026 4:56:22 pm ::1 HEAD /
 HTTP  7/3/2026 4:56:22 pm ::1 Returned 200 in 26 ms
 HTTP  7/3/2026 4:57:27 pm ::1 HEAD /
 HTTP  7/3/2026 4:57:27 pm ::1 Returned 200 in 109 ms
 HTTP  7/3/2026 4:57:37 pm ::1 HEAD /
 HTTP  7/3/2026 4:57:37 pm ::1 Returned 200 in 16 ms
 HTTP  7/3/2026 4:57:38 pm ::1 HEAD /
 HTTP  7/3/2026 4:57:38 pm ::1 Returned 200 in 16 ms
 HTTP  7/3/2026 4:58:39 pm ::1 HEAD /
 HTTP  7/3/2026 4:58:39 pm ::1 Returned 200 in 116 ms
 HTTP  7/3/2026 4:59:14 pm ::1 HEAD /
 HTTP  7/3/2026 4:59:14 pm ::1 Returned 200 in 4 ms
 HTTP  7/3/2026 5:00:14 pm ::1 HEAD /
 HTTP  7/3/2026 5:00:14 pm ::1 Returned 200 in 2 ms
 HTTP  7/3/2026 5:00:15 pm ::1 GET /.well-known/appspecific/com.chrome.devtools.json
 HTTP  7/3/2026 5:00:15 pm ::1 Returned 200 in 9 ms
 HTTP  7/3/2026 5:10:36 pm ::1 GET /
 HTTP  7/3/2026 5:10:36 pm ::1 Returned 200 in 28 ms
 HTTP  7/3/2026 5:10:36 pm ::1 GET /_expo/static/js/web/entry-d6b311123318afe3be416ea9fb41b065.js
 HTTP  7/3/2026 5:10:36 pm ::1 Returned 200 in 24 ms
 HTTP  7/3/2026 5:10:37 pm ::1 GET /assets/assets/images/logo-glow.dbca075a49dc45e550c5d2e3e9601039.png
 HTTP  7/3/2026 5:10:37 pm ::1 HEAD /
 HTTP  7/3/2026 5:10:37 pm ::1 Returned 304 in 3 ms
 HTTP  7/3/2026 5:10:37 pm ::1 HEAD /
 HTTP  7/3/2026 5:10:37 pm ::1 Returned 304 in 1 ms
 HTTP  7/3/2026 5:10:37 pm ::1 Returned 304 in 9 ms
 HTTP  7/3/2026 5:10:37 pm ::1 GET /assets/assets/images/icon.60bae712bdd8adad2bc0ac5d33ad0531.png
 HTTP  7/3/2026 5:10:37 pm ::1 Returned 304 in 8 ms
 HTTP  7/3/2026 5:10:37 pm ::1 HEAD /
 HTTP  7/3/2026 5:10:37 pm ::1 Returned 200 in 2 ms
 HTTP  7/3/2026 5:11:28 pm ::1 HEAD /
 HTTP  7/3/2026 5:11:28 pm ::1 Returned 200 in 2 ms
 HTTP  7/3/2026 5:12:02 pm ::1 HEAD /
 HTTP  7/3/2026 5:12:02 pm ::1 HEAD /
 HTTP  7/3/2026 5:12:02 pm ::1 Returned 200 in 5 ms
 HTTP  7/3/2026 5:12:02 pm ::1 Returned 200 in 4 ms
 HTTP  7/3/2026 5:13:02 pm ::1 HEAD /
 HTTP  7/3/2026 5:13:02 pm ::1 Returned 200 in 4 ms
 HTTP  7/3/2026 5:13:23 pm ::1 HEAD /
 HTTP  7/3/2026 5:13:23 pm ::1 Returned 200 in 2 ms
 HTTP  7/3/2026 5:13:55 pm ::1 GET /
 HTTP  7/3/2026 5:13:55 pm ::1 Returned 200 in 3 ms
 HTTP  7/3/2026 5:13:55 pm ::1 GET /_expo/static/js/web/entry-d6b311123318afe3be416ea9fb41b065.js
 HTTP  7/3/2026 5:13:55 pm ::1 Returned 200 in 1 ms
 HTTP  7/3/2026 5:13:55 pm ::1 GET /assets/assets/images/logo-glow.dbca075a49dc45e550c5d2e3e9601039.png
 HTTP  7/3/2026 5:13:55 pm ::1 Returned 200 in 2 ms
 HTTP  7/3/2026 5:13:55 pm ::1 HEAD /
 HTTP  7/3/2026 5:13:55 pm ::1 Returned 200 in 2 ms
 HTTP  7/3/2026 5:13:55 pm ::1 GET /assets/assets/images/icon.60bae712bdd8adad2bc0ac5d33ad0531.png
 HTTP  7/3/2026 5:13:55 pm ::1 Returned 200 in 1 ms
 HTTP  7/3/2026 5:13:56 pm ::1 GET /billing
 HTTP  7/3/2026 5:13:56 pm ::1 Returned 200 in 1 ms
 HTTP  7/3/2026 5:13:56 pm ::1 HEAD /
 HTTP  7/3/2026 5:13:56 pm ::1 Returned 200 in 2 ms
 HTTP  7/3/2026 5:13:56 pm ::1 GET /_expo/static/js/web/entry-d6b311123318afe3be416ea9fb41b065.js
 HTTP  7/3/2026 5:13:56 pm ::1 Returned 200 in 3 ms
 HTTP  7/3/2026 5:13:56 pm ::1 GET /assets/assets/images/logo-glow.dbca075a49dc45e550c5d2e3e9601039.png
 HTTP  7/3/2026 5:13:56 pm ::1 Returned 200 in 3 ms
 HTTP  7/3/2026 5:13:56 pm ::1 HEAD /
 HTTP  7/3/2026 5:13:56 pm ::1 Returned 200 in 3 ms
 HTTP  7/3/2026 5:13:56 pm ::1 GET /assets/node_modules/.pnpm/@expo+vector-icons@15.1.1_e_0551bb4c91465be345a06121634ce70b/node_modules/@expo/vector-icons/build/vendor/react-native-vector-icons/Fonts/MaterialCommunityIcons.6e435534bd35da5fef04168860a9b8fa.ttf
 HTTP  7/3/2026 5:13:56 pm ::1 Returned 200 in 6 ms
 HTTP  7/3/2026 5:13:56 pm ::1 GET /assets/assets/images/logo-glow.dbca075a49dc45e550c5d2e3e9601039.png
 HTTP  7/3/2026 5:13:56 pm ::1 Returned 200 in 2 ms
 HTTP  7/3/2026 5:18:35 pm ::1 GET /
 HTTP  7/3/2026 5:18:35 pm ::1 Returned 200 in 17 ms
 HTTP  7/3/2026 5:18:35 pm ::1 GET /_expo/static/js/web/entry-d6b311123318afe3be416ea9fb41b065.js
 HTTP  7/3/2026 5:18:35 pm ::1 Returned 200 in 3 ms
 HTTP  7/3/2026 5:18:36 pm ::1 GET /favicon.ico
 HTTP  7/3/2026 5:18:36 pm ::1 Returned 200 in 4 ms
 HTTP  7/3/2026 5:18:36 pm ::1 GET /assets/assets/images/logo-glow.dbca075a49dc45e550c5d2e3e9601039.png
 HTTP  7/3/2026 5:18:36 pm ::1 Returned 200 in 2 ms
 HTTP  7/3/2026 5:18:36 pm ::1 HEAD /
 HTTP  7/3/2026 5:18:36 pm ::1 Returned 304 in 2 ms
 HTTP  7/3/2026 5:18:36 pm ::1 HEAD /
 HTTP  7/3/2026 5:18:36 pm ::1 Returned 304 in 2 ms
 HTTP  7/3/2026 5:18:36 pm ::1 GET /assets/assets/images/icon.60bae712bdd8adad2bc0ac5d33ad0531.png
 HTTP  7/3/2026 5:18:36 pm ::1 Returned 200 in 2 ms
 HTTP  7/3/2026 5:18:36 pm ::1 GET /favicon.ico
 HTTP  7/3/2026 5:18:36 pm ::1 Returned 304 in 5 ms
 HTTP  7/3/2026 5:18:37 pm ::1 HEAD /
 HTTP  7/3/2026 5:18:37 pm ::1 HEAD /
 HTTP  7/3/2026 5:18:37 pm ::1 Returned 304 in 4 ms
 HTTP  7/3/2026 5:18:37 pm ::1 Returned 200 in 1 ms
 HTTP  7/3/2026 5:18:38 pm ::1 HEAD /
 HTTP  7/3/2026 5:18:38 pm ::1 Returned 200 in 2 ms
 HTTP  7/3/2026 5:18:38 pm ::1 HEAD /
 HTTP  7/3/2026 5:18:38 pm ::1 Returned 200 in 1 ms
 HTTP  7/3/2026 5:19:38 pm ::1 HEAD /
 HTTP  7/3/2026 5:19:38 pm ::1 Returned 200 in 3 ms
 HTTP  7/3/2026 5:20:05 pm ::1 HEAD /
 HTTP  7/3/2026 5:20:05 pm ::1 Returned 200 in 3 ms
 HTTP  7/3/2026 5:20:05 pm ::1 HEAD /
 HTTP  7/3/2026 5:20:05 pm ::1 Returned 200 in 1 ms
 HTTP  7/3/2026 5:20:32 pm ::1 HEAD /
 HTTP  7/3/2026 5:20:32 pm ::1 Returned 200 in 4 ms
 HTTP  7/3/2026 5:20:32 pm ::1 HEAD /
 HTTP  7/3/2026 5:20:32 pm ::1 Returned 200 in 1 ms
 HTTP  7/3/2026 5:21:03 pm ::1 HEAD /
 HTTP  7/3/2026 5:21:03 pm ::1 Returned 200 in 5 ms
 HTTP  7/3/2026 5:21:03 pm ::1 HEAD /
 HTTP  7/3/2026 5:21:03 pm ::1 Returned 200 in 2 ms
 HTTP  7/3/2026 5:22:03 pm ::1 HEAD /
 HTTP  7/3/2026 5:22:03 pm ::1 Returned 200 in 1 ms
 HTTP  7/3/2026 5:23:03 pm ::1 HEAD /
 HTTP  7/3/2026 5:23:03 pm ::1 Returned 200 in 3 ms
 HTTP  7/3/2026 5:24:03 pm ::1 HEAD /
 HTTP  7/3/2026 5:24:03 pm ::1 Returned 200 in 4 ms
 HTTP  7/3/2026 5:25:03 pm ::1 HEAD /
 HTTP  7/3/2026 5:25:03 pm ::1 Returned 200 in 2 ms
 HTTP  7/3/2026 5:26:03 pm ::1 HEAD /
 HTTP  7/3/2026 5:26:03 pm ::1 Returned 200 in 4 ms
 HTTP  7/3/2026 5:27:03 pm ::1 HEAD /
 HTTP  7/3/2026 5:27:03 pm ::1 Returned 200 in 4 ms
 HTTP  7/3/2026 5:28:03 pm ::1 HEAD /
 HTTP  7/3/2026 5:28:03 pm ::1 Returned 200 in 2 ms
 HTTP  7/3/2026 5:28:09 pm ::1 GET /login
 HTTP  7/3/2026 5:28:09 pm ::1 Returned 200 in 9 ms
 HTTP  7/3/2026 5:28:09 pm ::1 GET /_expo/static/js/web/entry-d6b311123318afe3be416ea9fb41b065.js
 HTTP  7/3/2026 5:28:09 pm ::1 Returned 200 in 3 ms
 HTTP  7/3/2026 5:28:10 pm ::1 GET /favicon.ico
 HTTP  7/3/2026 5:28:10 pm ::1 Returned 200 in 2 ms
 HTTP  7/3/2026 5:28:10 pm ::1 GET /assets/assets/images/logo-glow.dbca075a49dc45e550c5d2e3e9601039.png
 HTTP  7/3/2026 5:28:10 pm ::1 Returned 200 in 2 ms
 HTTP  7/3/2026 5:28:10 pm ::1 HEAD /
 HTTP  7/3/2026 5:28:10 pm ::1 HEAD /
 HTTP  7/3/2026 5:28:10 pm ::1 Returned 200 in 4 ms
 HTTP  7/3/2026 5:28:10 pm ::1 Returned 200 in 7 ms
 HTTP  7/3/2026 5:28:10 pm ::1 GET /assets/assets/images/icon.60bae712bdd8adad2bc0ac5d33ad0531.png
 HTTP  7/3/2026 5:28:10 pm ::1 Returned 200 in 1 ms
 HTTP  7/3/2026 5:29:03 pm ::1 HEAD /
 HTTP  7/3/2026 5:29:03 pm ::1 Returned 200 in 2 ms
 HTTP  7/3/2026 5:29:10 pm ::1 HEAD /
 HTTP  7/3/2026 5:29:10 pm ::1 Returned 200 in 1 ms
 HTTP  7/3/2026 5:29:34 pm ::1 HEAD /
 HTTP  7/3/2026 5:29:34 pm ::1 Returned 200 in 2 ms
 HTTP  7/3/2026 5:30:03 pm ::1 HEAD /
 HTTP  7/3/2026 5:30:03 pm ::1 Returned 200 in 3 ms
 HTTP  7/3/2026 5:30:34 pm ::1 HEAD /
 HTTP  7/3/2026 5:30:34 pm ::1 Returned 200 in 1 ms
 HTTP  7/3/2026 5:31:03 pm ::1 HEAD /
 HTTP  7/3/2026 5:31:03 pm ::1 Returned 200 in 2 ms
 HTTP  7/3/2026 5:31:34 pm ::1 HEAD /
 HTTP  7/3/2026 5:31:34 pm ::1 Returned 200 in 2 ms
 HTTP  7/3/2026 5:32:03 pm ::1 HEAD /
 HTTP  7/3/2026 5:32:03 pm ::1 Returned 200 in 3 ms
 HTTP  7/3/2026 5:32:34 pm ::1 HEAD /
 HTTP  7/3/2026 5:32:34 pm ::1 Returned 200 in 3 ms
 HTTP  7/3/2026 5:33:03 pm ::1 HEAD /
 HTTP  7/3/2026 5:33:03 pm ::1 Returned 200 in 1 ms
 HTTP  7/3/2026 5:33:34 pm ::1 HEAD /
 HTTP  7/3/2026 5:33:34 pm ::1 Returned 200 in 3 ms
 HTTP  7/3/2026 5:34:03 pm ::1 HEAD /
 HTTP  7/3/2026 5:34:03 pm ::1 Returned 200 in 1 ms
 HTTP  7/3/2026 5:34:34 pm ::1 HEAD /
 HTTP  7/3/2026 5:34:34 pm ::1 Returned 200 in 2 ms
 HTTP  7/3/2026 5:35:03 pm ::1 HEAD /
 HTTP  7/3/2026 5:35:03 pm ::1 Returned 200 in 2 ms
 HTTP  7/3/2026 5:35:34 pm ::1 HEAD /
 HTTP  7/3/2026 5:35:34 pm ::1 Returned 200 in 4 ms
 HTTP  7/3/2026 5:35:51 pm ::1 GET /login
 HTTP  7/3/2026 5:35:51 pm ::1 Returned 200 in 5 ms
 HTTP  7/3/2026 5:35:51 pm ::1 GET /_expo/static/js/web/entry-d6b311123318afe3be416ea9fb41b065.js
 HTTP  7/3/2026 5:35:51 pm ::1 Returned 200 in 2 ms
 HTTP  7/3/2026 5:35:52 pm ::1 GET /assets/assets/images/logo-glow.dbca075a49dc45e550c5d2e3e9601039.png
 HTTP  7/3/2026 5:35:52 pm ::1 HEAD /
 HTTP  7/3/2026 5:35:52 pm ::1 Returned 200 in 4 ms
 HTTP  7/3/2026 5:35:52 pm ::1 Returned 200 in 3 ms
 HTTP  7/3/2026 5:35:52 pm ::1 HEAD /
 HTTP  7/3/2026 5:35:52 pm ::1 Returned 200 in 3 ms
 HTTP  7/3/2026 5:35:52 pm ::1 GET /assets/assets/images/logo-glow.dbca075a49dc45e550c5d2e3e9601039.png
 HTTP  7/3/2026 5:35:52 pm ::1 GET /assets/assets/images/icon.60bae712bdd8adad2bc0ac5d33ad0531.png
 HTTP  7/3/2026 5:35:52 pm ::1 Returned 200 in 5 ms
 HTTP  7/3/2026 5:35:52 pm ::1 Returned 200 in 5 ms
 HTTP  7/3/2026 5:35:52 pm ::1 GET /business-select
 HTTP  7/3/2026 5:35:52 pm ::1 Returned 200 in 1 ms
 HTTP  7/3/2026 5:35:52 pm ::1 GET /_expo/static/js/web/entry-d6b311123318afe3be416ea9fb41b065.js
 HTTP  7/3/2026 5:35:52 pm ::1 Returned 200 in 1 ms
 HTTP  7/3/2026 5:35:52 pm ::1 GET /assets/assets/images/logo-glow.dbca075a49dc45e550c5d2e3e9601039.png
 HTTP  7/3/2026 5:35:52 pm ::1 HEAD /
 HTTP  7/3/2026 5:35:52 pm ::1 Returned 200 in 2 ms
 HTTP  7/3/2026 5:35:52 pm ::1 Returned 200 in 1 ms
 HTTP  7/3/2026 5:35:52 pm ::1 GET /assets/node_modules/.pnpm/@expo+vector-icons@15.1.1_e_0551bb4c91465be345a06121634ce70b/node_modules/@expo/vector-icons/build/vendor/react-native-vector-icons/Fonts/MaterialCommunityIcons.6e435534bd35da5fef04168860a9b8fa.ttf
 HTTP  7/3/2026 5:35:52 pm ::1 Returned 200 in 2 ms
 HTTP  7/3/2026 5:35:52 pm ::1 GET /assets/assets/images/logo-glow.dbca075a49dc45e550c5d2e3e9601039.png
 HTTP  7/3/2026 5:35:52 pm ::1 Returned 200 in 2 ms
 HTTP  7/3/2026 5:35:52 pm ::1 GET /
 HTTP  7/3/2026 5:35:52 pm ::1 Returned 200 in 2 ms
 HTTP  7/3/2026 5:35:52 pm ::1 GET /_expo/static/js/web/entry-d6b311123318afe3be416ea9fb41b065.js
 HTTP  7/3/2026 5:35:52 pm ::1 Returned 200 in 2 ms
 HTTP  7/3/2026 5:35:53 pm ::1 GET /assets/assets/images/logo-glow.dbca075a49dc45e550c5d2e3e9601039.png
 HTTP  7/3/2026 5:35:53 pm ::1 HEAD /
 HTTP  7/3/2026 5:35:53 pm ::1 Returned 200 in 2 ms
 HTTP  7/3/2026 5:35:53 pm ::1 Returned 200 in 2 ms
 HTTP  7/3/2026 5:35:53 pm ::1 GET /assets/assets/images/icon.60bae712bdd8adad2bc0ac5d33ad0531.png
 HTTP  7/3/2026 5:35:53 pm ::1 Returned 200 in 2 ms
 HTTP  7/3/2026 5:35:53 pm ::1 GET /billing
 HTTP  7/3/2026 5:35:53 pm ::1 Returned 200 in 2 ms
 HTTP  7/3/2026 5:35:53 pm ::1 GET /_expo/static/js/web/entry-d6b311123318afe3be416ea9fb41b065.js
 HTTP  7/3/2026 5:35:53 pm ::1 Returned 200 in 1 ms
 HTTP  7/3/2026 5:35:53 pm ::1 GET /assets/assets/images/logo-glow.dbca075a49dc45e550c5d2e3e9601039.png
 HTTP  7/3/2026 5:35:53 pm ::1 HEAD /
 HTTP  7/3/2026 5:35:53 pm ::1 Returned 200 in 3 ms
 HTTP  7/3/2026 5:35:53 pm ::1 Returned 200 in 1 ms
 HTTP  7/3/2026 5:35:53 pm ::1 GET /assets/node_modules/.pnpm/@expo+vector-icons@15.1.1_e_0551bb4c91465be345a06121634ce70b/node_modules/@expo/vector-icons/build/vendor/react-native-vector-icons/Fonts/MaterialCommunityIcons.6e435534bd35da5fef04168860a9b8fa.ttf
 HTTP  7/3/2026 5:35:53 pm ::1 Returned 200 in 1 ms
 HTTP  7/3/2026 5:35:53 pm ::1 GET /assets/assets/images/logo-glow.dbca075a49dc45e550c5d2e3e9601039.png
 HTTP  7/3/2026 5:35:53 pm ::1 Returned 200 in 3 ms
 HTTP  7/3/2026 5:35:54 pm ::1 GET /billing/inv-1
 HTTP  7/3/2026 5:35:54 pm ::1 Returned 200 in 1 ms
 HTTP  7/3/2026 5:35:54 pm ::1 GET /_expo/static/js/web/entry-d6b311123318afe3be416ea9fb41b065.js
 HTTP  7/3/2026 5:35:54 pm ::1 Returned 200 in 1 ms
 HTTP  7/3/2026 5:35:54 pm ::1 GET /assets/assets/images/logo-glow.dbca075a49dc45e550c5d2e3e9601039.png
 HTTP  7/3/2026 5:35:54 pm ::1 HEAD /
 HTTP  7/3/2026 5:35:54 pm ::1 Returned 200 in 4 ms
 HTTP  7/3/2026 5:35:54 pm ::1 Returned 200 in 3 ms
 HTTP  7/3/2026 5:35:54 pm ::1 GET /assets/node_modules/.pnpm/@expo+vector-icons@15.1.1_e_0551bb4c91465be345a06121634ce70b/node_modules/@expo/vector-icons/build/vendor/react-native-vector-icons/Fonts/MaterialCommunityIcons.6e435534bd35da5fef04168860a9b8fa.ttf
 HTTP  7/3/2026 5:35:54 pm ::1 Returned 200 in 2 ms
 HTTP  7/3/2026 5:35:54 pm ::1 GET /assets/assets/images/logo-glow.dbca075a49dc45e550c5d2e3e9601039.png
 HTTP  7/3/2026 5:35:54 pm ::1 Returned 200 in 2 ms
 HTTP  7/3/2026 5:35:54 pm ::1 GET /billing/create?type=TAX_INVOICE
 HTTP  7/3/2026 5:35:54 pm ::1 Returned 200 in 1 ms
 HTTP  7/3/2026 5:35:54 pm ::1 GET /_expo/static/js/web/entry-d6b311123318afe3be416ea9fb41b065.js
 HTTP  7/3/2026 5:35:54 pm ::1 Returned 200 in 1 ms
 HTTP  7/3/2026 5:35:55 pm ::1 GET /assets/assets/images/logo-glow.dbca075a49dc45e550c5d2e3e9601039.png
 HTTP  7/3/2026 5:35:55 pm ::1 HEAD /
 HTTP  7/3/2026 5:35:55 pm ::1 Returned 200 in 2 ms
 HTTP  7/3/2026 5:35:55 pm ::1 Returned 200 in 1 ms
 HTTP  7/3/2026 5:35:55 pm ::1 GET /assets/node_modules/.pnpm/@expo+vector-icons@15.1.1_e_0551bb4c91465be345a06121634ce70b/node_modules/@expo/vector-icons/build/vendor/react-native-vector-icons/Fonts/MaterialCommunityIcons.6e435534bd35da5fef04168860a9b8fa.ttf
 HTTP  7/3/2026 5:35:55 pm ::1 Returned 200 in 2 ms
 HTTP  7/3/2026 5:35:55 pm ::1 GET /assets/assets/images/logo-glow.dbca075a49dc45e550c5d2e3e9601039.png
 HTTP  7/3/2026 5:35:55 pm ::1 Returned 200 in 4 ms
 HTTP  7/3/2026 5:35:55 pm ::1 GET /billing/pos
 HTTP  7/3/2026 5:35:55 pm ::1 Returned 200 in 2 ms
 HTTP  7/3/2026 5:35:55 pm ::1 GET /_expo/static/js/web/entry-d6b311123318afe3be416ea9fb41b065.js
 HTTP  7/3/2026 5:35:55 pm ::1 Returned 200 in 1 ms
 HTTP  7/3/2026 5:35:55 pm ::1 GET /assets/assets/images/logo-glow.dbca075a49dc45e550c5d2e3e9601039.png
 HTTP  7/3/2026 5:35:55 pm ::1 HEAD /
 HTTP  7/3/2026 5:35:55 pm ::1 HEAD /
 HTTP  7/3/2026 5:35:55 pm ::1 Returned 200 in 5 ms
 HTTP  7/3/2026 5:35:55 pm ::1 Returned 200 in 3 ms
 HTTP  7/3/2026 5:35:55 pm ::1 Returned 200 in 3 ms
 HTTP  7/3/2026 5:35:55 pm ::1 GET /assets/node_modules/.pnpm/@expo+vector-icons@15.1.1_e_0551bb4c91465be345a06121634ce70b/node_modules/@expo/vector-icons/build/vendor/react-native-vector-icons/Fonts/MaterialCommunityIcons.6e435534bd35da5fef04168860a9b8fa.ttf
 HTTP  7/3/2026 5:35:55 pm ::1 Returned 200 in 2 ms
 HTTP  7/3/2026 5:35:55 pm ::1 GET /assets/assets/images/logo-glow.dbca075a49dc45e550c5d2e3e9601039.png
 HTTP  7/3/2026 5:35:55 pm ::1 Returned 200 in 2 ms
 HTTP  7/3/2026 5:35:56 pm ::1 GET /billing/payment-in
 HTTP  7/3/2026 5:35:56 pm ::1 Returned 200 in 1 ms
 HTTP  7/3/2026 5:35:56 pm ::1 GET /_expo/static/js/web/entry-d6b311123318afe3be416ea9fb41b065.js
 HTTP  7/3/2026 5:35:56 pm ::1 Returned 200 in 1 ms
 HTTP  7/3/2026 5:35:56 pm ::1 GET /assets/assets/images/logo-glow.dbca075a49dc45e550c5d2e3e9601039.png
 HTTP  7/3/2026 5:35:56 pm ::1 HEAD /
 HTTP  7/3/2026 5:35:56 pm ::1 Returned 200 in 2 ms
 HTTP  7/3/2026 5:35:56 pm ::1 Returned 200 in 2 ms
 HTTP  7/3/2026 5:35:56 pm ::1 GET /assets/node_modules/.pnpm/@expo+vector-icons@15.1.1_e_0551bb4c91465be345a06121634ce70b/node_modules/@expo/vector-icons/build/vendor/react-native-vector-icons/Fonts/MaterialCommunityIcons.6e435534bd35da5fef04168860a9b8fa.ttf
 HTTP  7/3/2026 5:35:56 pm ::1 Returned 200 in 2 ms
 HTTP  7/3/2026 5:35:56 pm ::1 GET /assets/assets/images/logo-glow.dbca075a49dc45e550c5d2e3e9601039.png
 HTTP  7/3/2026 5:35:56 pm ::1 Returned 200 in 2 ms
 HTTP  7/3/2026 5:35:56 pm ::1 GET /billing/payment-out
 HTTP  7/3/2026 5:35:56 pm ::1 Returned 200 in 1 ms
 HTTP  7/3/2026 5:35:56 pm ::1 GET /_expo/static/js/web/entry-d6b311123318afe3be416ea9fb41b065.js
 HTTP  7/3/2026 5:35:56 pm ::1 Returned 200 in 1 ms
 HTTP  7/3/2026 5:35:56 pm ::1 GET /assets/assets/images/logo-glow.dbca075a49dc45e550c5d2e3e9601039.png
 HTTP  7/3/2026 5:35:56 pm ::1 HEAD /
 HTTP  7/3/2026 5:35:56 pm ::1 Returned 200 in 3 ms
 HTTP  7/3/2026 5:35:56 pm ::1 Returned 200 in 2 ms
 HTTP  7/3/2026 5:35:56 pm ::1 GET /assets/node_modules/.pnpm/@expo+vector-icons@15.1.1_e_0551bb4c91465be345a06121634ce70b/node_modules/@expo/vector-icons/build/vendor/react-native-vector-icons/Fonts/MaterialCommunityIcons.6e435534bd35da5fef04168860a9b8fa.ttf
 HTTP  7/3/2026 5:35:56 pm ::1 Returned 200 in 2 ms
 HTTP  7/3/2026 5:35:56 pm ::1 GET /assets/assets/images/logo-glow.dbca075a49dc45e550c5d2e3e9601039.png
 HTTP  7/3/2026 5:35:56 pm ::1 Returned 200 in 3 ms
 HTTP  7/3/2026 5:35:57 pm ::1 GET /billing/party-select
 HTTP  7/3/2026 5:35:57 pm ::1 Returned 200 in 1 ms
 HTTP  7/3/2026 5:35:57 pm ::1 GET /_expo/static/js/web/entry-d6b311123318afe3be416ea9fb41b065.js
 HTTP  7/3/2026 5:35:57 pm ::1 Returned 200 in 1 ms
 HTTP  7/3/2026 5:35:57 pm ::1 GET /assets/assets/images/logo-glow.dbca075a49dc45e550c5d2e3e9601039.png
 HTTP  7/3/2026 5:35:57 pm ::1 HEAD /
 HTTP  7/3/2026 5:35:57 pm ::1 Returned 200 in 2 ms
 HTTP  7/3/2026 5:35:57 pm ::1 Returned 200 in 1 ms
 HTTP  7/3/2026 5:35:57 pm ::1 GET /assets/node_modules/.pnpm/@expo+vector-icons@15.1.1_e_0551bb4c91465be345a06121634ce70b/node_modules/@expo/vector-icons/build/vendor/react-native-vector-icons/Fonts/MaterialCommunityIcons.6e435534bd35da5fef04168860a9b8fa.ttf
 HTTP  7/3/2026 5:35:57 pm ::1 Returned 200 in 3 ms
 HTTP  7/3/2026 5:35:57 pm ::1 GET /assets/assets/images/logo-glow.dbca075a49dc45e550c5d2e3e9601039.png
 HTTP  7/3/2026 5:35:57 pm ::1 Returned 200 in 1 ms
 HTTP  7/3/2026 5:35:57 pm ::1 GET /inventory
 HTTP  7/3/2026 5:35:57 pm ::1 Returned 200 in 1 ms
 HTTP  7/3/2026 5:35:57 pm ::1 GET /_expo/static/js/web/entry-d6b311123318afe3be416ea9fb41b065.js
 HTTP  7/3/2026 5:35:57 pm ::1 Returned 200 in 2 ms
 HTTP  7/3/2026 5:35:58 pm ::1 GET /assets/assets/images/logo-glow.dbca075a49dc45e550c5d2e3e9601039.png
 HTTP  7/3/2026 5:35:58 pm ::1 HEAD /
 HTTP  7/3/2026 5:35:58 pm ::1 Returned 200 in 3 ms
 HTTP  7/3/2026 5:35:58 pm ::1 Returned 200 in 3 ms
 HTTP  7/3/2026 5:35:58 pm ::1 GET /assets/node_modules/.pnpm/@expo+vector-icons@15.1.1_e_0551bb4c91465be345a06121634ce70b/node_modules/@expo/vector-icons/build/vendor/react-native-vector-icons/Fonts/MaterialCommunityIcons.6e435534bd35da5fef04168860a9b8fa.ttf
 HTTP  7/3/2026 5:35:58 pm ::1 Returned 200 in 2 ms
 HTTP  7/3/2026 5:35:58 pm ::1 GET /assets/assets/images/logo-glow.dbca075a49dc45e550c5d2e3e9601039.png
 HTTP  7/3/2026 5:35:58 pm ::1 Returned 200 in 2 ms
 HTTP  7/3/2026 5:35:58 pm ::1 GET /inventory/add-item
 HTTP  7/3/2026 5:35:58 pm ::1 Returned 200 in 2 ms
 HTTP  7/3/2026 5:35:58 pm ::1 GET /_expo/static/js/web/entry-d6b311123318afe3be416ea9fb41b065.js
 HTTP  7/3/2026 5:35:58 pm ::1 Returned 200 in 2 ms
 HTTP  7/3/2026 5:35:58 pm ::1 GET /assets/assets/images/logo-glow.dbca075a49dc45e550c5d2e3e9601039.png
 HTTP  7/3/2026 5:35:58 pm ::1 HEAD /
 HTTP  7/3/2026 5:35:58 pm ::1 Returned 200 in 3 ms
 HTTP  7/3/2026 5:35:58 pm ::1 Returned 200 in 2 ms
 HTTP  7/3/2026 5:35:58 pm ::1 GET /assets/node_modules/.pnpm/@expo+vector-icons@15.1.1_e_0551bb4c91465be345a06121634ce70b/node_modules/@expo/vector-icons/build/vendor/react-native-vector-icons/Fonts/MaterialCommunityIcons.6e435534bd35da5fef04168860a9b8fa.ttf
 HTTP  7/3/2026 5:35:58 pm ::1 Returned 200 in 2 ms
 HTTP  7/3/2026 5:35:59 pm ::1 GET /inventory/itm-1
 HTTP  7/3/2026 5:35:59 pm ::1 Returned 200 in 1 ms
 HTTP  7/3/2026 5:35:59 pm ::1 GET /_expo/static/js/web/entry-d6b311123318afe3be416ea9fb41b065.js
 HTTP  7/3/2026 5:35:59 pm ::1 Returned 200 in 1 ms
 HTTP  7/3/2026 5:35:59 pm ::1 GET /assets/assets/images/logo-glow.dbca075a49dc45e550c5d2e3e9601039.png
 HTTP  7/3/2026 5:35:59 pm ::1 HEAD /
 HTTP  7/3/2026 5:35:59 pm ::1 Returned 200 in 2 ms
 HTTP  7/3/2026 5:35:59 pm ::1 Returned 200 in 1 ms
 HTTP  7/3/2026 5:35:59 pm ::1 GET /assets/node_modules/.pnpm/@expo+vector-icons@15.1.1_e_0551bb4c91465be345a06121634ce70b/node_modules/@expo/vector-icons/build/vendor/react-native-vector-icons/Fonts/MaterialCommunityIcons.6e435534bd35da5fef04168860a9b8fa.ttf
 HTTP  7/3/2026 5:35:59 pm ::1 Returned 200 in 2 ms
 HTTP  7/3/2026 5:35:59 pm ::1 GET /assets/assets/images/logo-glow.dbca075a49dc45e550c5d2e3e9601039.png
 HTTP  7/3/2026 5:35:59 pm ::1 Returned 200 in 3 ms
 HTTP  7/3/2026 5:35:59 pm ::1 GET /inventory/recycle-bin
 HTTP  7/3/2026 5:35:59 pm ::1 Returned 200 in 3 ms
 HTTP  7/3/2026 5:35:59 pm ::1 GET /_expo/static/js/web/entry-d6b311123318afe3be416ea9fb41b065.js
 HTTP  7/3/2026 5:35:59 pm ::1 Returned 200 in 1 ms
 HTTP  7/3/2026 5:35:59 pm ::1 GET /assets/assets/images/logo-glow.dbca075a49dc45e550c5d2e3e9601039.png
 HTTP  7/3/2026 5:35:59 pm ::1 HEAD /
 HTTP  7/3/2026 5:35:59 pm ::1 Returned 200 in 2 ms
 HTTP  7/3/2026 5:35:59 pm ::1 Returned 200 in 2 ms
 HTTP  7/3/2026 5:35:59 pm ::1 GET /assets/node_modules/.pnpm/@expo+vector-icons@15.1.1_e_0551bb4c91465be345a06121634ce70b/node_modules/@expo/vector-icons/build/vendor/react-native-vector-icons/Fonts/MaterialCommunityIcons.6e435534bd35da5fef04168860a9b8fa.ttf
 HTTP  7/3/2026 5:35:59 pm ::1 Returned 200 in 2 ms
 HTTP  7/3/2026 5:35:59 pm ::1 GET /assets/assets/images/logo-glow.dbca075a49dc45e550c5d2e3e9601039.png
 HTTP  7/3/2026 5:35:59 pm ::1 Returned 200 in 5 ms
 HTTP  7/3/2026 5:36:00 pm ::1 GET /parties
 HTTP  7/3/2026 5:36:00 pm ::1 Returned 200 in 1 ms
 HTTP  7/3/2026 5:36:00 pm ::1 GET /_expo/static/js/web/entry-d6b311123318afe3be416ea9fb41b065.js
 HTTP  7/3/2026 5:36:00 pm ::1 Returned 200 in 2 ms
 HTTP  7/3/2026 5:36:00 pm ::1 GET /assets/assets/images/logo-glow.dbca075a49dc45e550c5d2e3e9601039.png
 HTTP  7/3/2026 5:36:00 pm ::1 HEAD /
 HTTP  7/3/2026 5:36:00 pm ::1 Returned 200 in 5 ms
 HTTP  7/3/2026 5:36:00 pm ::1 Returned 200 in 5 ms
 HTTP  7/3/2026 5:36:00 pm ::1 GET /assets/node_modules/.pnpm/@expo+vector-icons@15.1.1_e_0551bb4c91465be345a06121634ce70b/node_modules/@expo/vector-icons/build/vendor/react-native-vector-icons/Fonts/MaterialCommunityIcons.6e435534bd35da5fef04168860a9b8fa.ttf
 HTTP  7/3/2026 5:36:00 pm ::1 Returned 200 in 4 ms
 HTTP  7/3/2026 5:36:00 pm ::1 GET /assets/assets/images/logo-glow.dbca075a49dc45e550c5d2e3e9601039.png
 HTTP  7/3/2026 5:36:00 pm ::1 Returned 200 in 3 ms
 HTTP  7/3/2026 5:36:00 pm ::1 GET /parties/add
 HTTP  7/3/2026 5:36:00 pm ::1 Returned 200 in 1 ms
 HTTP  7/3/2026 5:36:00 pm ::1 GET /_expo/static/js/web/entry-d6b311123318afe3be416ea9fb41b065.js
 HTTP  7/3/2026 5:36:00 pm ::1 Returned 200 in 2 ms
 HTTP  7/3/2026 5:36:01 pm ::1 GET /assets/assets/images/logo-glow.dbca075a49dc45e550c5d2e3e9601039.png
 HTTP  7/3/2026 5:36:01 pm ::1 HEAD /
 HTTP  7/3/2026 5:36:01 pm ::1 Returned 200 in 3 ms
 HTTP  7/3/2026 5:36:01 pm ::1 Returned 200 in 2 ms
 HTTP  7/3/2026 5:36:01 pm ::1 GET /assets/node_modules/.pnpm/@expo+vector-icons@15.1.1_e_0551bb4c91465be345a06121634ce70b/node_modules/@expo/vector-icons/build/vendor/react-native-vector-icons/Fonts/MaterialCommunityIcons.6e435534bd35da5fef04168860a9b8fa.ttf
 HTTP  7/3/2026 5:36:01 pm ::1 Returned 200 in 1 ms
 HTTP  7/3/2026 5:36:01 pm ::1 GET /parties/pty-1
 HTTP  7/3/2026 5:36:01 pm ::1 Returned 200 in 1 ms
 HTTP  7/3/2026 5:36:01 pm ::1 GET /_expo/static/js/web/entry-d6b311123318afe3be416ea9fb41b065.js
 HTTP  7/3/2026 5:36:01 pm ::1 Returned 200 in 2 ms
 HTTP  7/3/2026 5:36:01 pm ::1 GET /assets/assets/images/logo-glow.dbca075a49dc45e550c5d2e3e9601039.png
 HTTP  7/3/2026 5:36:01 pm ::1 HEAD /
 HTTP  7/3/2026 5:36:01 pm ::1 HEAD /
 HTTP  7/3/2026 5:36:01 pm ::1 Returned 200 in 4 ms
 HTTP  7/3/2026 5:36:01 pm ::1 Returned 200 in 4 ms
 HTTP  7/3/2026 5:36:01 pm ::1 Returned 200 in 2 ms
 HTTP  7/3/2026 5:36:01 pm ::1 GET /assets/node_modules/.pnpm/@expo+vector-icons@15.1.1_e_0551bb4c91465be345a06121634ce70b/node_modules/@expo/vector-icons/build/vendor/react-native-vector-icons/Fonts/MaterialCommunityIcons.6e435534bd35da5fef04168860a9b8fa.ttf
 HTTP  7/3/2026 5:36:01 pm ::1 Returned 200 in 2 ms
 HTTP  7/3/2026 5:36:01 pm ::1 GET /assets/assets/images/logo-glow.dbca075a49dc45e550c5d2e3e9601039.png
 HTTP  7/3/2026 5:36:01 pm ::1 Returned 200 in 4 ms
 HTTP  7/3/2026 5:36:01 pm ::1 GET /parties/recycle-bin
 HTTP  7/3/2026 5:36:01 pm ::1 Returned 200 in 1 ms
 HTTP  7/3/2026 5:36:01 pm ::1 GET /_expo/static/js/web/entry-d6b311123318afe3be416ea9fb41b065.js
 HTTP  7/3/2026 5:36:01 pm ::1 Returned 200 in 1 ms
 HTTP  7/3/2026 5:36:02 pm ::1 GET /assets/assets/images/logo-glow.dbca075a49dc45e550c5d2e3e9601039.png
 HTTP  7/3/2026 5:36:02 pm ::1 HEAD /
 HTTP  7/3/2026 5:36:02 pm ::1 Returned 200 in 4 ms
 HTTP  7/3/2026 5:36:02 pm ::1 Returned 200 in 2 ms
 HTTP  7/3/2026 5:36:02 pm ::1 GET /assets/node_modules/.pnpm/@expo+vector-icons@15.1.1_e_0551bb4c91465be345a06121634ce70b/node_modules/@expo/vector-icons/build/vendor/react-native-vector-icons/Fonts/MaterialCommunityIcons.6e435534bd35da5fef04168860a9b8fa.ttf
 HTTP  7/3/2026 5:36:02 pm ::1 Returned 200 in 2 ms
 HTTP  7/3/2026 5:36:02 pm ::1 GET /assets/assets/images/logo-glow.dbca075a49dc45e550c5d2e3e9601039.png
 HTTP  7/3/2026 5:36:02 pm ::1 Returned 200 in 2 ms
 HTTP  7/3/2026 5:36:02 pm ::1 GET /accounts
 HTTP  7/3/2026 5:36:02 pm ::1 Returned 200 in 3 ms
 HTTP  7/3/2026 5:36:02 pm ::1 GET /_expo/static/js/web/entry-d6b311123318afe3be416ea9fb41b065.js
 HTTP  7/3/2026 5:36:02 pm ::1 Returned 200 in 3 ms
 HTTP  7/3/2026 5:36:02 pm ::1 GET /assets/assets/images/logo-glow.dbca075a49dc45e550c5d2e3e9601039.png
 HTTP  7/3/2026 5:36:02 pm ::1 HEAD /
 HTTP  7/3/2026 5:36:02 pm ::1 Returned 200 in 3 ms
 HTTP  7/3/2026 5:36:02 pm ::1 Returned 200 in 2 ms
 HTTP  7/3/2026 5:36:02 pm ::1 GET /assets/node_modules/.pnpm/@expo+vector-icons@15.1.1_e_0551bb4c91465be345a06121634ce70b/node_modules/@expo/vector-icons/build/vendor/react-native-vector-icons/Fonts/MaterialCommunityIcons.6e435534bd35da5fef04168860a9b8fa.ttf
 HTTP  7/3/2026 5:36:02 pm ::1 Returned 200 in 2 ms
 HTTP  7/3/2026 5:36:02 pm ::1 GET /assets/assets/images/logo-glow.dbca075a49dc45e550c5d2e3e9601039.png
 HTTP  7/3/2026 5:36:02 pm ::1 Returned 200 in 2 ms
 HTTP  7/3/2026 5:36:03 pm ::1 GET /accounts/cash-bank
 HTTP  7/3/2026 5:36:03 pm ::1 Returned 200 in 1 ms
 HTTP  7/3/2026 5:36:03 pm ::1 GET /_expo/static/js/web/entry-d6b311123318afe3be416ea9fb41b065.js
 HTTP  7/3/2026 5:36:03 pm ::1 Returned 200 in 1 ms
 HTTP  7/3/2026 5:36:03 pm ::1 GET /assets/assets/images/logo-glow.dbca075a49dc45e550c5d2e3e9601039.png
 HTTP  7/3/2026 5:36:03 pm ::1 HEAD /
 HTTP  7/3/2026 5:36:03 pm ::1 Returned 200 in 3 ms
 HTTP  7/3/2026 5:36:03 pm ::1 Returned 200 in 2 ms
 HTTP  7/3/2026 5:36:03 pm ::1 GET /assets/node_modules/.pnpm/@expo+vector-icons@15.1.1_e_0551bb4c91465be345a06121634ce70b/node_modules/@expo/vector-icons/build/vendor/react-native-vector-icons/Fonts/MaterialCommunityIcons.6e435534bd35da5fef04168860a9b8fa.ttf
 HTTP  7/3/2026 5:36:03 pm ::1 Returned 200 in 1 ms
 HTTP  7/3/2026 5:36:03 pm ::1 GET /assets/assets/images/logo-glow.dbca075a49dc45e550c5d2e3e9601039.png
 HTTP  7/3/2026 5:36:03 pm ::1 Returned 200 in 2 ms
 HTTP  7/3/2026 5:36:03 pm ::1 GET /accounts/cash-bank/add
 HTTP  7/3/2026 5:36:03 pm ::1 Returned 200 in 3 ms
 HTTP  7/3/2026 5:36:03 pm ::1 GET /_expo/static/js/web/entry-d6b311123318afe3be416ea9fb41b065.js
 HTTP  7/3/2026 5:36:03 pm ::1 Returned 200 in 2 ms
 HTTP  7/3/2026 5:36:03 pm ::1 HEAD /
 HTTP  7/3/2026 5:36:03 pm ::1 Returned 200 in 2 ms
 HTTP  7/3/2026 5:36:04 pm ::1 GET /assets/assets/images/logo-glow.dbca075a49dc45e550c5d2e3e9601039.png
 HTTP  7/3/2026 5:36:04 pm ::1 HEAD /
 HTTP  7/3/2026 5:36:04 pm ::1 Returned 200 in 2 ms
 HTTP  7/3/2026 5:36:04 pm ::1 Returned 200 in 2 ms
 HTTP  7/3/2026 5:36:04 pm ::1 GET /assets/node_modules/.pnpm/@expo+vector-icons@15.1.1_e_0551bb4c91465be345a06121634ce70b/node_modules/@expo/vector-icons/build/vendor/react-native-vector-icons/Fonts/MaterialCommunityIcons.6e435534bd35da5fef04168860a9b8fa.ttf
 HTTP  7/3/2026 5:36:04 pm ::1 Returned 200 in 3 ms
 HTTP  7/3/2026 5:36:04 pm ::1 GET /accounts/cash-bank/acc-cash
 HTTP  7/3/2026 5:36:04 pm ::1 Returned 200 in 1 ms
 HTTP  7/3/2026 5:36:04 pm ::1 GET /_expo/static/js/web/entry-d6b311123318afe3be416ea9fb41b065.js
 HTTP  7/3/2026 5:36:04 pm ::1 Returned 200 in 1 ms
 HTTP  7/3/2026 5:36:04 pm ::1 GET /assets/assets/images/logo-glow.dbca075a49dc45e550c5d2e3e9601039.png
 HTTP  7/3/2026 5:36:04 pm ::1 HEAD /
 HTTP  7/3/2026 5:36:04 pm ::1 Returned 200 in 3 ms
 HTTP  7/3/2026 5:36:04 pm ::1 Returned 200 in 3 ms
 HTTP  7/3/2026 5:36:04 pm ::1 GET /assets/node_modules/.pnpm/@expo+vector-icons@15.1.1_e_0551bb4c91465be345a06121634ce70b/node_modules/@expo/vector-icons/build/vendor/react-native-vector-icons/Fonts/MaterialCommunityIcons.6e435534bd35da5fef04168860a9b8fa.ttf
 HTTP  7/3/2026 5:36:04 pm ::1 Returned 200 in 2 ms
 HTTP  7/3/2026 5:36:04 pm ::1 GET /assets/assets/images/logo-glow.dbca075a49dc45e550c5d2e3e9601039.png
 HTTP  7/3/2026 5:36:04 pm ::1 Returned 200 in 2 ms
 HTTP  7/3/2026 5:36:04 pm ::1 GET /accounts/cash-bank/deposit
 HTTP  7/3/2026 5:36:04 pm ::1 Returned 200 in 3 ms
 HTTP  7/3/2026 5:36:04 pm ::1 GET /_expo/static/js/web/entry-d6b311123318afe3be416ea9fb41b065.js
 HTTP  7/3/2026 5:36:04 pm ::1 Returned 200 in 1 ms
 HTTP  7/3/2026 5:36:05 pm ::1 GET /assets/assets/images/logo-glow.dbca075a49dc45e550c5d2e3e9601039.png
 HTTP  7/3/2026 5:36:05 pm ::1 HEAD /
 HTTP  7/3/2026 5:36:05 pm ::1 Returned 200 in 2 ms
 HTTP  7/3/2026 5:36:05 pm ::1 Returned 200 in 2 ms
 HTTP  7/3/2026 5:36:05 pm ::1 GET /assets/node_modules/.pnpm/@expo+vector-icons@15.1.1_e_0551bb4c91465be345a06121634ce70b/node_modules/@expo/vector-icons/build/vendor/react-native-vector-icons/Fonts/MaterialCommunityIcons.6e435534bd35da5fef04168860a9b8fa.ttf
 HTTP  7/3/2026 5:36:05 pm ::1 Returned 200 in 2 ms
 HTTP  7/3/2026 5:36:05 pm ::1 GET /assets/assets/images/logo-glow.dbca075a49dc45e550c5d2e3e9601039.png
 HTTP  7/3/2026 5:36:05 pm ::1 Returned 200 in 2 ms
 HTTP  7/3/2026 5:36:05 pm ::1 GET /accounts/cash-bank/withdraw
 HTTP  7/3/2026 5:36:05 pm ::1 Returned 200 in 3 ms
 HTTP  7/3/2026 5:36:05 pm ::1 GET /_expo/static/js/web/entry-d6b311123318afe3be416ea9fb41b065.js
 HTTP  7/3/2026 5:36:05 pm ::1 Returned 200 in 2 ms
 HTTP  7/3/2026 5:36:05 pm ::1 GET /assets/assets/images/logo-glow.dbca075a49dc45e550c5d2e3e9601039.png
 HTTP  7/3/2026 5:36:05 pm ::1 HEAD /
 HTTP  7/3/2026 5:36:05 pm ::1 Returned 200 in 2 ms
 HTTP  7/3/2026 5:36:05 pm ::1 Returned 200 in 2 ms
 HTTP  7/3/2026 5:36:05 pm ::1 GET /assets/node_modules/.pnpm/@expo+vector-icons@15.1.1_e_0551bb4c91465be345a06121634ce70b/node_modules/@expo/vector-icons/build/vendor/react-native-vector-icons/Fonts/MaterialCommunityIcons.6e435534bd35da5fef04168860a9b8fa.ttf
 HTTP  7/3/2026 5:36:05 pm ::1 Returned 200 in 2 ms
 HTTP  7/3/2026 5:36:05 pm ::1 GET /assets/assets/images/logo-glow.dbca075a49dc45e550c5d2e3e9601039.png
 HTTP  7/3/2026 5:36:05 pm ::1 Returned 200 in 2 ms
 HTTP  7/3/2026 5:36:06 pm ::1 GET /accounts/cash-bank/transfer
 HTTP  7/3/2026 5:36:06 pm ::1 Returned 200 in 1 ms
 HTTP  7/3/2026 5:36:06 pm ::1 GET /_expo/static/js/web/entry-d6b311123318afe3be416ea9fb41b065.js
 HTTP  7/3/2026 5:36:06 pm ::1 Returned 200 in 1 ms
 HTTP  7/3/2026 5:36:06 pm ::1 GET /assets/assets/images/logo-glow.dbca075a49dc45e550c5d2e3e9601039.png
 HTTP  7/3/2026 5:36:06 pm ::1 HEAD /
 HTTP  7/3/2026 5:36:06 pm ::1 Returned 200 in 4 ms
 HTTP  7/3/2026 5:36:06 pm ::1 Returned 200 in 1 ms
 HTTP  7/3/2026 5:36:06 pm ::1 GET /assets/node_modules/.pnpm/@expo+vector-icons@15.1.1_e_0551bb4c91465be345a06121634ce70b/node_modules/@expo/vector-icons/build/vendor/react-native-vector-icons/Fonts/MaterialCommunityIcons.6e435534bd35da5fef04168860a9b8fa.ttf
 HTTP  7/3/2026 5:36:06 pm ::1 Returned 200 in 1 ms
 HTTP  7/3/2026 5:36:06 pm ::1 GET /assets/assets/images/logo-glow.dbca075a49dc45e550c5d2e3e9601039.png
 HTTP  7/3/2026 5:36:06 pm ::1 Returned 200 in 2 ms
 HTTP  7/3/2026 5:36:06 pm ::1 GET /accounts/expenses
 HTTP  7/3/2026 5:36:06 pm ::1 Returned 200 in 3 ms
 HTTP  7/3/2026 5:36:06 pm ::1 GET /_expo/static/js/web/entry-d6b311123318afe3be416ea9fb41b065.js
 HTTP  7/3/2026 5:36:06 pm ::1 Returned 200 in 1 ms
 HTTP  7/3/2026 5:36:06 pm ::1 GET /assets/assets/images/logo-glow.dbca075a49dc45e550c5d2e3e9601039.png
 HTTP  7/3/2026 5:36:06 pm ::1 HEAD /
 HTTP  7/3/2026 5:36:06 pm ::1 Returned 200 in 2 ms
 HTTP  7/3/2026 5:36:06 pm ::1 Returned 200 in 2 ms
 HTTP  7/3/2026 5:36:06 pm ::1 GET /assets/node_modules/.pnpm/@expo+vector-icons@15.1.1_e_0551bb4c91465be345a06121634ce70b/node_modules/@expo/vector-icons/build/vendor/react-native-vector-icons/Fonts/MaterialCommunityIcons.6e435534bd35da5fef04168860a9b8fa.ttf
 HTTP  7/3/2026 5:36:06 pm ::1 Returned 200 in 2 ms
 HTTP  7/3/2026 5:36:06 pm ::1 GET /assets/assets/images/logo-glow.dbca075a49dc45e550c5d2e3e9601039.png
 HTTP  7/3/2026 5:36:06 pm ::1 Returned 200 in 3 ms
 HTTP  7/3/2026 5:36:07 pm ::1 GET /accounts/expenses/add
 HTTP  7/3/2026 5:36:07 pm ::1 Returned 200 in 1 ms
 HTTP  7/3/2026 5:36:07 pm ::1 GET /_expo/static/js/web/entry-d6b311123318afe3be416ea9fb41b065.js
 HTTP  7/3/2026 5:36:07 pm ::1 Returned 200 in 1 ms
 HTTP  7/3/2026 5:36:07 pm ::1 GET /assets/assets/images/logo-glow.dbca075a49dc45e550c5d2e3e9601039.png
 HTTP  7/3/2026 5:36:07 pm ::1 HEAD /
 HTTP  7/3/2026 5:36:07 pm ::1 Returned 200 in 4 ms
 HTTP  7/3/2026 5:36:07 pm ::1 Returned 200 in 4 ms
 HTTP  7/3/2026 5:36:07 pm ::1 GET /assets/node_modules/.pnpm/@expo+vector-icons@15.1.1_e_0551bb4c91465be345a06121634ce70b/node_modules/@expo/vector-icons/build/vendor/react-native-vector-icons/Fonts/MaterialCommunityIcons.6e435534bd35da5fef04168860a9b8fa.ttf
 HTTP  7/3/2026 5:36:07 pm ::1 Returned 200 in 2 ms
 HTTP  7/3/2026 5:36:07 pm ::1 GET /assets/assets/images/logo-glow.dbca075a49dc45e550c5d2e3e9601039.png
 HTTP  7/3/2026 5:36:07 pm ::1 Returned 200 in 2 ms
 HTTP  7/3/2026 5:36:07 pm ::1 GET /accounts/expenses/recycle-bin
 HTTP  7/3/2026 5:36:07 pm ::1 Returned 200 in 4 ms
 HTTP  7/3/2026 5:36:07 pm ::1 GET /_expo/static/js/web/entry-d6b311123318afe3be416ea9fb41b065.js
 HTTP  7/3/2026 5:36:07 pm ::1 Returned 200 in 1 ms
 HTTP  7/3/2026 5:36:08 pm ::1 GET /assets/assets/images/logo-glow.dbca075a49dc45e550c5d2e3e9601039.png
 HTTP  7/3/2026 5:36:08 pm ::1 HEAD /
 HTTP  7/3/2026 5:36:08 pm ::1 Returned 200 in 4 ms
 HTTP  7/3/2026 5:36:08 pm ::1 Returned 200 in 2 ms
 HTTP  7/3/2026 5:36:08 pm ::1 GET /assets/node_modules/.pnpm/@expo+vector-icons@15.1.1_e_0551bb4c91465be345a06121634ce70b/node_modules/@expo/vector-icons/build/vendor/react-native-vector-icons/Fonts/MaterialCommunityIcons.6e435534bd35da5fef04168860a9b8fa.ttf
 HTTP  7/3/2026 5:36:08 pm ::1 Returned 200 in 3 ms
 HTTP  7/3/2026 5:36:08 pm ::1 GET /assets/assets/images/logo-glow.dbca075a49dc45e550c5d2e3e9601039.png
 HTTP  7/3/2026 5:36:08 pm ::1 Returned 200 in 2 ms
 HTTP  7/3/2026 5:36:08 pm ::1 GET /accounts/loans
 HTTP  7/3/2026 5:36:08 pm ::1 Returned 200 in 2 ms
 HTTP  7/3/2026 5:36:08 pm ::1 GET /_expo/static/js/web/entry-d6b311123318afe3be416ea9fb41b065.js
 HTTP  7/3/2026 5:36:08 pm ::1 Returned 200 in 2 ms
 HTTP  7/3/2026 5:36:08 pm ::1 GET /assets/assets/images/logo-glow.dbca075a49dc45e550c5d2e3e9601039.png
 HTTP  7/3/2026 5:36:08 pm ::1 HEAD /
 HTTP  7/3/2026 5:36:08 pm ::1 Returned 200 in 2 ms
 HTTP  7/3/2026 5:36:08 pm ::1 Returned 200 in 2 ms
 HTTP  7/3/2026 5:36:08 pm ::1 GET /assets/node_modules/.pnpm/@expo+vector-icons@15.1.1_e_0551bb4c91465be345a06121634ce70b/node_modules/@expo/vector-icons/build/vendor/react-native-vector-icons/Fonts/MaterialCommunityIcons.6e435534bd35da5fef04168860a9b8fa.ttf
 HTTP  7/3/2026 5:36:08 pm ::1 Returned 200 in 1 ms
 HTTP  7/3/2026 5:36:08 pm ::1 GET /assets/assets/images/logo-glow.dbca075a49dc45e550c5d2e3e9601039.png
 HTTP  7/3/2026 5:36:08 pm ::1 Returned 200 in 1 ms
 HTTP  7/3/2026 5:36:09 pm ::1 GET /accounts/loans/add
 HTTP  7/3/2026 5:36:09 pm ::1 Returned 200 in 2 ms
 HTTP  7/3/2026 5:36:09 pm ::1 GET /_expo/static/js/web/entry-d6b311123318afe3be416ea9fb41b065.js
 HTTP  7/3/2026 5:36:09 pm ::1 Returned 200 in 2 ms
 HTTP  7/3/2026 5:36:09 pm ::1 GET /assets/assets/images/logo-glow.dbca075a49dc45e550c5d2e3e9601039.png
 HTTP  7/3/2026 5:36:09 pm ::1 HEAD /
 HTTP  7/3/2026 5:36:09 pm ::1 Returned 200 in 2 ms
 HTTP  7/3/2026 5:36:09 pm ::1 Returned 200 in 2 ms
 HTTP  7/3/2026 5:36:09 pm ::1 GET /assets/node_modules/.pnpm/@expo+vector-icons@15.1.1_e_0551bb4c91465be345a06121634ce70b/node_modules/@expo/vector-icons/build/vendor/react-native-vector-icons/Fonts/MaterialCommunityIcons.6e435534bd35da5fef04168860a9b8fa.ttf
 HTTP  7/3/2026 5:36:09 pm ::1 Returned 200 in 2 ms
 HTTP  7/3/2026 5:36:09 pm ::1 GET /assets/assets/images/logo-glow.dbca075a49dc45e550c5d2e3e9601039.png
 HTTP  7/3/2026 5:36:09 pm ::1 Returned 200 in 1 ms
 HTTP  7/3/2026 5:36:09 pm ::1 GET /accounts/loans/loan-1
 HTTP  7/3/2026 5:36:09 pm ::1 Returned 200 in 4 ms
 HTTP  7/3/2026 5:36:09 pm ::1 GET /_expo/static/js/web/entry-d6b311123318afe3be416ea9fb41b065.js
 HTTP  7/3/2026 5:36:09 pm ::1 Returned 200 in 2 ms
 HTTP  7/3/2026 5:36:09 pm ::1 GET /assets/assets/images/logo-glow.dbca075a49dc45e550c5d2e3e9601039.png
 HTTP  7/3/2026 5:36:09 pm ::1 HEAD /
 HTTP  7/3/2026 5:36:09 pm ::1 Returned 200 in 4 ms
 HTTP  7/3/2026 5:36:09 pm ::1 Returned 200 in 1 ms
 HTTP  7/3/2026 5:36:09 pm ::1 GET /assets/node_modules/.pnpm/@expo+vector-icons@15.1.1_e_0551bb4c91465be345a06121634ce70b/node_modules/@expo/vector-icons/build/vendor/react-native-vector-icons/Fonts/MaterialCommunityIcons.6e435534bd35da5fef04168860a9b8fa.ttf
 HTTP  7/3/2026 5:36:09 pm ::1 Returned 200 in 2 ms
 HTTP  7/3/2026 5:36:09 pm ::1 GET /assets/assets/images/logo-glow.dbca075a49dc45e550c5d2e3e9601039.png
 HTTP  7/3/2026 5:36:09 pm ::1 Returned 200 in 4 ms
 HTTP  7/3/2026 5:36:10 pm ::1 GET /accounts/loans/loan-1/payment
 HTTP  7/3/2026 5:36:10 pm ::1 Returned 200 in 3 ms
 HTTP  7/3/2026 5:36:10 pm ::1 GET /_expo/static/js/web/entry-d6b311123318afe3be416ea9fb41b065.js
 HTTP  7/3/2026 5:36:10 pm ::1 Returned 200 in 1 ms
 HTTP  7/3/2026 5:36:10 pm ::1 GET /assets/assets/images/logo-glow.dbca075a49dc45e550c5d2e3e9601039.png
 HTTP  7/3/2026 5:36:10 pm ::1 HEAD /
 HTTP  7/3/2026 5:36:10 pm ::1 Returned 200 in 2 ms
 HTTP  7/3/2026 5:36:10 pm ::1 Returned 200 in 3 ms
 HTTP  7/3/2026 5:36:10 pm ::1 HEAD /
 HTTP  7/3/2026 5:36:10 pm ::1 Returned 200 in 2 ms
 HTTP  7/3/2026 5:36:10 pm ::1 GET /assets/node_modules/.pnpm/@expo+vector-icons@15.1.1_e_0551bb4c91465be345a06121634ce70b/node_modules/@expo/vector-icons/build/vendor/react-native-vector-icons/Fonts/MaterialCommunityIcons.6e435534bd35da5fef04168860a9b8fa.ttf
 HTTP  7/3/2026 5:36:10 pm ::1 Returned 200 in 2 ms
 HTTP  7/3/2026 5:36:10 pm ::1 GET /assets/assets/images/logo-glow.dbca075a49dc45e550c5d2e3e9601039.png
 HTTP  7/3/2026 5:36:10 pm ::1 Returned 200 in 1 ms
 HTTP  7/3/2026 5:36:10 pm ::1 GET /accounts/loans/loan-1/interest
 HTTP  7/3/2026 5:36:10 pm ::1 Returned 200 in 4 ms
 HTTP  7/3/2026 5:36:10 pm ::1 GET /_expo/static/js/web/entry-d6b311123318afe3be416ea9fb41b065.js
 HTTP  7/3/2026 5:36:10 pm ::1 Returned 200 in 2 ms
 HTTP  7/3/2026 5:36:11 pm ::1 GET /assets/assets/images/logo-glow.dbca075a49dc45e550c5d2e3e9601039.png
 HTTP  7/3/2026 5:36:11 pm ::1 HEAD /
 HTTP  7/3/2026 5:36:11 pm ::1 Returned 200 in 2 ms
 HTTP  7/3/2026 5:36:11 pm ::1 Returned 200 in 2 ms
 HTTP  7/3/2026 5:36:11 pm ::1 GET /assets/node_modules/.pnpm/@expo+vector-icons@15.1.1_e_0551bb4c91465be345a06121634ce70b/node_modules/@expo/vector-icons/build/vendor/react-native-vector-icons/Fonts/MaterialCommunityIcons.6e435534bd35da5fef04168860a9b8fa.ttf
 HTTP  7/3/2026 5:36:11 pm ::1 Returned 200 in 2 ms
 HTTP  7/3/2026 5:36:11 pm ::1 GET /assets/assets/images/logo-glow.dbca075a49dc45e550c5d2e3e9601039.png
 HTTP  7/3/2026 5:36:11 pm ::1 Returned 200 in 2 ms
 HTTP  7/3/2026 5:36:11 pm ::1 GET /reports
 HTTP  7/3/2026 5:36:11 pm ::1 Returned 200 in 2 ms
 HTTP  7/3/2026 5:36:11 pm ::1 GET /_expo/static/js/web/entry-d6b311123318afe3be416ea9fb41b065.js
 HTTP  7/3/2026 5:36:11 pm ::1 Returned 200 in 2 ms
 HTTP  7/3/2026 5:36:11 pm ::1 GET /assets/assets/images/logo-glow.dbca075a49dc45e550c5d2e3e9601039.png
 HTTP  7/3/2026 5:36:11 pm ::1 HEAD /
 HTTP  7/3/2026 5:36:11 pm ::1 Returned 200 in 4 ms
 HTTP  7/3/2026 5:36:11 pm ::1 Returned 200 in 2 ms
 HTTP  7/3/2026 5:36:11 pm ::1 GET /assets/node_modules/.pnpm/@expo+vector-icons@15.1.1_e_0551bb4c91465be345a06121634ce70b/node_modules/@expo/vector-icons/build/vendor/react-native-vector-icons/Fonts/MaterialCommunityIcons.6e435534bd35da5fef04168860a9b8fa.ttf
 HTTP  7/3/2026 5:36:11 pm ::1 Returned 200 in 1 ms
 HTTP  7/3/2026 5:36:11 pm ::1 GET /assets/assets/images/logo-glow.dbca075a49dc45e550c5d2e3e9601039.png
 HTTP  7/3/2026 5:36:11 pm ::1 Returned 200 in 1 ms
 HTTP  7/3/2026 5:36:12 pm ::1 GET /reports/gst-summary
 HTTP  7/3/2026 5:36:12 pm ::1 Returned 200 in 2 ms
 HTTP  7/3/2026 5:36:12 pm ::1 GET /_expo/static/js/web/entry-d6b311123318afe3be416ea9fb41b065.js
 HTTP  7/3/2026 5:36:12 pm ::1 Returned 200 in 1 ms
 HTTP  7/3/2026 5:36:12 pm ::1 GET /assets/assets/images/logo-glow.dbca075a49dc45e550c5d2e3e9601039.png
 HTTP  7/3/2026 5:36:12 pm ::1 HEAD /
 HTTP  7/3/2026 5:36:12 pm ::1 Returned 200 in 4 ms
 HTTP  7/3/2026 5:36:12 pm ::1 Returned 200 in 4 ms
 HTTP  7/3/2026 5:36:12 pm ::1 HEAD /
 HTTP  7/3/2026 5:36:12 pm ::1 Returned 200 in 1 ms
 HTTP  7/3/2026 5:36:12 pm ::1 GET /assets/node_modules/.pnpm/@expo+vector-icons@15.1.1_e_0551bb4c91465be345a06121634ce70b/node_modules/@expo/vector-icons/build/vendor/react-native-vector-icons/Fonts/MaterialCommunityIcons.6e435534bd35da5fef04168860a9b8fa.ttf
 HTTP  7/3/2026 5:36:12 pm ::1 Returned 200 in 2 ms
 HTTP  7/3/2026 5:36:12 pm ::1 GET /assets/assets/images/logo-glow.dbca075a49dc45e550c5d2e3e9601039.png
 HTTP  7/3/2026 5:36:12 pm ::1 Returned 200 in 1 ms
 HTTP  7/3/2026 5:36:12 pm ::1 GET /reports/trial-balance
 HTTP  7/3/2026 5:36:12 pm ::1 Returned 200 in 4 ms
 HTTP  7/3/2026 5:36:12 pm ::1 GET /_expo/static/js/web/entry-d6b311123318afe3be416ea9fb41b065.js
 HTTP  7/3/2026 5:36:12 pm ::1 Returned 200 in 2 ms
 HTTP  7/3/2026 5:36:12 pm ::1 GET /assets/assets/images/logo-glow.dbca075a49dc45e550c5d2e3e9601039.png
 HTTP  7/3/2026 5:36:12 pm ::1 HEAD /
 HTTP  7/3/2026 5:36:12 pm ::1 Returned 200 in 2 ms
 HTTP  7/3/2026 5:36:12 pm ::1 Returned 200 in 2 ms
 HTTP  7/3/2026 5:36:12 pm ::1 GET /assets/node_modules/.pnpm/@expo+vector-icons@15.1.1_e_0551bb4c91465be345a06121634ce70b/node_modules/@expo/vector-icons/build/vendor/react-native-vector-icons/Fonts/MaterialCommunityIcons.6e435534bd35da5fef04168860a9b8fa.ttf
 HTTP  7/3/2026 5:36:12 pm ::1 Returned 200 in 1 ms
 HTTP  7/3/2026 5:36:12 pm ::1 GET /assets/assets/images/logo-glow.dbca075a49dc45e550c5d2e3e9601039.png
 HTTP  7/3/2026 5:36:12 pm ::1 Returned 200 in 1 ms
 HTTP  7/3/2026 5:36:13 pm ::1 GET /reports/ledgers
 HTTP  7/3/2026 5:36:13 pm ::1 Returned 200 in 3 ms
 HTTP  7/3/2026 5:36:13 pm ::1 GET /_expo/static/js/web/entry-d6b311123318afe3be416ea9fb41b065.js
 HTTP  7/3/2026 5:36:13 pm ::1 Returned 200 in 1 ms
 HTTP  7/3/2026 5:36:13 pm ::1 GET /assets/assets/images/logo-glow.dbca075a49dc45e550c5d2e3e9601039.png
 HTTP  7/3/2026 5:36:13 pm ::1 HEAD /
 HTTP  7/3/2026 5:36:13 pm ::1 Returned 200 in 2 ms
 HTTP  7/3/2026 5:36:13 pm ::1 Returned 200 in 2 ms
 HTTP  7/3/2026 5:36:13 pm ::1 GET /assets/node_modules/.pnpm/@expo+vector-icons@15.1.1_e_0551bb4c91465be345a06121634ce70b/node_modules/@expo/vector-icons/build/vendor/react-native-vector-icons/Fonts/MaterialCommunityIcons.6e435534bd35da5fef04168860a9b8fa.ttf
 HTTP  7/3/2026 5:36:13 pm ::1 Returned 200 in 1 ms
 HTTP  7/3/2026 5:36:13 pm ::1 GET /assets/assets/images/logo-glow.dbca075a49dc45e550c5d2e3e9601039.png
 HTTP  7/3/2026 5:36:13 pm ::1 Returned 200 in 2 ms
 HTTP  7/3/2026 5:36:13 pm ::1 GET /reports/ledgers/led-1
 HTTP  7/3/2026 5:36:13 pm ::1 Returned 200 in 2 ms
 HTTP  7/3/2026 5:36:13 pm ::1 GET /_expo/static/js/web/entry-d6b311123318afe3be416ea9fb41b065.js
 HTTP  7/3/2026 5:36:13 pm ::1 Returned 200 in 3 ms
 HTTP  7/3/2026 5:36:14 pm ::1 GET /assets/assets/images/logo-glow.dbca075a49dc45e550c5d2e3e9601039.png
 HTTP  7/3/2026 5:36:14 pm ::1 HEAD /
 HTTP  7/3/2026 5:36:14 pm ::1 HEAD /
 HTTP  7/3/2026 5:36:14 pm ::1 Returned 200 in 5 ms
 HTTP  7/3/2026 5:36:14 pm ::1 Returned 200 in 3 ms
 HTTP  7/3/2026 5:36:14 pm ::1 Returned 200 in 3 ms
 HTTP  7/3/2026 5:36:14 pm ::1 GET /assets/node_modules/.pnpm/@expo+vector-icons@15.1.1_e_0551bb4c91465be345a06121634ce70b/node_modules/@expo/vector-icons/build/vendor/react-native-vector-icons/Fonts/MaterialCommunityIcons.6e435534bd35da5fef04168860a9b8fa.ttf
 HTTP  7/3/2026 5:36:14 pm ::1 Returned 200 in 2 ms
 HTTP  7/3/2026 5:36:14 pm ::1 GET /assets/assets/images/logo-glow.dbca075a49dc45e550c5d2e3e9601039.png
 HTTP  7/3/2026 5:36:14 pm ::1 Returned 200 in 3 ms
 HTTP  7/3/2026 5:36:14 pm ::1 GET /more
 HTTP  7/3/2026 5:36:14 pm ::1 Returned 200 in 2 ms
 HTTP  7/3/2026 5:36:14 pm ::1 GET /_expo/static/js/web/entry-d6b311123318afe3be416ea9fb41b065.js
 HTTP  7/3/2026 5:36:14 pm ::1 Returned 200 in 2 ms
 HTTP  7/3/2026 5:36:14 pm ::1 GET /assets/assets/images/logo-glow.dbca075a49dc45e550c5d2e3e9601039.png
 HTTP  7/3/2026 5:36:14 pm ::1 HEAD /
 HTTP  7/3/2026 5:36:14 pm ::1 HEAD /
 HTTP  7/3/2026 5:36:14 pm ::1 Returned 200 in 4 ms
 HTTP  7/3/2026 5:36:14 pm ::1 Returned 200 in 4 ms
 HTTP  7/3/2026 5:36:14 pm ::1 Returned 200 in 3 ms
 HTTP  7/3/2026 5:36:14 pm ::1 GET /assets/node_modules/.pnpm/@expo+vector-icons@15.1.1_e_0551bb4c91465be345a06121634ce70b/node_modules/@expo/vector-icons/build/vendor/react-native-vector-icons/Fonts/MaterialCommunityIcons.6e435534bd35da5fef04168860a9b8fa.ttf
 HTTP  7/3/2026 5:36:14 pm ::1 Returned 200 in 1 ms
 HTTP  7/3/2026 5:36:14 pm ::1 GET /assets/assets/images/logo-glow.dbca075a49dc45e550c5d2e3e9601039.png
 HTTP  7/3/2026 5:36:14 pm ::1 Returned 200 in 2 ms
 HTTP  7/3/2026 5:36:14 pm ::1 GET /assets/assets/images/logo-glow.dbca075a49dc45e550c5d2e3e9601039.png
 HTTP  7/3/2026 5:36:14 pm ::1 Returned 200 in 6 ms
 HTTP  7/3/2026 5:36:15 pm ::1 GET /more/settings
 HTTP  7/3/2026 5:36:15 pm ::1 Returned 200 in 1 ms
 HTTP  7/3/2026 5:36:15 pm ::1 GET /_expo/static/js/web/entry-d6b311123318afe3be416ea9fb41b065.js
 HTTP  7/3/2026 5:36:15 pm ::1 Returned 200 in 2 ms
 HTTP  7/3/2026 5:36:15 pm ::1 GET /assets/assets/images/logo-glow.dbca075a49dc45e550c5d2e3e9601039.png
 HTTP  7/3/2026 5:36:15 pm ::1 HEAD /
 HTTP  7/3/2026 5:36:15 pm ::1 Returned 200 in 2 ms
 HTTP  7/3/2026 5:36:15 pm ::1 Returned 200 in 2 ms
 HTTP  7/3/2026 5:36:15 pm ::1 GET /assets/node_modules/.pnpm/@expo+vector-icons@15.1.1_e_0551bb4c91465be345a06121634ce70b/node_modules/@expo/vector-icons/build/vendor/react-native-vector-icons/Fonts/MaterialCommunityIcons.6e435534bd35da5fef04168860a9b8fa.ttf
 HTTP  7/3/2026 5:36:15 pm ::1 Returned 200 in 1 ms
 HTTP  7/3/2026 5:36:15 pm ::1 GET /assets/assets/images/logo-glow.dbca075a49dc45e550c5d2e3e9601039.png
 HTTP  7/3/2026 5:36:15 pm ::1 Returned 200 in 1 ms
 HTTP  7/3/2026 5:36:15 pm ::1 GET /more/settings/GENERAL
 HTTP  7/3/2026 5:36:15 pm ::1 Returned 200 in 1 ms
 HTTP  7/3/2026 5:36:15 pm ::1 GET /_expo/static/js/web/entry-d6b311123318afe3be416ea9fb41b065.js
 HTTP  7/3/2026 5:36:15 pm ::1 Returned 200 in 1 ms
 HTTP  7/3/2026 5:36:16 pm ::1 GET /assets/assets/images/logo-glow.dbca075a49dc45e550c5d2e3e9601039.png
 HTTP  7/3/2026 5:36:16 pm ::1 HEAD /
 HTTP  7/3/2026 5:36:16 pm ::1 HEAD /
 HTTP  7/3/2026 5:36:16 pm ::1 Returned 200 in 5 ms
 HTTP  7/3/2026 5:36:16 pm ::1 Returned 200 in 5 ms
 HTTP  7/3/2026 5:36:16 pm ::1 Returned 200 in 2 ms
 HTTP  7/3/2026 5:36:16 pm ::1 GET /assets/node_modules/.pnpm/@expo+vector-icons@15.1.1_e_0551bb4c91465be345a06121634ce70b/node_modules/@expo/vector-icons/build/vendor/react-native-vector-icons/Fonts/MaterialCommunityIcons.6e435534bd35da5fef04168860a9b8fa.ttf
 HTTP  7/3/2026 5:36:16 pm ::1 Returned 200 in 2 ms
 HTTP  7/3/2026 5:36:16 pm ::1 GET /assets/assets/images/logo-glow.dbca075a49dc45e550c5d2e3e9601039.png
 HTTP  7/3/2026 5:36:16 pm ::1 Returned 200 in 2 ms
 HTTP  7/3/2026 5:36:16 pm ::1 GET /more/settings/ITEM_SETTINGS
 HTTP  7/3/2026 5:36:16 pm ::1 Returned 200 in 1 ms
 HTTP  7/3/2026 5:36:16 pm ::1 GET /_expo/static/js/web/entry-d6b311123318afe3be416ea9fb41b065.js
 HTTP  7/3/2026 5:36:16 pm ::1 Returned 200 in 1 ms
 HTTP  7/3/2026 5:36:16 pm ::1 GET /assets/assets/images/logo-glow.dbca075a49dc45e550c5d2e3e9601039.png
 HTTP  7/3/2026 5:36:16 pm ::1 HEAD /
 HTTP  7/3/2026 5:36:16 pm ::1 Returned 200 in 2 ms
 HTTP  7/3/2026 5:36:16 pm ::1 Returned 200 in 2 ms
 HTTP  7/3/2026 5:36:16 pm ::1 GET /assets/node_modules/.pnpm/@expo+vector-icons@15.1.1_e_0551bb4c91465be345a06121634ce70b/node_modules/@expo/vector-icons/build/vendor/react-native-vector-icons/Fonts/MaterialCommunityIcons.6e435534bd35da5fef04168860a9b8fa.ttf
 HTTP  7/3/2026 5:36:16 pm ::1 Returned 200 in 1 ms
 HTTP  7/3/2026 5:36:16 pm ::1 GET /assets/assets/images/logo-glow.dbca075a49dc45e550c5d2e3e9601039.png
 HTTP  7/3/2026 5:36:16 pm ::1 Returned 200 in 2 ms
 HTTP  7/3/2026 5:36:17 pm ::1 GET /more/printing
 HTTP  7/3/2026 5:36:17 pm ::1 Returned 200 in 3 ms
 HTTP  7/3/2026 5:36:17 pm ::1 GET /_expo/static/js/web/entry-d6b311123318afe3be416ea9fb41b065.js
 HTTP  7/3/2026 5:36:17 pm ::1 Returned 200 in 1 ms
 HTTP  7/3/2026 5:36:17 pm ::1 GET /assets/assets/images/logo-glow.dbca075a49dc45e550c5d2e3e9601039.png
 HTTP  7/3/2026 5:36:17 pm ::1 HEAD /
 HTTP  7/3/2026 5:36:17 pm ::1 Returned 200 in 6 ms
 HTTP  7/3/2026 5:36:17 pm ::1 Returned 200 in 6 ms
 HTTP  7/3/2026 5:36:17 pm ::1 GET /assets/node_modules/.pnpm/@expo+vector-icons@15.1.1_e_0551bb4c91465be345a06121634ce70b/node_modules/@expo/vector-icons/build/vendor/react-native-vector-icons/Fonts/MaterialCommunityIcons.6e435534bd35da5fef04168860a9b8fa.ttf
 HTTP  7/3/2026 5:36:17 pm ::1 Returned 200 in 1 ms
 HTTP  7/3/2026 5:36:17 pm ::1 GET /assets/assets/images/logo-glow.dbca075a49dc45e550c5d2e3e9601039.png
 HTTP  7/3/2026 5:36:17 pm ::1 Returned 200 in 3 ms
 HTTP  7/3/2026 5:36:17 pm ::1 GET /more/item-masters
 HTTP  7/3/2026 5:36:17 pm ::1 Returned 200 in 1 ms
 HTTP  7/3/2026 5:36:17 pm ::1 GET /_expo/static/js/web/entry-d6b311123318afe3be416ea9fb41b065.js
 HTTP  7/3/2026 5:36:17 pm ::1 Returned 200 in 2 ms
 HTTP  7/3/2026 5:36:17 pm ::1 GET /assets/assets/images/logo-glow.dbca075a49dc45e550c5d2e3e9601039.png
 HTTP  7/3/2026 5:36:17 pm ::1 HEAD /
 HTTP  7/3/2026 5:36:17 pm ::1 HEAD /
 HTTP  7/3/2026 5:36:17 pm ::1 Returned 200 in 7 ms
 HTTP  7/3/2026 5:36:17 pm ::1 Returned 200 in 5 ms
 HTTP  7/3/2026 5:36:17 pm ::1 Returned 200 in 3 ms
 HTTP  7/3/2026 5:36:17 pm ::1 GET /assets/node_modules/.pnpm/@expo+vector-icons@15.1.1_e_0551bb4c91465be345a06121634ce70b/node_modules/@expo/vector-icons/build/vendor/react-native-vector-icons/Fonts/MaterialCommunityIcons.6e435534bd35da5fef04168860a9b8fa.ttf
 HTTP  7/3/2026 5:36:17 pm ::1 Returned 200 in 1 ms
 HTTP  7/3/2026 5:36:17 pm ::1 GET /assets/assets/images/logo-glow.dbca075a49dc45e550c5d2e3e9601039.png
 HTTP  7/3/2026 5:36:17 pm ::1 Returned 200 in 1 ms
 HTTP  7/3/2026 5:36:18 pm ::1 GET /more/role-access
 HTTP  7/3/2026 5:36:18 pm ::1 Returned 200 in 1 ms
 HTTP  7/3/2026 5:36:18 pm ::1 GET /_expo/static/js/web/entry-d6b311123318afe3be416ea9fb41b065.js
 HTTP  7/3/2026 5:36:18 pm ::1 Returned 200 in 1 ms
 HTTP  7/3/2026 5:36:18 pm ::1 GET /assets/assets/images/logo-glow.dbca075a49dc45e550c5d2e3e9601039.png
 HTTP  7/3/2026 5:36:18 pm ::1 HEAD /
 HTTP  7/3/2026 5:36:18 pm ::1 Returned 200 in 4 ms
 HTTP  7/3/2026 5:36:18 pm ::1 Returned 200 in 1 ms
 HTTP  7/3/2026 5:36:18 pm ::1 GET /assets/node_modules/.pnpm/@expo+vector-icons@15.1.1_e_0551bb4c91465be345a06121634ce70b/node_modules/@expo/vector-icons/build/vendor/react-native-vector-icons/Fonts/MaterialCommunityIcons.6e435534bd35da5fef04168860a9b8fa.ttf
 HTTP  7/3/2026 5:36:18 pm ::1 Returned 200 in 2 ms
 HTTP  7/3/2026 5:36:18 pm ::1 GET /assets/assets/images/logo-glow.dbca075a49dc45e550c5d2e3e9601039.png
 HTTP  7/3/2026 5:36:18 pm ::1 Returned 200 in 2 ms
 HTTP  7/3/2026 5:36:18 pm ::1 GET /more/sync
 HTTP  7/3/2026 5:36:18 pm ::1 Returned 200 in 1 ms
 HTTP  7/3/2026 5:36:18 pm ::1 GET /_expo/static/js/web/entry-d6b311123318afe3be416ea9fb41b065.js
 HTTP  7/3/2026 5:36:18 pm ::1 Returned 200 in 2 ms
 HTTP  7/3/2026 5:36:19 pm ::1 GET /assets/assets/images/logo-glow.dbca075a49dc45e550c5d2e3e9601039.png
 HTTP  7/3/2026 5:36:19 pm ::1 HEAD /
 HTTP  7/3/2026 5:36:19 pm ::1 Returned 200 in 2 ms
 HTTP  7/3/2026 5:36:19 pm ::1 Returned 200 in 2 ms
 HTTP  7/3/2026 5:36:19 pm ::1 GET /assets/node_modules/.pnpm/@expo+vector-icons@15.1.1_e_0551bb4c91465be345a06121634ce70b/node_modules/@expo/vector-icons/build/vendor/react-native-vector-icons/Fonts/MaterialCommunityIcons.6e435534bd35da5fef04168860a9b8fa.ttf
 HTTP  7/3/2026 5:36:19 pm ::1 Returned 200 in 2 ms
 HTTP  7/3/2026 5:36:19 pm ::1 GET /assets/assets/images/logo-glow.dbca075a49dc45e550c5d2e3e9601039.png
 HTTP  7/3/2026 5:36:19 pm ::1 Returned 200 in 1 ms
 HTTP  7/3/2026 5:36:19 pm ::1 GET /more/subscription
 HTTP  7/3/2026 5:36:19 pm ::1 Returned 200 in 4 ms
 HTTP  7/3/2026 5:36:19 pm ::1 GET /_expo/static/js/web/entry-d6b311123318afe3be416ea9fb41b065.js
 HTTP  7/3/2026 5:36:19 pm ::1 Returned 200 in 1 ms
 HTTP  7/3/2026 5:36:19 pm ::1 GET /assets/assets/images/logo-glow.dbca075a49dc45e550c5d2e3e9601039.png
 HTTP  7/3/2026 5:36:19 pm ::1 HEAD /
 HTTP  7/3/2026 5:36:19 pm ::1 Returned 200 in 4 ms
 HTTP  7/3/2026 5:36:19 pm ::1 Returned 200 in 3 ms
 HTTP  7/3/2026 5:36:19 pm ::1 GET /assets/node_modules/.pnpm/@expo+vector-icons@15.1.1_e_0551bb4c91465be345a06121634ce70b/node_modules/@expo/vector-icons/build/vendor/react-native-vector-icons/Fonts/MaterialCommunityIcons.6e435534bd35da5fef04168860a9b8fa.ttf
 HTTP  7/3/2026 5:36:19 pm ::1 Returned 200 in 1 ms
 HTTP  7/3/2026 5:36:19 pm ::1 GET /assets/assets/images/logo-glow.dbca075a49dc45e550c5d2e3e9601039.png
 HTTP  7/3/2026 5:36:19 pm ::1 Returned 200 in 1 ms
 HTTP  7/3/2026 5:36:20 pm ::1 GET /more/screen-directory
 HTTP  7/3/2026 5:36:20 pm ::1 Returned 200 in 1 ms
 HTTP  7/3/2026 5:36:20 pm ::1 GET /_expo/static/js/web/entry-d6b311123318afe3be416ea9fb41b065.js
 HTTP  7/3/2026 5:36:20 pm ::1 Returned 200 in 2 ms
 HTTP  7/3/2026 5:36:20 pm ::1 GET /assets/assets/images/logo-glow.dbca075a49dc45e550c5d2e3e9601039.png
 HTTP  7/3/2026 5:36:20 pm ::1 HEAD /
 HTTP  7/3/2026 5:36:20 pm ::1 HEAD /
 HTTP  7/3/2026 5:36:20 pm ::1 Returned 200 in 6 ms
 HTTP  7/3/2026 5:36:20 pm ::1 Returned 200 in 4 ms
 HTTP  7/3/2026 5:36:20 pm ::1 Returned 200 in 4 ms
 HTTP  7/3/2026 5:36:20 pm ::1 GET /assets/node_modules/.pnpm/@expo+vector-icons@15.1.1_e_0551bb4c91465be345a06121634ce70b/node_modules/@expo/vector-icons/build/vendor/react-native-vector-icons/Fonts/MaterialCommunityIcons.6e435534bd35da5fef04168860a9b8fa.ttf
 HTTP  7/3/2026 5:36:20 pm ::1 Returned 200 in 1 ms
 HTTP  7/3/2026 5:36:20 pm ::1 GET /assets/assets/images/logo-glow.dbca075a49dc45e550c5d2e3e9601039.png
 HTTP  7/3/2026 5:36:20 pm ::1 Returned 200 in 2 ms
 HTTP  7/3/2026 5:36:20 pm ::1 GET /more/staff
 HTTP  7/3/2026 5:36:20 pm ::1 Returned 200 in 3 ms
 HTTP  7/3/2026 5:36:20 pm ::1 GET /_expo/static/js/web/entry-d6b311123318afe3be416ea9fb41b065.js
 HTTP  7/3/2026 5:36:20 pm ::1 Returned 200 in 1 ms
 HTTP  7/3/2026 5:36:20 pm ::1 GET /assets/assets/images/logo-glow.dbca075a49dc45e550c5d2e3e9601039.png
 HTTP  7/3/2026 5:36:20 pm ::1 HEAD /
 HTTP  7/3/2026 5:36:20 pm ::1 Returned 200 in 2 ms
 HTTP  7/3/2026 5:36:20 pm ::1 Returned 200 in 1 ms
 HTTP  7/3/2026 5:36:20 pm ::1 GET /assets/node_modules/.pnpm/@expo+vector-icons@15.1.1_e_0551bb4c91465be345a06121634ce70b/node_modules/@expo/vector-icons/build/vendor/react-native-vector-icons/Fonts/MaterialCommunityIcons.6e435534bd35da5fef04168860a9b8fa.ttf
 HTTP  7/3/2026 5:36:20 pm ::1 Returned 200 in 2 ms
 HTTP  7/3/2026 5:36:20 pm ::1 GET /assets/assets/images/logo-glow.dbca075a49dc45e550c5d2e3e9601039.png
 HTTP  7/3/2026 5:36:20 pm ::1 Returned 200 in 2 ms
 HTTP  7/3/2026 5:36:21 pm ::1 GET /more/operations
 HTTP  7/3/2026 5:36:21 pm ::1 Returned 200 in 2 ms
 HTTP  7/3/2026 5:36:21 pm ::1 GET /_expo/static/js/web/entry-d6b311123318afe3be416ea9fb41b065.js
 HTTP  7/3/2026 5:36:21 pm ::1 Returned 200 in 1 ms
 HTTP  7/3/2026 5:36:21 pm ::1 GET /assets/assets/images/logo-glow.dbca075a49dc45e550c5d2e3e9601039.png
 HTTP  7/3/2026 5:36:21 pm ::1 HEAD /
 HTTP  7/3/2026 5:36:21 pm ::1 HEAD /
 HTTP  7/3/2026 5:36:21 pm ::1 Returned 200 in 4 ms
 HTTP  7/3/2026 5:36:21 pm ::1 Returned 200 in 3 ms
 HTTP  7/3/2026 5:36:21 pm ::1 Returned 200 in 3 ms
 HTTP  7/3/2026 5:36:21 pm ::1 GET /assets/node_modules/.pnpm/@expo+vector-icons@15.1.1_e_0551bb4c91465be345a06121634ce70b/node_modules/@expo/vector-icons/build/vendor/react-native-vector-icons/Fonts/MaterialCommunityIcons.6e435534bd35da5fef04168860a9b8fa.ttf
 HTTP  7/3/2026 5:36:21 pm ::1 Returned 200 in 2 ms
 HTTP  7/3/2026 5:36:21 pm ::1 GET /assets/assets/images/logo-glow.dbca075a49dc45e550c5d2e3e9601039.png
 HTTP  7/3/2026 5:36:21 pm ::1 Returned 200 in 2 ms
 HTTP  7/3/2026 5:36:21 pm ::1 GET /more/godowns
 HTTP  7/3/2026 5:36:21 pm ::1 Returned 200 in 1 ms
 HTTP  7/3/2026 5:36:21 pm ::1 GET /_expo/static/js/web/entry-d6b311123318afe3be416ea9fb41b065.js
 HTTP  7/3/2026 5:36:21 pm ::1 Returned 200 in 1 ms
 HTTP  7/3/2026 5:36:22 pm ::1 GET /assets/assets/images/logo-glow.dbca075a49dc45e550c5d2e3e9601039.png
 HTTP  7/3/2026 5:36:22 pm ::1 HEAD /
 HTTP  7/3/2026 5:36:22 pm ::1 Returned 200 in 2 ms
 HTTP  7/3/2026 5:36:22 pm ::1 Returned 200 in 2 ms
 HTTP  7/3/2026 5:36:22 pm ::1 GET /assets/node_modules/.pnpm/@expo+vector-icons@15.1.1_e_0551bb4c91465be345a06121634ce70b/node_modules/@expo/vector-icons/build/vendor/react-native-vector-icons/Fonts/MaterialCommunityIcons.6e435534bd35da5fef04168860a9b8fa.ttf
 HTTP  7/3/2026 5:36:22 pm ::1 Returned 200 in 1 ms
 HTTP  7/3/2026 5:36:22 pm ::1 GET /assets/assets/images/logo-glow.dbca075a49dc45e550c5d2e3e9601039.png
 HTTP  7/3/2026 5:36:22 pm ::1 Returned 200 in 1 ms
 HTTP  7/3/2026 5:36:22 pm ::1 GET /more/godowns/add
 HTTP  7/3/2026 5:36:22 pm ::1 Returned 200 in 1 ms
 HTTP  7/3/2026 5:36:22 pm ::1 GET /_expo/static/js/web/entry-d6b311123318afe3be416ea9fb41b065.js
 HTTP  7/3/2026 5:36:22 pm ::1 Returned 200 in 1 ms
 HTTP  7/3/2026 5:36:22 pm ::1 GET /assets/assets/images/logo-glow.dbca075a49dc45e550c5d2e3e9601039.png
 HTTP  7/3/2026 5:36:22 pm ::1 HEAD /
 HTTP  7/3/2026 5:36:22 pm ::1 Returned 200 in 2 ms
 HTTP  7/3/2026 5:36:22 pm ::1 Returned 200 in 2 ms
 HTTP  7/3/2026 5:36:22 pm ::1 GET /assets/node_modules/.pnpm/@expo+vector-icons@15.1.1_e_0551bb4c91465be345a06121634ce70b/node_modules/@expo/vector-icons/build/vendor/react-native-vector-icons/Fonts/MaterialCommunityIcons.6e435534bd35da5fef04168860a9b8fa.ttf
 HTTP  7/3/2026 5:36:22 pm ::1 Returned 200 in 2 ms
 HTTP  7/3/2026 5:36:22 pm ::1 GET /assets/assets/images/logo-glow.dbca075a49dc45e550c5d2e3e9601039.png
 HTTP  7/3/2026 5:36:22 pm ::1 Returned 200 in 2 ms
 HTTP  7/3/2026 5:36:23 pm ::1 GET /more/godowns/god-1
 HTTP  7/3/2026 5:36:23 pm ::1 Returned 200 in 1 ms
 HTTP  7/3/2026 5:36:23 pm ::1 GET /_expo/static/js/web/entry-d6b311123318afe3be416ea9fb41b065.js
 HTTP  7/3/2026 5:36:23 pm ::1 Returned 200 in 1 ms
 HTTP  7/3/2026 5:36:23 pm ::1 GET /assets/assets/images/logo-glow.dbca075a49dc45e550c5d2e3e9601039.png
 HTTP  7/3/2026 5:36:23 pm ::1 HEAD /
 HTTP  7/3/2026 5:36:23 pm ::1 Returned 200 in 5 ms
 HTTP  7/3/2026 5:36:23 pm ::1 Returned 200 in 1 ms
 HTTP  7/3/2026 5:36:23 pm ::1 GET /assets/node_modules/.pnpm/@expo+vector-icons@15.1.1_e_0551bb4c91465be345a06121634ce70b/node_modules/@expo/vector-icons/build/vendor/react-native-vector-icons/Fonts/MaterialCommunityIcons.6e435534bd35da5fef04168860a9b8fa.ttf
 HTTP  7/3/2026 5:36:23 pm ::1 Returned 200 in 2 ms
 HTTP  7/3/2026 5:36:23 pm ::1 GET /assets/assets/images/logo-glow.dbca075a49dc45e550c5d2e3e9601039.png
 HTTP  7/3/2026 5:36:23 pm ::1 Returned 200 in 3 ms
 HTTP  7/3/2026 5:36:23 pm ::1 GET /more/announcements
 HTTP  7/3/2026 5:36:23 pm ::1 Returned 200 in 2 ms
 HTTP  7/3/2026 5:36:23 pm ::1 GET /_expo/static/js/web/entry-d6b311123318afe3be416ea9fb41b065.js
 HTTP  7/3/2026 5:36:23 pm ::1 Returned 200 in 3 ms
 HTTP  7/3/2026 5:36:23 pm ::1 GET /assets/assets/images/logo-glow.dbca075a49dc45e550c5d2e3e9601039.png
 HTTP  7/3/2026 5:36:23 pm ::1 HEAD /
 HTTP  7/3/2026 5:36:23 pm ::1 Returned 200 in 2 ms
 HTTP  7/3/2026 5:36:23 pm ::1 Returned 200 in 2 ms
 HTTP  7/3/2026 5:36:23 pm ::1 GET /assets/node_modules/.pnpm/@expo+vector-icons@15.1.1_e_0551bb4c91465be345a06121634ce70b/node_modules/@expo/vector-icons/build/vendor/react-native-vector-icons/Fonts/MaterialCommunityIcons.6e435534bd35da5fef04168860a9b8fa.ttf
 HTTP  7/3/2026 5:36:23 pm ::1 Returned 200 in 1 ms
 HTTP  7/3/2026 5:36:23 pm ::1 GET /assets/assets/images/logo-glow.dbca075a49dc45e550c5d2e3e9601039.png
 HTTP  7/3/2026 5:36:23 pm ::1 Returned 200 in 2 ms
 HTTP  7/3/2026 5:36:24 pm ::1 GET /more/reports/pnl
 HTTP  7/3/2026 5:36:24 pm ::1 Returned 200 in 1 ms
 HTTP  7/3/2026 5:36:24 pm ::1 GET /_expo/static/js/web/entry-d6b311123318afe3be416ea9fb41b065.js
 HTTP  7/3/2026 5:36:24 pm ::1 Returned 200 in 2 ms
 HTTP  7/3/2026 5:36:24 pm ::1 GET /assets/assets/images/logo-glow.dbca075a49dc45e550c5d2e3e9601039.png
 HTTP  7/3/2026 5:36:24 pm ::1 HEAD /
 HTTP  7/3/2026 5:36:24 pm ::1 Returned 200 in 2 ms
 HTTP  7/3/2026 5:36:24 pm ::1 Returned 200 in 1 ms
 HTTP  7/3/2026 5:36:24 pm ::1 GET /assets/node_modules/.pnpm/@expo+vector-icons@15.1.1_e_0551bb4c91465be345a06121634ce70b/node_modules/@expo/vector-icons/build/vendor/react-native-vector-icons/Fonts/MaterialCommunityIcons.6e435534bd35da5fef04168860a9b8fa.ttf
 HTTP  7/3/2026 5:36:24 pm ::1 Returned 200 in 2 ms
 HTTP  7/3/2026 5:36:24 pm ::1 GET /assets/assets/images/logo-glow.dbca075a49dc45e550c5d2e3e9601039.png
 HTTP  7/3/2026 5:36:24 pm ::1 Returned 200 in 2 ms
 HTTP  7/3/2026 5:36:24 pm ::1 GET /more/reports/gstr1
 HTTP  7/3/2026 5:36:24 pm ::1 Returned 200 in 1 ms
 HTTP  7/3/2026 5:36:24 pm ::1 GET /_expo/static/js/web/entry-d6b311123318afe3be416ea9fb41b065.js
 HTTP  7/3/2026 5:36:24 pm ::1 Returned 200 in 1 ms
 HTTP  7/3/2026 5:36:25 pm ::1 GET /assets/assets/images/logo-glow.dbca075a49dc45e550c5d2e3e9601039.png
 HTTP  7/3/2026 5:36:25 pm ::1 HEAD /
 HTTP  7/3/2026 5:36:25 pm ::1 Returned 200 in 2 ms
 HTTP  7/3/2026 5:36:25 pm ::1 Returned 200 in 1 ms
 HTTP  7/3/2026 5:36:25 pm ::1 GET /assets/node_modules/.pnpm/@expo+vector-icons@15.1.1_e_0551bb4c91465be345a06121634ce70b/node_modules/@expo/vector-icons/build/vendor/react-native-vector-icons/Fonts/MaterialCommunityIcons.6e435534bd35da5fef04168860a9b8fa.ttf
 HTTP  7/3/2026 5:36:25 pm ::1 Returned 200 in 2 ms
 HTTP  7/3/2026 5:36:25 pm ::1 GET /assets/assets/images/logo-glow.dbca075a49dc45e550c5d2e3e9601039.png
 HTTP  7/3/2026 5:36:25 pm ::1 Returned 200 in 2 ms
 HTTP  7/3/2026 5:36:25 pm ::1 GET /more/reports/gstr3b
 HTTP  7/3/2026 5:36:25 pm ::1 Returned 200 in 2 ms
 HTTP  7/3/2026 5:36:25 pm ::1 GET /_expo/static/js/web/entry-d6b311123318afe3be416ea9fb41b065.js
 HTTP  7/3/2026 5:36:25 pm ::1 Returned 200 in 1 ms
 HTTP  7/3/2026 5:36:25 pm ::1 GET /assets/assets/images/logo-glow.dbca075a49dc45e550c5d2e3e9601039.png
 HTTP  7/3/2026 5:36:25 pm ::1 HEAD /
 HTTP  7/3/2026 5:36:25 pm ::1 Returned 200 in 4 ms
 HTTP  7/3/2026 5:36:25 pm ::1 Returned 200 in 2 ms
 HTTP  7/3/2026 5:36:25 pm ::1 GET /assets/node_modules/.pnpm/@expo+vector-icons@15.1.1_e_0551bb4c91465be345a06121634ce70b/node_modules/@expo/vector-icons/build/vendor/react-native-vector-icons/Fonts/MaterialCommunityIcons.6e435534bd35da5fef04168860a9b8fa.ttf
 HTTP  7/3/2026 5:36:25 pm ::1 Returned 200 in 2 ms
 HTTP  7/3/2026 5:36:25 pm ::1 GET /assets/assets/images/logo-glow.dbca075a49dc45e550c5d2e3e9601039.png
 HTTP  7/3/2026 5:36:25 pm ::1 Returned 200 in 1 ms
 HTTP  7/3/2026 5:36:26 pm ::1 GET /legal
 HTTP  7/3/2026 5:36:26 pm ::1 Returned 200 in 4 ms
 HTTP  7/3/2026 5:36:26 pm ::1 GET /_expo/static/js/web/entry-d6b311123318afe3be416ea9fb41b065.js
 HTTP  7/3/2026 5:36:26 pm ::1 Returned 200 in 1 ms
 HTTP  7/3/2026 5:36:26 pm ::1 GET /assets/assets/images/logo-glow.dbca075a49dc45e550c5d2e3e9601039.png
 HTTP  7/3/2026 5:36:26 pm ::1 HEAD /
 HTTP  7/3/2026 5:36:26 pm ::1 HEAD /
 HTTP  7/3/2026 5:36:26 pm ::1 Returned 200 in 6 ms
 HTTP  7/3/2026 5:36:26 pm ::1 Returned 200 in 3 ms
 HTTP  7/3/2026 5:36:26 pm ::1 Returned 200 in 3 ms
 HTTP  7/3/2026 5:36:26 pm ::1 GET /assets/node_modules/.pnpm/@expo+vector-icons@15.1.1_e_0551bb4c91465be345a06121634ce70b/node_modules/@expo/vector-icons/build/vendor/react-native-vector-icons/Fonts/MaterialCommunityIcons.6e435534bd35da5fef04168860a9b8fa.ttf
 HTTP  7/3/2026 5:36:26 pm ::1 Returned 200 in 2 ms
 HTTP  7/3/2026 5:36:26 pm ::1 GET /assets/assets/images/logo-glow.dbca075a49dc45e550c5d2e3e9601039.png
 HTTP  7/3/2026 5:36:26 pm ::1 Returned 200 in 2 ms
 HTTP  7/3/2026 5:36:26 pm ::1 GET /legal/terms
 HTTP  7/3/2026 5:36:26 pm ::1 Returned 200 in 1 ms
 HTTP  7/3/2026 5:36:26 pm ::1 GET /_expo/static/js/web/entry-d6b311123318afe3be416ea9fb41b065.js
 HTTP  7/3/2026 5:36:26 pm ::1 Returned 200 in 1 ms
 HTTP  7/3/2026 5:36:26 pm ::1 GET /assets/assets/images/logo-glow.dbca075a49dc45e550c5d2e3e9601039.png
 HTTP  7/3/2026 5:36:26 pm ::1 HEAD /
 HTTP  7/3/2026 5:36:26 pm ::1 Returned 200 in 3 ms
 HTTP  7/3/2026 5:36:26 pm ::1 Returned 200 in 1 ms
 HTTP  7/3/2026 5:36:26 pm ::1 GET /assets/node_modules/.pnpm/@expo+vector-icons@15.1.1_e_0551bb4c91465be345a06121634ce70b/node_modules/@expo/vector-icons/build/vendor/react-native-vector-icons/Fonts/MaterialCommunityIcons.6e435534bd35da5fef04168860a9b8fa.ttf
 HTTP  7/3/2026 5:36:26 pm ::1 Returned 200 in 3 ms
 HTTP  7/3/2026 5:36:26 pm ::1 GET /assets/assets/images/logo-glow.dbca075a49dc45e550c5d2e3e9601039.png
 HTTP  7/3/2026 5:36:26 pm ::1 Returned 200 in 5 ms
 HTTP  7/3/2026 5:36:27 pm ::1 GET /legal/privacy
 HTTP  7/3/2026 5:36:27 pm ::1 Returned 200 in 4 ms
 HTTP  7/3/2026 5:36:27 pm ::1 GET /_expo/static/js/web/entry-d6b311123318afe3be416ea9fb41b065.js
 HTTP  7/3/2026 5:36:27 pm ::1 Returned 200 in 1 ms
 HTTP  7/3/2026 5:36:27 pm ::1 GET /assets/assets/images/logo-glow.dbca075a49dc45e550c5d2e3e9601039.png
 HTTP  7/3/2026 5:36:27 pm ::1 HEAD /
 HTTP  7/3/2026 5:36:27 pm ::1 HEAD /
 HTTP  7/3/2026 5:36:27 pm ::1 Returned 200 in 4 ms
 HTTP  7/3/2026 5:36:27 pm ::1 Returned 200 in 4 ms
 HTTP  7/3/2026 5:36:27 pm ::1 Returned 200 in 2 ms
 HTTP  7/3/2026 5:36:27 pm ::1 GET /assets/node_modules/.pnpm/@expo+vector-icons@15.1.1_e_0551bb4c91465be345a06121634ce70b/node_modules/@expo/vector-icons/build/vendor/react-native-vector-icons/Fonts/MaterialCommunityIcons.6e435534bd35da5fef04168860a9b8fa.ttf
 HTTP  7/3/2026 5:36:27 pm ::1 Returned 200 in 1 ms
 HTTP  7/3/2026 5:36:27 pm ::1 GET /assets/assets/images/logo-glow.dbca075a49dc45e550c5d2e3e9601039.png
 HTTP  7/3/2026 5:36:27 pm ::1 Returned 200 in 1 ms
 HTTP  7/3/2026 5:36:27 pm ::1 GET /legal/changelog
 HTTP  7/3/2026 5:36:27 pm ::1 Returned 200 in 2 ms
 HTTP  7/3/2026 5:36:27 pm ::1 GET /_expo/static/js/web/entry-d6b311123318afe3be416ea9fb41b065.js
 HTTP  7/3/2026 5:36:27 pm ::1 Returned 200 in 2 ms
 HTTP  7/3/2026 5:36:28 pm ::1 GET /assets/assets/images/logo-glow.dbca075a49dc45e550c5d2e3e9601039.png
 HTTP  7/3/2026 5:36:28 pm ::1 HEAD /
 HTTP  7/3/2026 5:36:28 pm ::1 Returned 200 in 4 ms
 HTTP  7/3/2026 5:36:28 pm ::1 Returned 200 in 2 ms
 HTTP  7/3/2026 5:36:28 pm ::1 GET /assets/node_modules/.pnpm/@expo+vector-icons@15.1.1_e_0551bb4c91465be345a06121634ce70b/node_modules/@expo/vector-icons/build/vendor/react-native-vector-icons/Fonts/MaterialCommunityIcons.6e435534bd35da5fef04168860a9b8fa.ttf
 HTTP  7/3/2026 5:36:28 pm ::1 Returned 200 in 2 ms
 HTTP  7/3/2026 5:36:28 pm ::1 GET /assets/assets/images/logo-glow.dbca075a49dc45e550c5d2e3e9601039.png
 HTTP  7/3/2026 5:36:28 pm ::1 Returned 200 in 2 ms
 HTTP  7/3/2026 5:36:28 pm ::1 GET /legal/about
 HTTP  7/3/2026 5:36:28 pm ::1 Returned 200 in 1 ms
 HTTP  7/3/2026 5:36:28 pm ::1 GET /_expo/static/js/web/entry-d6b311123318afe3be416ea9fb41b065.js
 HTTP  7/3/2026 5:36:28 pm ::1 Returned 200 in 2 ms
 HTTP  7/3/2026 5:36:28 pm ::1 GET /assets/assets/images/logo-glow.dbca075a49dc45e550c5d2e3e9601039.png
 HTTP  7/3/2026 5:36:28 pm ::1 HEAD /
 HTTP  7/3/2026 5:36:28 pm ::1 HEAD /
 HTTP  7/3/2026 5:36:28 pm ::1 Returned 200 in 6 ms
 HTTP  7/3/2026 5:36:28 pm ::1 Returned 200 in 2 ms
 HTTP  7/3/2026 5:36:28 pm ::1 Returned 200 in 2 ms
 HTTP  7/3/2026 5:36:28 pm ::1 GET /assets/node_modules/.pnpm/@expo+vector-icons@15.1.1_e_0551bb4c91465be345a06121634ce70b/node_modules/@expo/vector-icons/build/vendor/react-native-vector-icons/Fonts/MaterialCommunityIcons.6e435534bd35da5fef04168860a9b8fa.ttf
 HTTP  7/3/2026 5:36:28 pm ::1 Returned 200 in 1 ms
 HTTP  7/3/2026 5:36:28 pm ::1 GET /assets/assets/images/logo-glow.dbca075a49dc45e550c5d2e3e9601039.png
 HTTP  7/3/2026 5:36:28 pm ::1 Returned 200 in 4 ms
 HTTP  7/3/2026 5:36:28 pm ::1 GET /
 HTTP  7/3/2026 5:36:28 pm ::1 Returned 200 in 2 ms
 HTTP  7/3/2026 5:36:28 pm ::1 GET /_expo/static/js/web/entry-d6b311123318afe3be416ea9fb41b065.js
 HTTP  7/3/2026 5:36:28 pm ::1 Returned 200 in 1 ms
 HTTP  7/3/2026 5:36:29 pm ::1 GET /assets/assets/images/logo-glow.dbca075a49dc45e550c5d2e3e9601039.png
 HTTP  7/3/2026 5:36:29 pm ::1 HEAD /
 HTTP  7/3/2026 5:36:29 pm ::1 Returned 200 in 2 ms
 HTTP  7/3/2026 5:36:29 pm ::1 Returned 200 in 3 ms
 HTTP  7/3/2026 5:36:29 pm ::1 GET /assets/assets/images/icon.60bae712bdd8adad2bc0ac5d33ad0531.png
 HTTP  7/3/2026 5:36:29 pm ::1 Returned 200 in 2 ms
 HTTP  7/3/2026 5:36:29 pm ::1 GET /billing
 HTTP  7/3/2026 5:36:29 pm ::1 Returned 200 in 1 ms
 HTTP  7/3/2026 5:36:29 pm ::1 GET /_expo/static/js/web/entry-d6b311123318afe3be416ea9fb41b065.js
 HTTP  7/3/2026 5:36:29 pm ::1 Returned 200 in 2 ms
 HTTP  7/3/2026 5:36:29 pm ::1 GET /assets/assets/images/logo-glow.dbca075a49dc45e550c5d2e3e9601039.png
 HTTP  7/3/2026 5:36:29 pm ::1 HEAD /
 HTTP  7/3/2026 5:36:29 pm ::1 Returned 200 in 1 ms
 HTTP  7/3/2026 5:36:29 pm ::1 Returned 200 in 1 ms
 HTTP  7/3/2026 5:36:29 pm ::1 GET /assets/node_modules/.pnpm/@expo+vector-icons@15.1.1_e_0551bb4c91465be345a06121634ce70b/node_modules/@expo/vector-icons/build/vendor/react-native-vector-icons/Fonts/MaterialCommunityIcons.6e435534bd35da5fef04168860a9b8fa.ttf
 HTTP  7/3/2026 5:36:29 pm ::1 Returned 200 in 1 ms
 HTTP  7/3/2026 5:36:29 pm ::1 GET /assets/assets/images/logo-glow.dbca075a49dc45e550c5d2e3e9601039.png
 HTTP  7/3/2026 5:36:29 pm ::1 Returned 200 in 1 ms
 HTTP  7/3/2026 5:36:30 pm ::1 GET /inventory
 HTTP  7/3/2026 5:36:30 pm ::1 Returned 200 in 1 ms
 HTTP  7/3/2026 5:36:30 pm ::1 GET /_expo/static/js/web/entry-d6b311123318afe3be416ea9fb41b065.js
 HTTP  7/3/2026 5:36:30 pm ::1 Returned 200 in 1 ms
 HTTP  7/3/2026 5:36:30 pm ::1 GET /assets/assets/images/logo-glow.dbca075a49dc45e550c5d2e3e9601039.png
 HTTP  7/3/2026 5:36:30 pm ::1 HEAD /
 HTTP  7/3/2026 5:36:30 pm ::1 Returned 200 in 2 ms
 HTTP  7/3/2026 5:36:30 pm ::1 Returned 200 in 2 ms
 HTTP  7/3/2026 5:36:30 pm ::1 GET /assets/node_modules/.pnpm/@expo+vector-icons@15.1.1_e_0551bb4c91465be345a06121634ce70b/node_modules/@expo/vector-icons/build/vendor/react-native-vector-icons/Fonts/MaterialCommunityIcons.6e435534bd35da5fef04168860a9b8fa.ttf
 HTTP  7/3/2026 5:36:30 pm ::1 Returned 200 in 1 ms
 HTTP  7/3/2026 5:36:30 pm ::1 GET /assets/assets/images/logo-glow.dbca075a49dc45e550c5d2e3e9601039.png
 HTTP  7/3/2026 5:36:30 pm ::1 Returned 200 in 3 ms
 HTTP  7/3/2026 5:36:30 pm ::1 GET /accounts
 HTTP  7/3/2026 5:36:30 pm ::1 Returned 200 in 3 ms
 HTTP  7/3/2026 5:36:30 pm ::1 GET /_expo/static/js/web/entry-d6b311123318afe3be416ea9fb41b065.js
 HTTP  7/3/2026 5:36:30 pm ::1 Returned 200 in 1 ms
 HTTP  7/3/2026 5:36:31 pm ::1 GET /assets/assets/images/logo-glow.dbca075a49dc45e550c5d2e3e9601039.png
 HTTP  7/3/2026 5:36:31 pm ::1 HEAD /
 HTTP  7/3/2026 5:36:31 pm ::1 Returned 200 in 4 ms
 HTTP  7/3/2026 5:36:31 pm ::1 Returned 200 in 2 ms
 HTTP  7/3/2026 5:36:31 pm ::1 GET /assets/node_modules/.pnpm/@expo+vector-icons@15.1.1_e_0551bb4c91465be345a06121634ce70b/node_modules/@expo/vector-icons/build/vendor/react-native-vector-icons/Fonts/MaterialCommunityIcons.6e435534bd35da5fef04168860a9b8fa.ttf
 HTTP  7/3/2026 5:36:31 pm ::1 Returned 200 in 1 ms
 HTTP  7/3/2026 5:36:31 pm ::1 GET /assets/assets/images/logo-glow.dbca075a49dc45e550c5d2e3e9601039.png
 HTTP  7/3/2026 5:36:31 pm ::1 Returned 200 in 1 ms
 HTTP  7/3/2026 5:36:31 pm ::1 GET /reports
 HTTP  7/3/2026 5:36:31 pm ::1 Returned 200 in 2 ms
 HTTP  7/3/2026 5:36:31 pm ::1 GET /_expo/static/js/web/entry-d6b311123318afe3be416ea9fb41b065.js
 HTTP  7/3/2026 5:36:31 pm ::1 Returned 200 in 1 ms
 HTTP  7/3/2026 5:36:31 pm ::1 GET /assets/assets/images/logo-glow.dbca075a49dc45e550c5d2e3e9601039.png
 HTTP  7/3/2026 5:36:31 pm ::1 HEAD /
 HTTP  7/3/2026 5:36:31 pm ::1 Returned 200 in 2 ms
 HTTP  7/3/2026 5:36:31 pm ::1 Returned 200 in 1 ms
 HTTP  7/3/2026 5:36:31 pm ::1 GET /assets/node_modules/.pnpm/@expo+vector-icons@15.1.1_e_0551bb4c91465be345a06121634ce70b/node_modules/@expo/vector-icons/build/vendor/react-native-vector-icons/Fonts/MaterialCommunityIcons.6e435534bd35da5fef04168860a9b8fa.ttf
 HTTP  7/3/2026 5:36:31 pm ::1 Returned 200 in 2 ms
 HTTP  7/3/2026 5:36:31 pm ::1 GET /assets/assets/images/logo-glow.dbca075a49dc45e550c5d2e3e9601039.png
 HTTP  7/3/2026 5:36:31 pm ::1 Returned 200 in 1 ms
 HTTP  7/3/2026 5:36:32 pm ::1 GET /more
 HTTP  7/3/2026 5:36:32 pm ::1 Returned 200 in 3 ms
 HTTP  7/3/2026 5:36:32 pm ::1 GET /_expo/static/js/web/entry-d6b311123318afe3be416ea9fb41b065.js
 HTTP  7/3/2026 5:36:32 pm ::1 Returned 200 in 2 ms
 HTTP  7/3/2026 5:36:32 pm ::1 GET /assets/assets/images/logo-glow.dbca075a49dc45e550c5d2e3e9601039.png
 HTTP  7/3/2026 5:36:32 pm ::1 HEAD /
 HTTP  7/3/2026 5:36:32 pm ::1 Returned 200 in 1 ms
 HTTP  7/3/2026 5:36:32 pm ::1 Returned 200 in 1 ms
 HTTP  7/3/2026 5:36:32 pm ::1 GET /assets/node_modules/.pnpm/@expo+vector-icons@15.1.1_e_0551bb4c91465be345a06121634ce70b/node_modules/@expo/vector-icons/build/vendor/react-native-vector-icons/Fonts/MaterialCommunityIcons.6e435534bd35da5fef04168860a9b8fa.ttf
 HTTP  7/3/2026 5:36:32 pm ::1 Returned 200 in 2 ms
 HTTP  7/3/2026 5:36:32 pm ::1 GET /assets/assets/images/logo-glow.dbca075a49dc45e550c5d2e3e9601039.png
 HTTP  7/3/2026 5:36:32 pm ::1 Returned 200 in 2 ms
 HTTP  7/3/2026 5:36:32 pm ::1 GET /assets/assets/images/logo-glow.dbca075a49dc45e550c5d2e3e9601039.png
 HTTP  7/3/2026 5:36:32 pm ::1 Returned 200 in 1 ms
 HTTP  7/3/2026 5:36:32 pm ::1 GET /more/settings
 HTTP  7/3/2026 5:36:32 pm ::1 Returned 200 in 5 ms
 HTTP  7/3/2026 5:36:32 pm ::1 GET /_expo/static/js/web/entry-d6b311123318afe3be416ea9fb41b065.js
 HTTP  7/3/2026 5:36:32 pm ::1 Returned 200 in 3 ms
 HTTP  7/3/2026 5:36:32 pm ::1 GET /assets/assets/images/logo-glow.dbca075a49dc45e550c5d2e3e9601039.png
 HTTP  7/3/2026 5:36:32 pm ::1 HEAD /
 HTTP  7/3/2026 5:36:32 pm ::1 HEAD /
 HTTP  7/3/2026 5:36:32 pm ::1 Returned 200 in 4 ms
 HTTP  7/3/2026 5:36:32 pm ::1 Returned 200 in 3 ms
 HTTP  7/3/2026 5:36:32 pm ::1 Returned 200 in 3 ms
 HTTP  7/3/2026 5:36:32 pm ::1 GET /assets/node_modules/.pnpm/@expo+vector-icons@15.1.1_e_0551bb4c91465be345a06121634ce70b/node_modules/@expo/vector-icons/build/vendor/react-native-vector-icons/Fonts/MaterialCommunityIcons.6e435534bd35da5fef04168860a9b8fa.ttf
 HTTP  7/3/2026 5:36:32 pm ::1 Returned 200 in 1 ms
 HTTP  7/3/2026 5:36:33 pm ::1 GET /assets/assets/images/logo-glow.dbca075a49dc45e550c5d2e3e9601039.png
 HTTP  7/3/2026 5:36:33 pm ::1 Returned 200 in 1 ms
 HTTP  7/3/2026 5:36:33 pm ::1 GET /more/printing
 HTTP  7/3/2026 5:36:33 pm ::1 Returned 200 in 1 ms
 HTTP  7/3/2026 5:36:33 pm ::1 GET /_expo/static/js/web/entry-d6b311123318afe3be416ea9fb41b065.js
 HTTP  7/3/2026 5:36:33 pm ::1 Returned 200 in 3 ms
 HTTP  7/3/2026 5:36:33 pm ::1 GET /assets/assets/images/logo-glow.dbca075a49dc45e550c5d2e3e9601039.png
 HTTP  7/3/2026 5:36:33 pm ::1 HEAD /
 HTTP  7/3/2026 5:36:33 pm ::1 Returned 200 in 3 ms
 HTTP  7/3/2026 5:36:33 pm ::1 Returned 200 in 4 ms
 HTTP  7/3/2026 5:36:33 pm ::1 GET /assets/node_modules/.pnpm/@expo+vector-icons@15.1.1_e_0551bb4c91465be345a06121634ce70b/node_modules/@expo/vector-icons/build/vendor/react-native-vector-icons/Fonts/MaterialCommunityIcons.6e435534bd35da5fef04168860a9b8fa.ttf
 HTTP  7/3/2026 5:36:33 pm ::1 Returned 200 in 3 ms
 HTTP  7/3/2026 5:36:33 pm ::1 GET /assets/assets/images/logo-glow.dbca075a49dc45e550c5d2e3e9601039.png
 HTTP  7/3/2026 5:36:33 pm ::1 Returned 200 in 2 ms
 HTTP  7/3/2026 5:36:33 pm ::1 GET /more/item-masters
 HTTP  7/3/2026 5:36:33 pm ::1 Returned 200 in 3 ms
 HTTP  7/3/2026 5:36:33 pm ::1 GET /_expo/static/js/web/entry-d6b311123318afe3be416ea9fb41b065.js
 HTTP  7/3/2026 5:36:33 pm ::1 Returned 200 in 2 ms
 HTTP  7/3/2026 5:36:34 pm ::1 GET /assets/assets/images/logo-glow.dbca075a49dc45e550c5d2e3e9601039.png
 HTTP  7/3/2026 5:36:34 pm ::1 HEAD /
 HTTP  7/3/2026 5:36:34 pm ::1 HEAD /
 HTTP  7/3/2026 5:36:34 pm ::1 Returned 200 in 7 ms
 HTTP  7/3/2026 5:36:34 pm ::1 Returned 200 in 3 ms
 HTTP  7/3/2026 5:36:34 pm ::1 Returned 200 in 2 ms
 HTTP  7/3/2026 5:36:34 pm ::1 GET /assets/node_modules/.pnpm/@expo+vector-icons@15.1.1_e_0551bb4c91465be345a06121634ce70b/node_modules/@expo/vector-icons/build/vendor/react-native-vector-icons/Fonts/MaterialCommunityIcons.6e435534bd35da5fef04168860a9b8fa.ttf
 HTTP  7/3/2026 5:36:34 pm ::1 Returned 200 in 2 ms
 HTTP  7/3/2026 5:36:34 pm ::1 GET /assets/assets/images/logo-glow.dbca075a49dc45e550c5d2e3e9601039.png
 HTTP  7/3/2026 5:36:34 pm ::1 Returned 200 in 2 ms
 HTTP  7/3/2026 5:36:34 pm ::1 HEAD /
 HTTP  7/3/2026 5:36:34 pm ::1 Returned 200 in 1 ms
 HTTP  7/3/2026 5:36:34 pm ::1 GET /more/role-access
 HTTP  7/3/2026 5:36:34 pm ::1 Returned 200 in 1 ms
 HTTP  7/3/2026 5:36:34 pm ::1 GET /_expo/static/js/web/entry-d6b311123318afe3be416ea9fb41b065.js
 HTTP  7/3/2026 5:36:34 pm ::1 Returned 200 in 2 ms
 HTTP  7/3/2026 5:36:34 pm ::1 GET /assets/assets/images/logo-glow.dbca075a49dc45e550c5d2e3e9601039.png
 HTTP  7/3/2026 5:36:34 pm ::1 HEAD /
 HTTP  7/3/2026 5:36:34 pm ::1 HEAD /
 HTTP  7/3/2026 5:36:34 pm ::1 Returned 200 in 8 ms
 HTTP  7/3/2026 5:36:34 pm ::1 Returned 200 in 6 ms
 HTTP  7/3/2026 5:36:34 pm ::1 Returned 200 in 3 ms
 HTTP  7/3/2026 5:36:34 pm ::1 GET /assets/node_modules/.pnpm/@expo+vector-icons@15.1.1_e_0551bb4c91465be345a06121634ce70b/node_modules/@expo/vector-icons/build/vendor/react-native-vector-icons/Fonts/MaterialCommunityIcons.6e435534bd35da5fef04168860a9b8fa.ttf
 HTTP  7/3/2026 5:36:34 pm ::1 Returned 200 in 1 ms
 HTTP  7/3/2026 5:36:34 pm ::1 GET /assets/assets/images/logo-glow.dbca075a49dc45e550c5d2e3e9601039.png
 HTTP  7/3/2026 5:36:34 pm ::1 Returned 200 in 1 ms
 HTTP  7/3/2026 5:36:35 pm ::1 GET /more/sync
 HTTP  7/3/2026 5:36:35 pm ::1 Returned 200 in 2 ms
 HTTP  7/3/2026 5:36:35 pm ::1 GET /_expo/static/js/web/entry-d6b311123318afe3be416ea9fb41b065.js
 HTTP  7/3/2026 5:36:35 pm ::1 Returned 200 in 1 ms
 HTTP  7/3/2026 5:36:35 pm ::1 GET /assets/assets/images/logo-glow.dbca075a49dc45e550c5d2e3e9601039.png
 HTTP  7/3/2026 5:36:35 pm ::1 HEAD /
 HTTP  7/3/2026 5:36:35 pm ::1 Returned 200 in 2 ms
 HTTP  7/3/2026 5:36:35 pm ::1 Returned 200 in 2 ms
 HTTP  7/3/2026 5:36:35 pm ::1 GET /assets/node_modules/.pnpm/@expo+vector-icons@15.1.1_e_0551bb4c91465be345a06121634ce70b/node_modules/@expo/vector-icons/build/vendor/react-native-vector-icons/Fonts/MaterialCommunityIcons.6e435534bd35da5fef04168860a9b8fa.ttf
 HTTP  7/3/2026 5:36:35 pm ::1 Returned 200 in 2 ms
 HTTP  7/3/2026 5:36:35 pm ::1 GET /assets/assets/images/logo-glow.dbca075a49dc45e550c5d2e3e9601039.png
 HTTP  7/3/2026 5:36:35 pm ::1 Returned 200 in 2 ms
 HTTP  7/3/2026 5:36:35 pm ::1 GET /more/subscription
 HTTP  7/3/2026 5:36:35 pm ::1 Returned 200 in 1 ms
 HTTP  7/3/2026 5:36:35 pm ::1 GET /_expo/static/js/web/entry-d6b311123318afe3be416ea9fb41b065.js
 HTTP  7/3/2026 5:36:35 pm ::1 Returned 200 in 1 ms
 HTTP  7/3/2026 5:36:36 pm ::1 GET /assets/assets/images/logo-glow.dbca075a49dc45e550c5d2e3e9601039.png
 HTTP  7/3/2026 5:36:36 pm ::1 HEAD /
 HTTP  7/3/2026 5:36:36 pm ::1 Returned 200 in 2 ms
 HTTP  7/3/2026 5:36:36 pm ::1 Returned 200 in 1 ms
 HTTP  7/3/2026 5:36:36 pm ::1 GET /assets/node_modules/.pnpm/@expo+vector-icons@15.1.1_e_0551bb4c91465be345a06121634ce70b/node_modules/@expo/vector-icons/build/vendor/react-native-vector-icons/Fonts/MaterialCommunityIcons.6e435534bd35da5fef04168860a9b8fa.ttf
 HTTP  7/3/2026 5:36:36 pm ::1 Returned 200 in 1 ms
 HTTP  7/3/2026 5:36:36 pm ::1 GET /assets/assets/images/logo-glow.dbca075a49dc45e550c5d2e3e9601039.png
 HTTP  7/3/2026 5:36:36 pm ::1 Returned 200 in 2 ms
 HTTP  7/3/2026 5:37:03 pm ::1 HEAD /
 HTTP  7/3/2026 5:37:03 pm ::1 Returned 200 in 1 ms
 HTTP  7/3/2026 5:37:34 pm ::1 HEAD /
 HTTP  7/3/2026 5:37:34 pm ::1 Returned 200 in 1 ms
 HTTP  7/3/2026 5:38:03 pm ::1 HEAD /
 HTTP  7/3/2026 5:38:03 pm ::1 Returned 200 in 2 ms
 HTTP  7/3/2026 5:38:34 pm ::1 HEAD /
 HTTP  7/3/2026 5:38:34 pm ::1 Returned 200 in 2 ms
 HTTP  7/3/2026 5:39:03 pm ::1 HEAD /
 HTTP  7/3/2026 5:39:03 pm ::1 Returned 200 in 1 ms
 HTTP  7/3/2026 5:39:34 pm ::1 HEAD /
 HTTP  7/3/2026 5:39:34 pm ::1 Returned 200 in 2 ms
 HTTP  7/3/2026 5:40:03 pm ::1 HEAD /
 HTTP  7/3/2026 5:40:03 pm ::1 Returned 200 in 2 ms
 HTTP  7/3/2026 5:40:34 pm ::1 HEAD /
 HTTP  7/3/2026 5:40:34 pm ::1 Returned 200 in 1 ms
 HTTP  7/3/2026 5:41:03 pm ::1 HEAD /
 HTTP  7/3/2026 5:41:03 pm ::1 Returned 200 in 2 ms
 HTTP  7/3/2026 5:41:34 pm ::1 HEAD /
 HTTP  7/3/2026 5:41:34 pm ::1 Returned 200 in 1 ms
 HTTP  7/3/2026 5:42:03 pm ::1 HEAD /
 HTTP  7/3/2026 5:42:03 pm ::1 Returned 200 in 1 ms
 HTTP  7/3/2026 5:42:34 pm ::1 HEAD /
 HTTP  7/3/2026 5:42:34 pm ::1 Returned 200 in 1 ms
 HTTP  7/3/2026 5:43:03 pm ::1 HEAD /
 HTTP  7/3/2026 5:43:03 pm ::1 Returned 200 in 1 ms
 HTTP  7/3/2026 5:43:32 pm ::1 GET /login
 HTTP  7/3/2026 5:43:32 pm ::1 Returned 200 in 5 ms
 HTTP  7/3/2026 5:43:32 pm ::1 GET /_expo/static/js/web/entry-d6b311123318afe3be416ea9fb41b065.js
 HTTP  7/3/2026 5:43:32 pm ::1 Returned 200 in 2 ms
 HTTP  7/3/2026 5:43:33 pm ::1 GET /assets/assets/images/logo-glow.dbca075a49dc45e550c5d2e3e9601039.png
 HTTP  7/3/2026 5:43:33 pm ::1 HEAD /
 HTTP  7/3/2026 5:43:33 pm ::1 Returned 200 in 11 ms
 HTTP  7/3/2026 5:43:33 pm ::1 Returned 200 in 10 ms
 HTTP  7/3/2026 5:43:33 pm ::1 HEAD /
 HTTP  7/3/2026 5:43:33 pm ::1 Returned 200 in 1 ms
 HTTP  7/3/2026 5:43:33 pm ::1 GET /assets/assets/images/logo-glow.dbca075a49dc45e550c5d2e3e9601039.png
 HTTP  7/3/2026 5:43:33 pm ::1 GET /assets/assets/images/icon.60bae712bdd8adad2bc0ac5d33ad0531.png
 HTTP  7/3/2026 5:43:33 pm ::1 Returned 200 in 10 ms
 HTTP  7/3/2026 5:43:33 pm ::1 Returned 200 in 4 ms
 HTTP  7/3/2026 5:43:33 pm ::1 GET /business-select
 HTTP  7/3/2026 5:43:33 pm ::1 Returned 200 in 2 ms
 HTTP  7/3/2026 5:43:33 pm ::1 GET /_expo/static/js/web/entry-d6b311123318afe3be416ea9fb41b065.js
 HTTP  7/3/2026 5:43:33 pm ::1 Returned 200 in 3 ms
 HTTP  7/3/2026 5:43:34 pm ::1 GET /assets/assets/images/logo-glow.dbca075a49dc45e550c5d2e3e9601039.png
 HTTP  7/3/2026 5:43:34 pm ::1 HEAD /
 HTTP  7/3/2026 5:43:34 pm ::1 Returned 200 in 3 ms
 HTTP  7/3/2026 5:43:34 pm ::1 Returned 200 in 2 ms
 HTTP  7/3/2026 5:43:34 pm ::1 GET /assets/node_modules/.pnpm/@expo+vector-icons@15.1.1_e_0551bb4c91465be345a06121634ce70b/node_modules/@expo/vector-icons/build/vendor/react-native-vector-icons/Fonts/MaterialCommunityIcons.6e435534bd35da5fef04168860a9b8fa.ttf
 HTTP  7/3/2026 5:43:34 pm ::1 Returned 200 in 2 ms
 HTTP  7/3/2026 5:43:34 pm ::1 GET /assets/assets/images/logo-glow.dbca075a49dc45e550c5d2e3e9601039.png
 HTTP  7/3/2026 5:43:34 pm ::1 Returned 200 in 1 ms
 HTTP  7/3/2026 5:43:34 pm ::1 HEAD /
 HTTP  7/3/2026 5:43:34 pm ::1 Returned 200 in 2 ms
 HTTP  7/3/2026 5:43:34 pm ::1 GET /
 HTTP  7/3/2026 5:43:34 pm ::1 Returned 200 in 2 ms
 HTTP  7/3/2026 5:43:34 pm ::1 GET /_expo/static/js/web/entry-d6b311123318afe3be416ea9fb41b065.js
 HTTP  7/3/2026 5:43:34 pm ::1 Returned 200 in 1 ms
 HTTP  7/3/2026 5:43:35 pm ::1 GET /assets/assets/images/logo-glow.dbca075a49dc45e550c5d2e3e9601039.png
 HTTP  7/3/2026 5:43:35 pm ::1 HEAD /
 HTTP  7/3/2026 5:43:35 pm ::1 Returned 200 in 2 ms
 HTTP  7/3/2026 5:43:35 pm ::1 Returned 200 in 2 ms
 HTTP  7/3/2026 5:43:35 pm ::1 GET /assets/assets/images/icon.60bae712bdd8adad2bc0ac5d33ad0531.png
 HTTP  7/3/2026 5:43:35 pm ::1 Returned 200 in 1 ms
 HTTP  7/3/2026 5:43:35 pm ::1 GET /billing
 HTTP  7/3/2026 5:43:35 pm ::1 Returned 200 in 2 ms
 HTTP  7/3/2026 5:43:35 pm ::1 GET /_expo/static/js/web/entry-d6b311123318afe3be416ea9fb41b065.js
 HTTP  7/3/2026 5:43:35 pm ::1 Returned 200 in 2 ms
 HTTP  7/3/2026 5:43:35 pm ::1 GET /assets/assets/images/logo-glow.dbca075a49dc45e550c5d2e3e9601039.png
 HTTP  7/3/2026 5:43:35 pm ::1 HEAD /
 HTTP  7/3/2026 5:43:35 pm ::1 Returned 200 in 4 ms
 HTTP  7/3/2026 5:43:35 pm ::1 Returned 200 in 2 ms
 HTTP  7/3/2026 5:43:35 pm ::1 GET /assets/node_modules/.pnpm/@expo+vector-icons@15.1.1_e_0551bb4c91465be345a06121634ce70b/node_modules/@expo/vector-icons/build/vendor/react-native-vector-icons/Fonts/MaterialCommunityIcons.6e435534bd35da5fef04168860a9b8fa.ttf
 HTTP  7/3/2026 5:43:35 pm ::1 Returned 200 in 7 ms
 HTTP  7/3/2026 5:43:36 pm ::1 GET /assets/assets/images/logo-glow.dbca075a49dc45e550c5d2e3e9601039.png
 HTTP  7/3/2026 5:43:36 pm ::1 Returned 200 in 2 ms
 HTTP  7/3/2026 5:43:36 pm ::1 GET /billing/inv-1
 HTTP  7/3/2026 5:43:36 pm ::1 Returned 200 in 4 ms
 HTTP  7/3/2026 5:43:36 pm ::1 GET /_expo/static/js/web/entry-d6b311123318afe3be416ea9fb41b065.js
 HTTP  7/3/2026 5:43:36 pm ::1 Returned 200 in 2 ms
 HTTP  7/3/2026 5:43:36 pm ::1 GET /assets/assets/images/logo-glow.dbca075a49dc45e550c5d2e3e9601039.png
 HTTP  7/3/2026 5:43:36 pm ::1 HEAD /
 HTTP  7/3/2026 5:43:36 pm ::1 HEAD /
 HTTP  7/3/2026 5:43:36 pm ::1 Returned 200 in 5 ms
 HTTP  7/3/2026 5:43:36 pm ::1 Returned 200 in 4 ms
 HTTP  7/3/2026 5:43:36 pm ::1 Returned 200 in 5 ms
 HTTP  7/3/2026 5:43:36 pm ::1 GET /assets/node_modules/.pnpm/@expo+vector-icons@15.1.1_e_0551bb4c91465be345a06121634ce70b/node_modules/@expo/vector-icons/build/vendor/react-native-vector-icons/Fonts/MaterialCommunityIcons.6e435534bd35da5fef04168860a9b8fa.ttf
 HTTP  7/3/2026 5:43:36 pm ::1 Returned 200 in 2 ms
 HTTP  7/3/2026 5:43:36 pm ::1 GET /assets/assets/images/logo-glow.dbca075a49dc45e550c5d2e3e9601039.png
 HTTP  7/3/2026 5:43:36 pm ::1 Returned 200 in 1 ms
 HTTP  7/3/2026 5:43:36 pm ::1 GET /billing/create?type=TAX_INVOICE
 HTTP  7/3/2026 5:43:36 pm ::1 Returned 200 in 1 ms
 HTTP  7/3/2026 5:43:36 pm ::1 GET /_expo/static/js/web/entry-d6b311123318afe3be416ea9fb41b065.js
 HTTP  7/3/2026 5:43:36 pm ::1 Returned 200 in 1 ms
 HTTP  7/3/2026 5:43:37 pm ::1 GET /assets/assets/images/logo-glow.dbca075a49dc45e550c5d2e3e9601039.png
 HTTP  7/3/2026 5:43:37 pm ::1 HEAD /
 HTTP  7/3/2026 5:43:37 pm ::1 Returned 200 in 4 ms
 HTTP  7/3/2026 5:43:37 pm ::1 Returned 200 in 2 ms
 HTTP  7/3/2026 5:43:37 pm ::1 GET /assets/node_modules/.pnpm/@expo+vector-icons@15.1.1_e_0551bb4c91465be345a06121634ce70b/node_modules/@expo/vector-icons/build/vendor/react-native-vector-icons/Fonts/MaterialCommunityIcons.6e435534bd35da5fef04168860a9b8fa.ttf
 HTTP  7/3/2026 5:43:37 pm ::1 Returned 200 in 2 ms
 HTTP  7/3/2026 5:43:37 pm ::1 GET /assets/assets/images/logo-glow.dbca075a49dc45e550c5d2e3e9601039.png
 HTTP  7/3/2026 5:43:37 pm ::1 Returned 200 in 5 ms
 HTTP  7/3/2026 5:43:37 pm ::1 GET /billing/pos
 HTTP  7/3/2026 5:43:37 pm ::1 Returned 200 in 2 ms
 HTTP  7/3/2026 5:43:37 pm ::1 GET /_expo/static/js/web/entry-d6b311123318afe3be416ea9fb41b065.js
 HTTP  7/3/2026 5:43:37 pm ::1 Returned 200 in 2 ms
 HTTP  7/3/2026 5:43:38 pm ::1 GET /assets/assets/images/logo-glow.dbca075a49dc45e550c5d2e3e9601039.png
 HTTP  7/3/2026 5:43:38 pm ::1 HEAD /
 HTTP  7/3/2026 5:43:38 pm ::1 HEAD /
 HTTP  7/3/2026 5:43:38 pm ::1 Returned 200 in 6 ms
 HTTP  7/3/2026 5:43:38 pm ::1 Returned 200 in 4 ms
 HTTP  7/3/2026 5:43:38 pm ::1 Returned 200 in 3 ms
 HTTP  7/3/2026 5:43:38 pm ::1 GET /assets/node_modules/.pnpm/@expo+vector-icons@15.1.1_e_0551bb4c91465be345a06121634ce70b/node_modules/@expo/vector-icons/build/vendor/react-native-vector-icons/Fonts/MaterialCommunityIcons.6e435534bd35da5fef04168860a9b8fa.ttf
 HTTP  7/3/2026 5:43:38 pm ::1 Returned 200 in 2 ms
 HTTP  7/3/2026 5:43:38 pm ::1 GET /assets/assets/images/logo-glow.dbca075a49dc45e550c5d2e3e9601039.png
 HTTP  7/3/2026 5:43:38 pm ::1 Returned 200 in 2 ms
 HTTP  7/3/2026 5:43:38 pm ::1 GET /billing/payment-in
 HTTP  7/3/2026 5:43:38 pm ::1 Returned 200 in 3 ms
 HTTP  7/3/2026 5:43:38 pm ::1 GET /_expo/static/js/web/entry-d6b311123318afe3be416ea9fb41b065.js
 HTTP  7/3/2026 5:43:38 pm ::1 Returned 200 in 2 ms
 HTTP  7/3/2026 5:43:38 pm ::1 GET /assets/assets/images/logo-glow.dbca075a49dc45e550c5d2e3e9601039.png
 HTTP  7/3/2026 5:43:38 pm ::1 HEAD /
 HTTP  7/3/2026 5:43:38 pm ::1 Returned 200 in 2 ms
 HTTP  7/3/2026 5:43:38 pm ::1 Returned 200 in 2 ms
 HTTP  7/3/2026 5:43:38 pm ::1 GET /assets/node_modules/.pnpm/@expo+vector-icons@15.1.1_e_0551bb4c91465be345a06121634ce70b/node_modules/@expo/vector-icons/build/vendor/react-native-vector-icons/Fonts/MaterialCommunityIcons.6e435534bd35da5fef04168860a9b8fa.ttf
 HTTP  7/3/2026 5:43:38 pm ::1 Returned 200 in 1 ms
 HTTP  7/3/2026 5:43:38 pm ::1 GET /assets/assets/images/logo-glow.dbca075a49dc45e550c5d2e3e9601039.png
 HTTP  7/3/2026 5:43:38 pm ::1 Returned 200 in 2 ms
 HTTP  7/3/2026 5:43:39 pm ::1 GET /billing/payment-out
 HTTP  7/3/2026 5:43:39 pm ::1 Returned 200 in 2 ms
 HTTP  7/3/2026 5:43:39 pm ::1 GET /_expo/static/js/web/entry-d6b311123318afe3be416ea9fb41b065.js
 HTTP  7/3/2026 5:43:39 pm ::1 Returned 200 in 2 ms
 HTTP  7/3/2026 5:43:39 pm ::1 GET /assets/assets/images/logo-glow.dbca075a49dc45e550c5d2e3e9601039.png
 HTTP  7/3/2026 5:43:39 pm ::1 HEAD /
 HTTP  7/3/2026 5:43:39 pm ::1 Returned 200 in 2 ms
 HTTP  7/3/2026 5:43:39 pm ::1 Returned 200 in 1 ms
 HTTP  7/3/2026 5:43:39 pm ::1 GET /assets/node_modules/.pnpm/@expo+vector-icons@15.1.1_e_0551bb4c91465be345a06121634ce70b/node_modules/@expo/vector-icons/build/vendor/react-native-vector-icons/Fonts/MaterialCommunityIcons.6e435534bd35da5fef04168860a9b8fa.ttf
 HTTP  7/3/2026 5:43:39 pm ::1 Returned 200 in 2 ms
 HTTP  7/3/2026 5:43:39 pm ::1 GET /assets/assets/images/logo-glow.dbca075a49dc45e550c5d2e3e9601039.png
 HTTP  7/3/2026 5:43:39 pm ::1 Returned 200 in 2 ms
 HTTP  7/3/2026 5:43:39 pm ::1 GET /billing/party-select
 HTTP  7/3/2026 5:43:39 pm ::1 Returned 200 in 2 ms
 HTTP  7/3/2026 5:43:39 pm ::1 GET /_expo/static/js/web/entry-d6b311123318afe3be416ea9fb41b065.js
 HTTP  7/3/2026 5:43:39 pm ::1 Returned 200 in 2 ms
 HTTP  7/3/2026 5:43:40 pm ::1 GET /assets/assets/images/logo-glow.dbca075a49dc45e550c5d2e3e9601039.png
 HTTP  7/3/2026 5:43:40 pm ::1 HEAD /
 HTTP  7/3/2026 5:43:40 pm ::1 Returned 200 in 2 ms
 HTTP  7/3/2026 5:43:40 pm ::1 Returned 200 in 2 ms
 HTTP  7/3/2026 5:43:40 pm ::1 GET /assets/node_modules/.pnpm/@expo+vector-icons@15.1.1_e_0551bb4c91465be345a06121634ce70b/node_modules/@expo/vector-icons/build/vendor/react-native-vector-icons/Fonts/MaterialCommunityIcons.6e435534bd35da5fef04168860a9b8fa.ttf
 HTTP  7/3/2026 5:43:40 pm ::1 Returned 200 in 2 ms
 HTTP  7/3/2026 5:43:40 pm ::1 GET /assets/assets/images/logo-glow.dbca075a49dc45e550c5d2e3e9601039.png
 HTTP  7/3/2026 5:43:40 pm ::1 Returned 200 in 3 ms
 HTTP  7/3/2026 5:43:40 pm ::1 GET /inventory
 HTTP  7/3/2026 5:43:40 pm ::1 Returned 200 in 2 ms
 HTTP  7/3/2026 5:43:40 pm ::1 GET /_expo/static/js/web/entry-d6b311123318afe3be416ea9fb41b065.js
 HTTP  7/3/2026 5:43:40 pm ::1 Returned 200 in 2 ms
 HTTP  7/3/2026 5:43:40 pm ::1 GET /assets/assets/images/logo-glow.dbca075a49dc45e550c5d2e3e9601039.png
 HTTP  7/3/2026 5:43:40 pm ::1 HEAD /
 HTTP  7/3/2026 5:43:40 pm ::1 Returned 200 in 2 ms
 HTTP  7/3/2026 5:43:40 pm ::1 Returned 200 in 1 ms
 HTTP  7/3/2026 5:43:40 pm ::1 GET /assets/node_modules/.pnpm/@expo+vector-icons@15.1.1_e_0551bb4c91465be345a06121634ce70b/node_modules/@expo/vector-icons/build/vendor/react-native-vector-icons/Fonts/MaterialCommunityIcons.6e435534bd35da5fef04168860a9b8fa.ttf
 HTTP  7/3/2026 5:43:40 pm ::1 Returned 200 in 5 ms
 HTTP  7/3/2026 5:43:40 pm ::1 GET /assets/assets/images/logo-glow.dbca075a49dc45e550c5d2e3e9601039.png
 HTTP  7/3/2026 5:43:40 pm ::1 Returned 200 in 3 ms
 HTTP  7/3/2026 5:43:41 pm ::1 GET /inventory/add-item
 HTTP  7/3/2026 5:43:41 pm ::1 Returned 200 in 6 ms
 HTTP  7/3/2026 5:43:41 pm ::1 GET /_expo/static/js/web/entry-d6b311123318afe3be416ea9fb41b065.js
 HTTP  7/3/2026 5:43:41 pm ::1 Returned 200 in 3 ms
 HTTP  7/3/2026 5:43:41 pm ::1 GET /assets/assets/images/logo-glow.dbca075a49dc45e550c5d2e3e9601039.png
 HTTP  7/3/2026 5:43:41 pm ::1 HEAD /
 HTTP  7/3/2026 5:43:41 pm ::1 Returned 200 in 2 ms
 HTTP  7/3/2026 5:43:41 pm ::1 Returned 200 in 2 ms
 HTTP  7/3/2026 5:43:41 pm ::1 GET /assets/node_modules/.pnpm/@expo+vector-icons@15.1.1_e_0551bb4c91465be345a06121634ce70b/node_modules/@expo/vector-icons/build/vendor/react-native-vector-icons/Fonts/MaterialCommunityIcons.6e435534bd35da5fef04168860a9b8fa.ttf
 HTTP  7/3/2026 5:43:41 pm ::1 Returned 200 in 2 ms
 HTTP  7/3/2026 5:43:41 pm ::1 GET /inventory/itm-1
 HTTP  7/3/2026 5:43:41 pm ::1 Returned 200 in 1 ms
 HTTP  7/3/2026 5:43:41 pm ::1 GET /_expo/static/js/web/entry-d6b311123318afe3be416ea9fb41b065.js
 HTTP  7/3/2026 5:43:41 pm ::1 Returned 200 in 1 ms
 HTTP  7/3/2026 5:43:42 pm ::1 GET /assets/assets/images/logo-glow.dbca075a49dc45e550c5d2e3e9601039.png
 HTTP  7/3/2026 5:43:42 pm ::1 HEAD /
 HTTP  7/3/2026 5:43:42 pm ::1 Returned 200 in 2 ms
 HTTP  7/3/2026 5:43:42 pm ::1 Returned 200 in 2 ms
 HTTP  7/3/2026 5:43:42 pm ::1 GET /assets/node_modules/.pnpm/@expo+vector-icons@15.1.1_e_0551bb4c91465be345a06121634ce70b/node_modules/@expo/vector-icons/build/vendor/react-native-vector-icons/Fonts/MaterialCommunityIcons.6e435534bd35da5fef04168860a9b8fa.ttf
 HTTP  7/3/2026 5:43:42 pm ::1 Returned 200 in 1 ms
 HTTP  7/3/2026 5:43:42 pm ::1 GET /assets/assets/images/logo-glow.dbca075a49dc45e550c5d2e3e9601039.png
 HTTP  7/3/2026 5:43:42 pm ::1 Returned 200 in 2 ms
 HTTP  7/3/2026 5:43:42 pm ::1 GET /inventory/recycle-bin
 HTTP  7/3/2026 5:43:42 pm ::1 Returned 200 in 1 ms
 HTTP  7/3/2026 5:43:42 pm ::1 GET /_expo/static/js/web/entry-d6b311123318afe3be416ea9fb41b065.js
 HTTP  7/3/2026 5:43:42 pm ::1 Returned 200 in 2 ms
 HTTP  7/3/2026 5:43:42 pm ::1 GET /assets/assets/images/logo-glow.dbca075a49dc45e550c5d2e3e9601039.png
 HTTP  7/3/2026 5:43:42 pm ::1 HEAD /
 HTTP  7/3/2026 5:43:42 pm ::1 Returned 200 in 5 ms
 HTTP  7/3/2026 5:43:42 pm ::1 Returned 200 in 5 ms
 HTTP  7/3/2026 5:43:42 pm ::1 HEAD /
 HTTP  7/3/2026 5:43:42 pm ::1 Returned 200 in 1 ms
 HTTP  7/3/2026 5:43:42 pm ::1 GET /assets/node_modules/.pnpm/@expo+vector-icons@15.1.1_e_0551bb4c91465be345a06121634ce70b/node_modules/@expo/vector-icons/build/vendor/react-native-vector-icons/Fonts/MaterialCommunityIcons.6e435534bd35da5fef04168860a9b8fa.ttf
 HTTP  7/3/2026 5:43:42 pm ::1 Returned 200 in 1 ms
 HTTP  7/3/2026 5:43:42 pm ::1 GET /assets/assets/images/logo-glow.dbca075a49dc45e550c5d2e3e9601039.png
 HTTP  7/3/2026 5:43:42 pm ::1 Returned 200 in 3 ms
 HTTP  7/3/2026 5:43:43 pm ::1 GET /parties
 HTTP  7/3/2026 5:43:43 pm ::1 Returned 200 in 2 ms
 HTTP  7/3/2026 5:43:43 pm ::1 GET /_expo/static/js/web/entry-d6b311123318afe3be416ea9fb41b065.js
 HTTP  7/3/2026 5:43:43 pm ::1 Returned 200 in 1 ms
 HTTP  7/3/2026 5:43:43 pm ::1 GET /assets/assets/images/logo-glow.dbca075a49dc45e550c5d2e3e9601039.png
 HTTP  7/3/2026 5:43:43 pm ::1 HEAD /
 HTTP  7/3/2026 5:43:43 pm ::1 Returned 200 in 2 ms
 HTTP  7/3/2026 5:43:43 pm ::1 Returned 200 in 2 ms
 HTTP  7/3/2026 5:43:43 pm ::1 GET /assets/node_modules/.pnpm/@expo+vector-icons@15.1.1_e_0551bb4c91465be345a06121634ce70b/node_modules/@expo/vector-icons/build/vendor/react-native-vector-icons/Fonts/MaterialCommunityIcons.6e435534bd35da5fef04168860a9b8fa.ttf
 HTTP  7/3/2026 5:43:43 pm ::1 Returned 200 in 2 ms
 HTTP  7/3/2026 5:43:43 pm ::1 GET /assets/assets/images/logo-glow.dbca075a49dc45e550c5d2e3e9601039.png
 HTTP  7/3/2026 5:43:43 pm ::1 Returned 200 in 1 ms
 HTTP  7/3/2026 5:43:43 pm ::1 GET /parties/add
 HTTP  7/3/2026 5:43:43 pm ::1 Returned 200 in 3 ms
 HTTP  7/3/2026 5:43:43 pm ::1 GET /_expo/static/js/web/entry-d6b311123318afe3be416ea9fb41b065.js
 HTTP  7/3/2026 5:43:43 pm ::1 Returned 200 in 2 ms
 HTTP  7/3/2026 5:43:44 pm ::1 GET /assets/assets/images/logo-glow.dbca075a49dc45e550c5d2e3e9601039.png
 HTTP  7/3/2026 5:43:44 pm ::1 HEAD /
 HTTP  7/3/2026 5:43:44 pm ::1 Returned 200 in 4 ms
 HTTP  7/3/2026 5:43:44 pm ::1 Returned 200 in 2 ms
 HTTP  7/3/2026 5:43:44 pm ::1 GET /assets/node_modules/.pnpm/@expo+vector-icons@15.1.1_e_0551bb4c91465be345a06121634ce70b/node_modules/@expo/vector-icons/build/vendor/react-native-vector-icons/Fonts/MaterialCommunityIcons.6e435534bd35da5fef04168860a9b8fa.ttf
 HTTP  7/3/2026 5:43:44 pm ::1 Returned 200 in 2 ms
 HTTP  7/3/2026 5:43:44 pm ::1 GET /parties/pty-1
 HTTP  7/3/2026 5:43:44 pm ::1 Returned 200 in 1 ms
 HTTP  7/3/2026 5:43:44 pm ::1 GET /_expo/static/js/web/entry-d6b311123318afe3be416ea9fb41b065.js
 HTTP  7/3/2026 5:43:44 pm ::1 Returned 200 in 2 ms
 HTTP  7/3/2026 5:43:44 pm ::1 GET /assets/assets/images/logo-glow.dbca075a49dc45e550c5d2e3e9601039.png
 HTTP  7/3/2026 5:43:44 pm ::1 HEAD /
 HTTP  7/3/2026 5:43:44 pm ::1 Returned 200 in 2 ms
 HTTP  7/3/2026 5:43:44 pm ::1 Returned 200 in 2 ms
 HTTP  7/3/2026 5:43:44 pm ::1 GET /assets/node_modules/.pnpm/@expo+vector-icons@15.1.1_e_0551bb4c91465be345a06121634ce70b/node_modules/@expo/vector-icons/build/vendor/react-native-vector-icons/Fonts/MaterialCommunityIcons.6e435534bd35da5fef04168860a9b8fa.ttf
 HTTP  7/3/2026 5:43:44 pm ::1 Returned 200 in 3 ms
 HTTP  7/3/2026 5:43:44 pm ::1 GET /assets/assets/images/logo-glow.dbca075a49dc45e550c5d2e3e9601039.png
 HTTP  7/3/2026 5:43:44 pm ::1 Returned 200 in 2 ms
 HTTP  7/3/2026 5:43:45 pm ::1 GET /parties/recycle-bin
 HTTP  7/3/2026 5:43:45 pm ::1 Returned 200 in 2 ms
 HTTP  7/3/2026 5:43:45 pm ::1 GET /_expo/static/js/web/entry-d6b311123318afe3be416ea9fb41b065.js
 HTTP  7/3/2026 5:43:45 pm ::1 Returned 200 in 2 ms
 HTTP  7/3/2026 5:43:45 pm ::1 GET /assets/assets/images/logo-glow.dbca075a49dc45e550c5d2e3e9601039.png
 HTTP  7/3/2026 5:43:45 pm ::1 HEAD /
 HTTP  7/3/2026 5:43:45 pm ::1 Returned 200 in 2 ms
 HTTP  7/3/2026 5:43:45 pm ::1 Returned 200 in 2 ms
 HTTP  7/3/2026 5:43:45 pm ::1 GET /assets/node_modules/.pnpm/@expo+vector-icons@15.1.1_e_0551bb4c91465be345a06121634ce70b/node_modules/@expo/vector-icons/build/vendor/react-native-vector-icons/Fonts/MaterialCommunityIcons.6e435534bd35da5fef04168860a9b8fa.ttf
 HTTP  7/3/2026 5:43:45 pm ::1 Returned 200 in 2 ms
 HTTP  7/3/2026 5:43:45 pm ::1 GET /assets/assets/images/logo-glow.dbca075a49dc45e550c5d2e3e9601039.png
 HTTP  7/3/2026 5:43:45 pm ::1 Returned 200 in 2 ms
 HTTP  7/3/2026 5:43:45 pm ::1 GET /accounts
 HTTP  7/3/2026 5:43:45 pm ::1 Returned 200 in 1 ms
 HTTP  7/3/2026 5:43:45 pm ::1 GET /_expo/static/js/web/entry-d6b311123318afe3be416ea9fb41b065.js
 HTTP  7/3/2026 5:43:45 pm ::1 Returned 200 in 2 ms
 HTTP  7/3/2026 5:43:45 pm ::1 GET /assets/assets/images/logo-glow.dbca075a49dc45e550c5d2e3e9601039.png
 HTTP  7/3/2026 5:43:45 pm ::1 HEAD /
 HTTP  7/3/2026 5:43:45 pm ::1 Returned 200 in 3 ms
 HTTP  7/3/2026 5:43:45 pm ::1 Returned 200 in 1 ms
 HTTP  7/3/2026 5:43:45 pm ::1 GET /assets/node_modules/.pnpm/@expo+vector-icons@15.1.1_e_0551bb4c91465be345a06121634ce70b/node_modules/@expo/vector-icons/build/vendor/react-native-vector-icons/Fonts/MaterialCommunityIcons.6e435534bd35da5fef04168860a9b8fa.ttf
 HTTP  7/3/2026 5:43:45 pm ::1 Returned 200 in 1 ms
 HTTP  7/3/2026 5:43:46 pm ::1 GET /assets/assets/images/logo-glow.dbca075a49dc45e550c5d2e3e9601039.png
 HTTP  7/3/2026 5:43:46 pm ::1 Returned 200 in 3 ms
 HTTP  7/3/2026 5:43:46 pm ::1 GET /accounts/cash-bank
 HTTP  7/3/2026 5:43:46 pm ::1 Returned 200 in 1 ms
 HTTP  7/3/2026 5:43:46 pm ::1 GET /_expo/static/js/web/entry-d6b311123318afe3be416ea9fb41b065.js
 HTTP  7/3/2026 5:43:46 pm ::1 Returned 200 in 1 ms
 HTTP  7/3/2026 5:43:46 pm ::1 GET /assets/assets/images/logo-glow.dbca075a49dc45e550c5d2e3e9601039.png
 HTTP  7/3/2026 5:43:46 pm ::1 HEAD /
 HTTP  7/3/2026 5:43:46 pm ::1 HEAD /
 HTTP  7/3/2026 5:43:46 pm ::1 Returned 200 in 7 ms
 HTTP  7/3/2026 5:43:46 pm ::1 Returned 200 in 6 ms
 HTTP  7/3/2026 5:43:46 pm ::1 Returned 200 in 3 ms
 HTTP  7/3/2026 5:43:46 pm ::1 GET /assets/node_modules/.pnpm/@expo+vector-icons@15.1.1_e_0551bb4c91465be345a06121634ce70b/node_modules/@expo/vector-icons/build/vendor/react-native-vector-icons/Fonts/MaterialCommunityIcons.6e435534bd35da5fef04168860a9b8fa.ttf
 HTTP  7/3/2026 5:43:46 pm ::1 Returned 200 in 2 ms
 HTTP  7/3/2026 5:43:46 pm ::1 GET /assets/assets/images/logo-glow.dbca075a49dc45e550c5d2e3e9601039.png
 HTTP  7/3/2026 5:43:46 pm ::1 Returned 200 in 6 ms
 HTTP  7/3/2026 5:43:47 pm ::1 GET /accounts/cash-bank/add
 HTTP  7/3/2026 5:43:47 pm ::1 Returned 200 in 2 ms
 HTTP  7/3/2026 5:43:47 pm ::1 GET /_expo/static/js/web/entry-d6b311123318afe3be416ea9fb41b065.js
 HTTP  7/3/2026 5:43:47 pm ::1 Returned 200 in 2 ms
 HTTP  7/3/2026 5:43:47 pm ::1 GET /assets/assets/images/logo-glow.dbca075a49dc45e550c5d2e3e9601039.png
 HTTP  7/3/2026 5:43:47 pm ::1 HEAD /
 HTTP  7/3/2026 5:43:47 pm ::1 HEAD /
 HTTP  7/3/2026 5:43:47 pm ::1 Returned 200 in 5 ms
 HTTP  7/3/2026 5:43:47 pm ::1 Returned 200 in 5 ms
 HTTP  7/3/2026 5:43:47 pm ::1 Returned 200 in 3 ms
 HTTP  7/3/2026 5:43:47 pm ::1 GET /assets/node_modules/.pnpm/@expo+vector-icons@15.1.1_e_0551bb4c91465be345a06121634ce70b/node_modules/@expo/vector-icons/build/vendor/react-native-vector-icons/Fonts/MaterialCommunityIcons.6e435534bd35da5fef04168860a9b8fa.ttf
 HTTP  7/3/2026 5:43:47 pm ::1 Returned 200 in 2 ms
 HTTP  7/3/2026 5:43:47 pm ::1 GET /accounts/cash-bank/acc-cash
 HTTP  7/3/2026 5:43:47 pm ::1 Returned 200 in 1 ms
 HTTP  7/3/2026 5:43:47 pm ::1 GET /_expo/static/js/web/entry-d6b311123318afe3be416ea9fb41b065.js
 HTTP  7/3/2026 5:43:47 pm ::1 Returned 200 in 3 ms
 HTTP  7/3/2026 5:43:48 pm ::1 GET /assets/assets/images/logo-glow.dbca075a49dc45e550c5d2e3e9601039.png
 HTTP  7/3/2026 5:43:48 pm ::1 HEAD /
 HTTP  7/3/2026 5:43:48 pm ::1 HEAD /
 HTTP  7/3/2026 5:43:48 pm ::1 Returned 200 in 5 ms
 HTTP  7/3/2026 5:43:48 pm ::1 Returned 200 in 4 ms
 HTTP  7/3/2026 5:43:48 pm ::1 Returned 200 in 3 ms
 HTTP  7/3/2026 5:43:48 pm ::1 GET /assets/node_modules/.pnpm/@expo+vector-icons@15.1.1_e_0551bb4c91465be345a06121634ce70b/node_modules/@expo/vector-icons/build/vendor/react-native-vector-icons/Fonts/MaterialCommunityIcons.6e435534bd35da5fef04168860a9b8fa.ttf
 HTTP  7/3/2026 5:43:48 pm ::1 Returned 200 in 2 ms
 HTTP  7/3/2026 5:43:48 pm ::1 GET /assets/assets/images/logo-glow.dbca075a49dc45e550c5d2e3e9601039.png
 HTTP  7/3/2026 5:43:48 pm ::1 Returned 200 in 3 ms
 HTTP  7/3/2026 5:43:48 pm ::1 GET /accounts/cash-bank/deposit
 HTTP  7/3/2026 5:43:48 pm ::1 Returned 200 in 3 ms
 HTTP  7/3/2026 5:43:48 pm ::1 GET /_expo/static/js/web/entry-d6b311123318afe3be416ea9fb41b065.js
 HTTP  7/3/2026 5:43:48 pm ::1 Returned 200 in 2 ms
 HTTP  7/3/2026 5:43:48 pm ::1 GET /assets/assets/images/logo-glow.dbca075a49dc45e550c5d2e3e9601039.png
 HTTP  7/3/2026 5:43:48 pm ::1 HEAD /
 HTTP  7/3/2026 5:43:48 pm ::1 Returned 200 in 3 ms
 HTTP  7/3/2026 5:43:48 pm ::1 Returned 200 in 2 ms
 HTTP  7/3/2026 5:43:49 pm ::1 GET /assets/node_modules/.pnpm/@expo+vector-icons@15.1.1_e_0551bb4c91465be345a06121634ce70b/node_modules/@expo/vector-icons/build/vendor/react-native-vector-icons/Fonts/MaterialCommunityIcons.6e435534bd35da5fef04168860a9b8fa.ttf
 HTTP  7/3/2026 5:43:49 pm ::1 Returned 200 in 2 ms
 HTTP  7/3/2026 5:43:49 pm ::1 GET /assets/assets/images/logo-glow.dbca075a49dc45e550c5d2e3e9601039.png
 HTTP  7/3/2026 5:43:49 pm ::1 Returned 200 in 1 ms
 HTTP  7/3/2026 5:43:49 pm ::1 GET /accounts/cash-bank/withdraw
 HTTP  7/3/2026 5:43:49 pm ::1 Returned 200 in 2 ms
 HTTP  7/3/2026 5:43:49 pm ::1 GET /_expo/static/js/web/entry-d6b311123318afe3be416ea9fb41b065.js
 HTTP  7/3/2026 5:43:49 pm ::1 Returned 200 in 1 ms
 HTTP  7/3/2026 5:43:49 pm ::1 GET /assets/assets/images/logo-glow.dbca075a49dc45e550c5d2e3e9601039.png
 HTTP  7/3/2026 5:43:49 pm ::1 HEAD /
 HTTP  7/3/2026 5:43:49 pm ::1 Returned 200 in 3 ms
 HTTP  7/3/2026 5:43:49 pm ::1 Returned 200 in 2 ms
 HTTP  7/3/2026 5:43:49 pm ::1 GET /assets/node_modules/.pnpm/@expo+vector-icons@15.1.1_e_0551bb4c91465be345a06121634ce70b/node_modules/@expo/vector-icons/build/vendor/react-native-vector-icons/Fonts/MaterialCommunityIcons.6e435534bd35da5fef04168860a9b8fa.ttf
 HTTP  7/3/2026 5:43:49 pm ::1 Returned 200 in 3 ms
 HTTP  7/3/2026 5:43:49 pm ::1 GET /assets/assets/images/logo-glow.dbca075a49dc45e550c5d2e3e9601039.png
 HTTP  7/3/2026 5:43:49 pm ::1 Returned 200 in 2 ms
 HTTP  7/3/2026 5:43:50 pm ::1 GET /accounts/cash-bank/transfer
 HTTP  7/3/2026 5:43:50 pm ::1 Returned 200 in 2 ms
 HTTP  7/3/2026 5:43:50 pm ::1 GET /_expo/static/js/web/entry-d6b311123318afe3be416ea9fb41b065.js
 HTTP  7/3/2026 5:43:50 pm ::1 Returned 200 in 1 ms
 HTTP  7/3/2026 5:43:50 pm ::1 GET /assets/assets/images/logo-glow.dbca075a49dc45e550c5d2e3e9601039.png
 HTTP  7/3/2026 5:43:50 pm ::1 HEAD /
 HTTP  7/3/2026 5:43:50 pm ::1 Returned 200 in 3 ms
 HTTP  7/3/2026 5:43:50 pm ::1 Returned 200 in 1 ms
 HTTP  7/3/2026 5:43:50 pm ::1 GET /assets/node_modules/.pnpm/@expo+vector-icons@15.1.1_e_0551bb4c91465be345a06121634ce70b/node_modules/@expo/vector-icons/build/vendor/react-native-vector-icons/Fonts/MaterialCommunityIcons.6e435534bd35da5fef04168860a9b8fa.ttf
 HTTP  7/3/2026 5:43:50 pm ::1 Returned 200 in 2 ms
 HTTP  7/3/2026 5:43:50 pm ::1 GET /assets/assets/images/logo-glow.dbca075a49dc45e550c5d2e3e9601039.png
 HTTP  7/3/2026 5:43:50 pm ::1 Returned 200 in 2 ms
 HTTP  7/3/2026 5:43:50 pm ::1 GET /accounts/expenses
 HTTP  7/3/2026 5:43:50 pm ::1 Returned 200 in 3 ms
 HTTP  7/3/2026 5:43:50 pm ::1 GET /_expo/static/js/web/entry-d6b311123318afe3be416ea9fb41b065.js
 HTTP  7/3/2026 5:43:50 pm ::1 Returned 200 in 2 ms
 HTTP  7/3/2026 5:43:51 pm ::1 GET /assets/assets/images/logo-glow.dbca075a49dc45e550c5d2e3e9601039.png
 HTTP  7/3/2026 5:43:51 pm ::1 HEAD /
 HTTP  7/3/2026 5:43:51 pm ::1 Returned 200 in 2 ms
 HTTP  7/3/2026 5:43:51 pm ::1 Returned 200 in 2 ms
 HTTP  7/3/2026 5:43:51 pm ::1 GET /assets/node_modules/.pnpm/@expo+vector-icons@15.1.1_e_0551bb4c91465be345a06121634ce70b/node_modules/@expo/vector-icons/build/vendor/react-native-vector-icons/Fonts/MaterialCommunityIcons.6e435534bd35da5fef04168860a9b8fa.ttf
 HTTP  7/3/2026 5:43:51 pm ::1 Returned 200 in 2 ms
 HTTP  7/3/2026 5:43:51 pm ::1 GET /assets/assets/images/logo-glow.dbca075a49dc45e550c5d2e3e9601039.png
 HTTP  7/3/2026 5:43:51 pm ::1 Returned 200 in 2 ms
 HTTP  7/3/2026 5:43:51 pm ::1 GET /accounts/expenses/add
 HTTP  7/3/2026 5:43:51 pm ::1 Returned 200 in 2 ms
 HTTP  7/3/2026 5:43:51 pm ::1 GET /_expo/static/js/web/entry-d6b311123318afe3be416ea9fb41b065.js
 HTTP  7/3/2026 5:43:51 pm ::1 Returned 200 in 2 ms
 HTTP  7/3/2026 5:43:52 pm ::1 GET /assets/assets/images/logo-glow.dbca075a49dc45e550c5d2e3e9601039.png
 HTTP  7/3/2026 5:43:52 pm ::1 HEAD /
 HTTP  7/3/2026 5:43:52 pm ::1 Returned 200 in 2 ms
 HTTP  7/3/2026 5:43:52 pm ::1 Returned 200 in 2 ms
 HTTP  7/3/2026 5:43:52 pm ::1 GET /assets/node_modules/.pnpm/@expo+vector-icons@15.1.1_e_0551bb4c91465be345a06121634ce70b/node_modules/@expo/vector-icons/build/vendor/react-native-vector-icons/Fonts/MaterialCommunityIcons.6e435534bd35da5fef04168860a9b8fa.ttf
 HTTP  7/3/2026 5:43:52 pm ::1 Returned 200 in 2 ms
 HTTP  7/3/2026 5:43:52 pm ::1 GET /assets/assets/images/logo-glow.dbca075a49dc45e550c5d2e3e9601039.png
 HTTP  7/3/2026 5:43:52 pm ::1 Returned 200 in 2 ms
 HTTP  7/3/2026 5:43:52 pm ::1 GET /accounts/expenses/recycle-bin
 HTTP  7/3/2026 5:43:52 pm ::1 Returned 200 in 2 ms
 HTTP  7/3/2026 5:43:52 pm ::1 GET /_expo/static/js/web/entry-d6b311123318afe3be416ea9fb41b065.js
 HTTP  7/3/2026 5:43:52 pm ::1 Returned 200 in 2 ms
 HTTP  7/3/2026 5:43:52 pm ::1 GET /assets/assets/images/logo-glow.dbca075a49dc45e550c5d2e3e9601039.png
 HTTP  7/3/2026 5:43:52 pm ::1 HEAD /
 HTTP  7/3/2026 5:43:52 pm ::1 Returned 200 in 3 ms
 HTTP  7/3/2026 5:43:52 pm ::1 Returned 200 in 2 ms
 HTTP  7/3/2026 5:43:52 pm ::1 GET /assets/node_modules/.pnpm/@expo+vector-icons@15.1.1_e_0551bb4c91465be345a06121634ce70b/node_modules/@expo/vector-icons/build/vendor/react-native-vector-icons/Fonts/MaterialCommunityIcons.6e435534bd35da5fef04168860a9b8fa.ttf
 HTTP  7/3/2026 5:43:52 pm ::1 Returned 200 in 2 ms
 HTTP  7/3/2026 5:43:53 pm ::1 GET /accounts/loans
 HTTP  7/3/2026 5:43:53 pm ::1 Returned 200 in 2 ms
 HTTP  7/3/2026 5:43:53 pm ::1 GET /_expo/static/js/web/entry-d6b311123318afe3be416ea9fb41b065.js
 HTTP  7/3/2026 5:43:53 pm ::1 Returned 200 in 2 ms
 HTTP  7/3/2026 5:43:53 pm ::1 GET /assets/assets/images/logo-glow.dbca075a49dc45e550c5d2e3e9601039.png
 HTTP  7/3/2026 5:43:53 pm ::1 HEAD /
 HTTP  7/3/2026 5:43:53 pm ::1 HEAD /
 HTTP  7/3/2026 5:43:53 pm ::1 Returned 200 in 4 ms
 HTTP  7/3/2026 5:43:53 pm ::1 Returned 200 in 3 ms
 HTTP  7/3/2026 5:43:53 pm ::1 Returned 200 in 3 ms
 HTTP  7/3/2026 5:43:53 pm ::1 GET /assets/node_modules/.pnpm/@expo+vector-icons@15.1.1_e_0551bb4c91465be345a06121634ce70b/node_modules/@expo/vector-icons/build/vendor/react-native-vector-icons/Fonts/MaterialCommunityIcons.6e435534bd35da5fef04168860a9b8fa.ttf
 HTTP  7/3/2026 5:43:53 pm ::1 Returned 200 in 2 ms
 HTTP  7/3/2026 5:43:53 pm ::1 GET /assets/assets/images/logo-glow.dbca075a49dc45e550c5d2e3e9601039.png
 HTTP  7/3/2026 5:43:53 pm ::1 Returned 200 in 1 ms
 HTTP  7/3/2026 5:43:53 pm ::1 GET /accounts/loans/add
 HTTP  7/3/2026 5:43:53 pm ::1 Returned 200 in 1 ms
 HTTP  7/3/2026 5:43:53 pm ::1 GET /_expo/static/js/web/entry-d6b311123318afe3be416ea9fb41b065.js
 HTTP  7/3/2026 5:43:53 pm ::1 Returned 200 in 2 ms
 HTTP  7/3/2026 5:43:54 pm ::1 GET /assets/assets/images/logo-glow.dbca075a49dc45e550c5d2e3e9601039.png
 HTTP  7/3/2026 5:43:54 pm ::1 HEAD /
 HTTP  7/3/2026 5:43:54 pm ::1 Returned 200 in 2 ms
 HTTP  7/3/2026 5:43:54 pm ::1 Returned 200 in 2 ms
 HTTP  7/3/2026 5:43:54 pm ::1 GET /assets/node_modules/.pnpm/@expo+vector-icons@15.1.1_e_0551bb4c91465be345a06121634ce70b/node_modules/@expo/vector-icons/build/vendor/react-native-vector-icons/Fonts/MaterialCommunityIcons.6e435534bd35da5fef04168860a9b8fa.ttf
 HTTP  7/3/2026 5:43:54 pm ::1 Returned 200 in 1 ms
 HTTP  7/3/2026 5:43:54 pm ::1 GET /assets/assets/images/logo-glow.dbca075a49dc45e550c5d2e3e9601039.png
 HTTP  7/3/2026 5:43:54 pm ::1 Returned 200 in 2 ms
 HTTP  7/3/2026 5:43:54 pm ::1 GET /accounts/loans/loan-1
 HTTP  7/3/2026 5:43:54 pm ::1 Returned 200 in 1 ms
 HTTP  7/3/2026 5:43:54 pm ::1 GET /_expo/static/js/web/entry-d6b311123318afe3be416ea9fb41b065.js
 HTTP  7/3/2026 5:43:54 pm ::1 Returned 200 in 1 ms
 HTTP  7/3/2026 5:43:54 pm ::1 GET /assets/assets/images/logo-glow.dbca075a49dc45e550c5d2e3e9601039.png
 HTTP  7/3/2026 5:43:54 pm ::1 HEAD /
 HTTP  7/3/2026 5:43:54 pm ::1 Returned 200 in 2 ms
 HTTP  7/3/2026 5:43:54 pm ::1 Returned 200 in 2 ms
 HTTP  7/3/2026 5:43:54 pm ::1 GET /assets/node_modules/.pnpm/@expo+vector-icons@15.1.1_e_0551bb4c91465be345a06121634ce70b/node_modules/@expo/vector-icons/build/vendor/react-native-vector-icons/Fonts/MaterialCommunityIcons.6e435534bd35da5fef04168860a9b8fa.ttf
 HTTP  7/3/2026 5:43:54 pm ::1 Returned 200 in 1 ms
 HTTP  7/3/2026 5:43:54 pm ::1 GET /assets/assets/images/logo-glow.dbca075a49dc45e550c5d2e3e9601039.png
 HTTP  7/3/2026 5:43:54 pm ::1 Returned 200 in 3 ms
 HTTP  7/3/2026 5:43:55 pm ::1 GET /accounts/loans/loan-1/payment
 HTTP  7/3/2026 5:43:55 pm ::1 Returned 200 in 2 ms
 HTTP  7/3/2026 5:43:55 pm ::1 GET /_expo/static/js/web/entry-d6b311123318afe3be416ea9fb41b065.js
 HTTP  7/3/2026 5:43:55 pm ::1 Returned 200 in 2 ms
 HTTP  7/3/2026 5:43:55 pm ::1 GET /assets/assets/images/logo-glow.dbca075a49dc45e550c5d2e3e9601039.png
 HTTP  7/3/2026 5:43:55 pm ::1 HEAD /
 HTTP  7/3/2026 5:43:55 pm ::1 Returned 200 in 2 ms
 HTTP  7/3/2026 5:43:55 pm ::1 Returned 200 in 1 ms
 HTTP  7/3/2026 5:43:55 pm ::1 GET /assets/node_modules/.pnpm/@expo+vector-icons@15.1.1_e_0551bb4c91465be345a06121634ce70b/node_modules/@expo/vector-icons/build/vendor/react-native-vector-icons/Fonts/MaterialCommunityIcons.6e435534bd35da5fef04168860a9b8fa.ttf
 HTTP  7/3/2026 5:43:55 pm ::1 Returned 200 in 1 ms
 HTTP  7/3/2026 5:43:55 pm ::1 GET /assets/assets/images/logo-glow.dbca075a49dc45e550c5d2e3e9601039.png
 HTTP  7/3/2026 5:43:55 pm ::1 Returned 200 in 2 ms
 HTTP  7/3/2026 5:43:55 pm ::1 GET /accounts/loans/loan-1/interest
 HTTP  7/3/2026 5:43:55 pm ::1 Returned 200 in 1 ms
 HTTP  7/3/2026 5:43:55 pm ::1 GET /_expo/static/js/web/entry-d6b311123318afe3be416ea9fb41b065.js
 HTTP  7/3/2026 5:43:55 pm ::1 Returned 200 in 2 ms
 HTTP  7/3/2026 5:43:56 pm ::1 GET /assets/assets/images/logo-glow.dbca075a49dc45e550c5d2e3e9601039.png
 HTTP  7/3/2026 5:43:56 pm ::1 HEAD /
 HTTP  7/3/2026 5:43:56 pm ::1 Returned 200 in 2 ms
 HTTP  7/3/2026 5:43:56 pm ::1 Returned 200 in 2 ms
 HTTP  7/3/2026 5:43:56 pm ::1 GET /assets/node_modules/.pnpm/@expo+vector-icons@15.1.1_e_0551bb4c91465be345a06121634ce70b/node_modules/@expo/vector-icons/build/vendor/react-native-vector-icons/Fonts/MaterialCommunityIcons.6e435534bd35da5fef04168860a9b8fa.ttf
 HTTP  7/3/2026 5:43:56 pm ::1 Returned 200 in 2 ms
 HTTP  7/3/2026 5:43:56 pm ::1 GET /assets/assets/images/logo-glow.dbca075a49dc45e550c5d2e3e9601039.png
 HTTP  7/3/2026 5:43:56 pm ::1 Returned 200 in 2 ms
 HTTP  7/3/2026 5:43:56 pm ::1 GET /reports
 HTTP  7/3/2026 5:43:56 pm ::1 Returned 200 in 2 ms
 HTTP  7/3/2026 5:43:56 pm ::1 GET /_expo/static/js/web/entry-d6b311123318afe3be416ea9fb41b065.js
 HTTP  7/3/2026 5:43:56 pm ::1 Returned 200 in 1 ms
 HTTP  7/3/2026 5:43:56 pm ::1 GET /assets/assets/images/logo-glow.dbca075a49dc45e550c5d2e3e9601039.png
 HTTP  7/3/2026 5:43:56 pm ::1 HEAD /
 HTTP  7/3/2026 5:43:56 pm ::1 Returned 200 in 2 ms
 HTTP  7/3/2026 5:43:56 pm ::1 Returned 200 in 2 ms
 HTTP  7/3/2026 5:43:56 pm ::1 GET /assets/node_modules/.pnpm/@expo+vector-icons@15.1.1_e_0551bb4c91465be345a06121634ce70b/node_modules/@expo/vector-icons/build/vendor/react-native-vector-icons/Fonts/MaterialCommunityIcons.6e435534bd35da5fef04168860a9b8fa.ttf
 HTTP  7/3/2026 5:43:56 pm ::1 Returned 200 in 1 ms
 HTTP  7/3/2026 5:43:56 pm ::1 GET /assets/assets/images/logo-glow.dbca075a49dc45e550c5d2e3e9601039.png
 HTTP  7/3/2026 5:43:56 pm ::1 Returned 200 in 3 ms
 HTTP  7/3/2026 5:43:57 pm ::1 GET /reports/gst-summary
 HTTP  7/3/2026 5:43:57 pm ::1 Returned 200 in 2 ms
 HTTP  7/3/2026 5:43:57 pm ::1 GET /_expo/static/js/web/entry-d6b311123318afe3be416ea9fb41b065.js
 HTTP  7/3/2026 5:43:57 pm ::1 Returned 200 in 1 ms
 HTTP  7/3/2026 5:43:57 pm ::1 GET /assets/assets/images/logo-glow.dbca075a49dc45e550c5d2e3e9601039.png
 HTTP  7/3/2026 5:43:57 pm ::1 HEAD /
 HTTP  7/3/2026 5:43:57 pm ::1 HEAD /
 HTTP  7/3/2026 5:43:57 pm ::1 Returned 200 in 4 ms
 HTTP  7/3/2026 5:43:57 pm ::1 Returned 200 in 3 ms
 HTTP  7/3/2026 5:43:57 pm ::1 Returned 200 in 2 ms
 HTTP  7/3/2026 5:43:57 pm ::1 GET /assets/node_modules/.pnpm/@expo+vector-icons@15.1.1_e_0551bb4c91465be345a06121634ce70b/node_modules/@expo/vector-icons/build/vendor/react-native-vector-icons/Fonts/MaterialCommunityIcons.6e435534bd35da5fef04168860a9b8fa.ttf
 HTTP  7/3/2026 5:43:57 pm ::1 Returned 200 in 2 ms
 HTTP  7/3/2026 5:43:57 pm ::1 GET /assets/assets/images/logo-glow.dbca075a49dc45e550c5d2e3e9601039.png
 HTTP  7/3/2026 5:43:57 pm ::1 Returned 200 in 2 ms
 HTTP  7/3/2026 5:43:57 pm ::1 GET /reports/trial-balance
 HTTP  7/3/2026 5:43:57 pm ::1 Returned 200 in 1 ms
 HTTP  7/3/2026 5:43:57 pm ::1 GET /_expo/static/js/web/entry-d6b311123318afe3be416ea9fb41b065.js
 HTTP  7/3/2026 5:43:57 pm ::1 Returned 200 in 1 ms
 HTTP  7/3/2026 5:43:57 pm ::1 GET /assets/assets/images/logo-glow.dbca075a49dc45e550c5d2e3e9601039.png
 HTTP  7/3/2026 5:43:57 pm ::1 HEAD /
 HTTP  7/3/2026 5:43:57 pm ::1 Returned 200 in 3 ms
 HTTP  7/3/2026 5:43:57 pm ::1 Returned 200 in 2 ms
 HTTP  7/3/2026 5:43:58 pm ::1 GET /assets/node_modules/.pnpm/@expo+vector-icons@15.1.1_e_0551bb4c91465be345a06121634ce70b/node_modules/@expo/vector-icons/build/vendor/react-native-vector-icons/Fonts/MaterialCommunityIcons.6e435534bd35da5fef04168860a9b8fa.ttf
 HTTP  7/3/2026 5:43:58 pm ::1 Returned 200 in 2 ms
 HTTP  7/3/2026 5:43:58 pm ::1 GET /assets/assets/images/logo-glow.dbca075a49dc45e550c5d2e3e9601039.png
 HTTP  7/3/2026 5:43:58 pm ::1 Returned 200 in 1 ms
 HTTP  7/3/2026 5:43:58 pm ::1 GET /reports/ledgers
 HTTP  7/3/2026 5:43:58 pm ::1 Returned 200 in 1 ms
 HTTP  7/3/2026 5:43:58 pm ::1 GET /_expo/static/js/web/entry-d6b311123318afe3be416ea9fb41b065.js
 HTTP  7/3/2026 5:43:58 pm ::1 Returned 200 in 2 ms
 HTTP  7/3/2026 5:43:58 pm ::1 GET /assets/assets/images/logo-glow.dbca075a49dc45e550c5d2e3e9601039.png
 HTTP  7/3/2026 5:43:58 pm ::1 HEAD /
 HTTP  7/3/2026 5:43:58 pm ::1 HEAD /
 HTTP  7/3/2026 5:43:58 pm ::1 Returned 200 in 5 ms
 HTTP  7/3/2026 5:43:58 pm ::1 Returned 200 in 3 ms
 HTTP  7/3/2026 5:43:58 pm ::1 Returned 200 in 2 ms
 HTTP  7/3/2026 5:43:58 pm ::1 GET /assets/node_modules/.pnpm/@expo+vector-icons@15.1.1_e_0551bb4c91465be345a06121634ce70b/node_modules/@expo/vector-icons/build/vendor/react-native-vector-icons/Fonts/MaterialCommunityIcons.6e435534bd35da5fef04168860a9b8fa.ttf
 HTTP  7/3/2026 5:43:58 pm ::1 Returned 200 in 2 ms
 HTTP  7/3/2026 5:43:58 pm ::1 GET /assets/assets/images/logo-glow.dbca075a49dc45e550c5d2e3e9601039.png
 HTTP  7/3/2026 5:43:58 pm ::1 Returned 200 in 2 ms
 HTTP  7/3/2026 5:43:58 pm ::1 GET /reports/ledgers/led-1
 HTTP  7/3/2026 5:43:58 pm ::1 Returned 200 in 3 ms
 HTTP  7/3/2026 5:43:58 pm ::1 GET /_expo/static/js/web/entry-d6b311123318afe3be416ea9fb41b065.js
 HTTP  7/3/2026 5:43:58 pm ::1 Returned 200 in 2 ms
 HTTP  7/3/2026 5:43:59 pm ::1 GET /assets/assets/images/logo-glow.dbca075a49dc45e550c5d2e3e9601039.png
 HTTP  7/3/2026 5:43:59 pm ::1 HEAD /
 HTTP  7/3/2026 5:43:59 pm ::1 HEAD /
 HTTP  7/3/2026 5:43:59 pm ::1 Returned 200 in 3 ms
 HTTP  7/3/2026 5:43:59 pm ::1 Returned 200 in 3 ms
 HTTP  7/3/2026 5:43:59 pm ::1 Returned 200 in 2 ms
 HTTP  7/3/2026 5:43:59 pm ::1 GET /assets/node_modules/.pnpm/@expo+vector-icons@15.1.1_e_0551bb4c91465be345a06121634ce70b/node_modules/@expo/vector-icons/build/vendor/react-native-vector-icons/Fonts/MaterialCommunityIcons.6e435534bd35da5fef04168860a9b8fa.ttf
 HTTP  7/3/2026 5:43:59 pm ::1 Returned 200 in 1 ms
 HTTP  7/3/2026 5:43:59 pm ::1 GET /assets/assets/images/logo-glow.dbca075a49dc45e550c5d2e3e9601039.png
 HTTP  7/3/2026 5:43:59 pm ::1 Returned 200 in 1 ms
 HTTP  7/3/2026 5:43:59 pm ::1 GET /more
 HTTP  7/3/2026 5:43:59 pm ::1 Returned 200 in 4 ms
 HTTP  7/3/2026 5:43:59 pm ::1 GET /_expo/static/js/web/entry-d6b311123318afe3be416ea9fb41b065.js
 HTTP  7/3/2026 5:43:59 pm ::1 Returned 200 in 2 ms
 HTTP  7/3/2026 5:43:59 pm ::1 GET /assets/assets/images/logo-glow.dbca075a49dc45e550c5d2e3e9601039.png
 HTTP  7/3/2026 5:43:59 pm ::1 HEAD /
 HTTP  7/3/2026 5:43:59 pm ::1 HEAD /
 HTTP  7/3/2026 5:43:59 pm ::1 Returned 200 in 4 ms
 HTTP  7/3/2026 5:43:59 pm ::1 Returned 200 in 3 ms
 HTTP  7/3/2026 5:43:59 pm ::1 Returned 200 in 3 ms
 HTTP  7/3/2026 5:43:59 pm ::1 GET /assets/node_modules/.pnpm/@expo+vector-icons@15.1.1_e_0551bb4c91465be345a06121634ce70b/node_modules/@expo/vector-icons/build/vendor/react-native-vector-icons/Fonts/MaterialCommunityIcons.6e435534bd35da5fef04168860a9b8fa.ttf
 HTTP  7/3/2026 5:43:59 pm ::1 Returned 200 in 1 ms
 HTTP  7/3/2026 5:43:59 pm ::1 GET /assets/assets/images/logo-glow.dbca075a49dc45e550c5d2e3e9601039.png
 HTTP  7/3/2026 5:43:59 pm ::1 Returned 200 in 1 ms
 HTTP  7/3/2026 5:43:59 pm ::1 GET /assets/assets/images/logo-glow.dbca075a49dc45e550c5d2e3e9601039.png
 HTTP  7/3/2026 5:43:59 pm ::1 Returned 200 in 2 ms
 HTTP  7/3/2026 5:44:00 pm ::1 GET /more/settings
 HTTP  7/3/2026 5:44:00 pm ::1 Returned 200 in 1 ms
 HTTP  7/3/2026 5:44:00 pm ::1 GET /_expo/static/js/web/entry-d6b311123318afe3be416ea9fb41b065.js
 HTTP  7/3/2026 5:44:00 pm ::1 Returned 200 in 1 ms
 HTTP  7/3/2026 5:44:00 pm ::1 GET /assets/assets/images/logo-glow.dbca075a49dc45e550c5d2e3e9601039.png
 HTTP  7/3/2026 5:44:00 pm ::1 HEAD /
 HTTP  7/3/2026 5:44:00 pm ::1 HEAD /
 HTTP  7/3/2026 5:44:00 pm ::1 Returned 200 in 4 ms
 HTTP  7/3/2026 5:44:00 pm ::1 Returned 200 in 3 ms
 HTTP  7/3/2026 5:44:00 pm ::1 Returned 200 in 3 ms
 HTTP  7/3/2026 5:44:00 pm ::1 GET /assets/node_modules/.pnpm/@expo+vector-icons@15.1.1_e_0551bb4c91465be345a06121634ce70b/node_modules/@expo/vector-icons/build/vendor/react-native-vector-icons/Fonts/MaterialCommunityIcons.6e435534bd35da5fef04168860a9b8fa.ttf
 HTTP  7/3/2026 5:44:00 pm ::1 Returned 200 in 1 ms
 HTTP  7/3/2026 5:44:00 pm ::1 GET /assets/assets/images/logo-glow.dbca075a49dc45e550c5d2e3e9601039.png
 HTTP  7/3/2026 5:44:00 pm ::1 Returned 200 in 1 ms
 HTTP  7/3/2026 5:44:00 pm ::1 GET /more/settings/GENERAL
 HTTP  7/3/2026 5:44:00 pm ::1 Returned 200 in 1 ms
 HTTP  7/3/2026 5:44:00 pm ::1 GET /_expo/static/js/web/entry-d6b311123318afe3be416ea9fb41b065.js
 HTTP  7/3/2026 5:44:00 pm ::1 Returned 200 in 2 ms
 HTTP  7/3/2026 5:44:00 pm ::1 GET /assets/assets/images/logo-glow.dbca075a49dc45e550c5d2e3e9601039.png
 HTTP  7/3/2026 5:44:00 pm ::1 HEAD /
 HTTP  7/3/2026 5:44:00 pm ::1 Returned 200 in 3 ms
 HTTP  7/3/2026 5:44:00 pm ::1 Returned 200 in 2 ms
 HTTP  7/3/2026 5:44:00 pm ::1 GET /assets/node_modules/.pnpm/@expo+vector-icons@15.1.1_e_0551bb4c91465be345a06121634ce70b/node_modules/@expo/vector-icons/build/vendor/react-native-vector-icons/Fonts/MaterialCommunityIcons.6e435534bd35da5fef04168860a9b8fa.ttf
 HTTP  7/3/2026 5:44:00 pm ::1 Returned 200 in 1 ms
 HTTP  7/3/2026 5:44:00 pm ::1 GET /assets/assets/images/logo-glow.dbca075a49dc45e550c5d2e3e9601039.png
 HTTP  7/3/2026 5:44:00 pm ::1 Returned 200 in 1 ms
 HTTP  7/3/2026 5:44:01 pm ::1 GET /more/settings/ITEM_SETTINGS
 HTTP  7/3/2026 5:44:01 pm ::1 Returned 200 in 1 ms
 HTTP  7/3/2026 5:44:01 pm ::1 GET /_expo/static/js/web/entry-d6b311123318afe3be416ea9fb41b065.js
 HTTP  7/3/2026 5:44:01 pm ::1 Returned 200 in 2 ms
 HTTP  7/3/2026 5:44:01 pm ::1 GET /assets/assets/images/logo-glow.dbca075a49dc45e550c5d2e3e9601039.png
 HTTP  7/3/2026 5:44:01 pm ::1 HEAD /
 HTTP  7/3/2026 5:44:01 pm ::1 HEAD /
 HTTP  7/3/2026 5:44:01 pm ::1 Returned 200 in 5 ms
 HTTP  7/3/2026 5:44:01 pm ::1 Returned 200 in 4 ms
 HTTP  7/3/2026 5:44:01 pm ::1 Returned 200 in 4 ms
 HTTP  7/3/2026 5:44:01 pm ::1 GET /assets/node_modules/.pnpm/@expo+vector-icons@15.1.1_e_0551bb4c91465be345a06121634ce70b/node_modules/@expo/vector-icons/build/vendor/react-native-vector-icons/Fonts/MaterialCommunityIcons.6e435534bd35da5fef04168860a9b8fa.ttf
 HTTP  7/3/2026 5:44:01 pm ::1 Returned 200 in 2 ms
 HTTP  7/3/2026 5:44:01 pm ::1 GET /assets/assets/images/logo-glow.dbca075a49dc45e550c5d2e3e9601039.png
 HTTP  7/3/2026 5:44:01 pm ::1 Returned 200 in 2 ms
 HTTP  7/3/2026 5:44:01 pm ::1 GET /more/printing
 HTTP  7/3/2026 5:44:01 pm ::1 Returned 200 in 2 ms
 HTTP  7/3/2026 5:44:01 pm ::1 GET /_expo/static/js/web/entry-d6b311123318afe3be416ea9fb41b065.js
 HTTP  7/3/2026 5:44:01 pm ::1 Returned 200 in 1 ms
 HTTP  7/3/2026 5:44:02 pm ::1 GET /assets/assets/images/logo-glow.dbca075a49dc45e550c5d2e3e9601039.png
 HTTP  7/3/2026 5:44:02 pm ::1 HEAD /
 HTTP  7/3/2026 5:44:02 pm ::1 Returned 200 in 3 ms
 HTTP  7/3/2026 5:44:02 pm ::1 Returned 200 in 2 ms
 HTTP  7/3/2026 5:44:02 pm ::1 HEAD /
 HTTP  7/3/2026 5:44:02 pm ::1 Returned 200 in 1 ms
 HTTP  7/3/2026 5:44:02 pm ::1 GET /assets/node_modules/.pnpm/@expo+vector-icons@15.1.1_e_0551bb4c91465be345a06121634ce70b/node_modules/@expo/vector-icons/build/vendor/react-native-vector-icons/Fonts/MaterialCommunityIcons.6e435534bd35da5fef04168860a9b8fa.ttf
 HTTP  7/3/2026 5:44:02 pm ::1 Returned 200 in 2 ms
 HTTP  7/3/2026 5:44:02 pm ::1 GET /assets/assets/images/logo-glow.dbca075a49dc45e550c5d2e3e9601039.png
 HTTP  7/3/2026 5:44:02 pm ::1 Returned 200 in 4 ms
 HTTP  7/3/2026 5:44:02 pm ::1 GET /more/item-masters
 HTTP  7/3/2026 5:44:02 pm ::1 Returned 200 in 3 ms
 HTTP  7/3/2026 5:44:02 pm ::1 GET /_expo/static/js/web/entry-d6b311123318afe3be416ea9fb41b065.js
 HTTP  7/3/2026 5:44:02 pm ::1 Returned 200 in 2 ms
 HTTP  7/3/2026 5:44:02 pm ::1 GET /assets/assets/images/logo-glow.dbca075a49dc45e550c5d2e3e9601039.png
 HTTP  7/3/2026 5:44:02 pm ::1 HEAD /
 HTTP  7/3/2026 5:44:02 pm ::1 HEAD /
 HTTP  7/3/2026 5:44:02 pm ::1 Returned 200 in 5 ms
 HTTP  7/3/2026 5:44:02 pm ::1 Returned 200 in 3 ms
 HTTP  7/3/2026 5:44:02 pm ::1 Returned 200 in 3 ms
 HTTP  7/3/2026 5:44:02 pm ::1 GET /assets/node_modules/.pnpm/@expo+vector-icons@15.1.1_e_0551bb4c91465be345a06121634ce70b/node_modules/@expo/vector-icons/build/vendor/react-native-vector-icons/Fonts/MaterialCommunityIcons.6e435534bd35da5fef04168860a9b8fa.ttf
 HTTP  7/3/2026 5:44:02 pm ::1 Returned 200 in 1 ms
 HTTP  7/3/2026 5:44:02 pm ::1 GET /assets/assets/images/logo-glow.dbca075a49dc45e550c5d2e3e9601039.png
 HTTP  7/3/2026 5:44:02 pm ::1 Returned 200 in 1 ms
 HTTP  7/3/2026 5:44:03 pm ::1 GET /more/role-access
 HTTP  7/3/2026 5:44:03 pm ::1 Returned 200 in 1 ms
 HTTP  7/3/2026 5:44:03 pm ::1 GET /_expo/static/js/web/entry-d6b311123318afe3be416ea9fb41b065.js
 HTTP  7/3/2026 5:44:03 pm ::1 Returned 200 in 1 ms
 HTTP  7/3/2026 5:44:03 pm ::1 GET /assets/assets/images/logo-glow.dbca075a49dc45e550c5d2e3e9601039.png
 HTTP  7/3/2026 5:44:03 pm ::1 HEAD /
 HTTP  7/3/2026 5:44:03 pm ::1 Returned 200 in 2 ms
 HTTP  7/3/2026 5:44:03 pm ::1 Returned 200 in 1 ms
 HTTP  7/3/2026 5:44:03 pm ::1 GET /assets/node_modules/.pnpm/@expo+vector-icons@15.1.1_e_0551bb4c91465be345a06121634ce70b/node_modules/@expo/vector-icons/build/vendor/react-native-vector-icons/Fonts/MaterialCommunityIcons.6e435534bd35da5fef04168860a9b8fa.ttf
 HTTP  7/3/2026 5:44:03 pm ::1 Returned 200 in 2 ms
 HTTP  7/3/2026 5:44:03 pm ::1 GET /assets/assets/images/logo-glow.dbca075a49dc45e550c5d2e3e9601039.png
 HTTP  7/3/2026 5:44:03 pm ::1 Returned 200 in 3 ms
 HTTP  7/3/2026 5:44:03 pm ::1 GET /more/sync
 HTTP  7/3/2026 5:44:03 pm ::1 Returned 200 in 4 ms
 HTTP  7/3/2026 5:44:03 pm ::1 GET /_expo/static/js/web/entry-d6b311123318afe3be416ea9fb41b065.js
 HTTP  7/3/2026 5:44:03 pm ::1 Returned 200 in 2 ms
 HTTP  7/3/2026 5:44:03 pm ::1 GET /assets/assets/images/logo-glow.dbca075a49dc45e550c5d2e3e9601039.png
 HTTP  7/3/2026 5:44:03 pm ::1 HEAD /
 HTTP  7/3/2026 5:44:03 pm ::1 HEAD /
 HTTP  7/3/2026 5:44:03 pm ::1 Returned 200 in 4 ms
 HTTP  7/3/2026 5:44:03 pm ::1 Returned 200 in 3 ms
 HTTP  7/3/2026 5:44:03 pm ::1 Returned 200 in 2 ms
 HTTP  7/3/2026 5:44:03 pm ::1 GET /assets/node_modules/.pnpm/@expo+vector-icons@15.1.1_e_0551bb4c91465be345a06121634ce70b/node_modules/@expo/vector-icons/build/vendor/react-native-vector-icons/Fonts/MaterialCommunityIcons.6e435534bd35da5fef04168860a9b8fa.ttf
 HTTP  7/3/2026 5:44:03 pm ::1 Returned 200 in 2 ms
 HTTP  7/3/2026 5:44:03 pm ::1 GET /assets/assets/images/logo-glow.dbca075a49dc45e550c5d2e3e9601039.png
 HTTP  7/3/2026 5:44:03 pm ::1 Returned 200 in 1 ms
 HTTP  7/3/2026 5:44:03 pm ::1 HEAD /
 HTTP  7/3/2026 5:44:03 pm ::1 Returned 200 in 1 ms
 HTTP  7/3/2026 5:44:04 pm ::1 GET /more/subscription
 HTTP  7/3/2026 5:44:04 pm ::1 Returned 200 in 1 ms
 HTTP  7/3/2026 5:44:04 pm ::1 GET /_expo/static/js/web/entry-d6b311123318afe3be416ea9fb41b065.js
 HTTP  7/3/2026 5:44:04 pm ::1 Returned 200 in 1 ms
 HTTP  7/3/2026 5:44:04 pm ::1 GET /assets/assets/images/logo-glow.dbca075a49dc45e550c5d2e3e9601039.png
 HTTP  7/3/2026 5:44:04 pm ::1 HEAD /
 HTTP  7/3/2026 5:44:04 pm ::1 HEAD /
 HTTP  7/3/2026 5:44:04 pm ::1 Returned 200 in 5 ms
 HTTP  7/3/2026 5:44:04 pm ::1 Returned 200 in 4 ms
 HTTP  7/3/2026 5:44:04 pm ::1 Returned 200 in 3 ms
 HTTP  7/3/2026 5:44:04 pm ::1 GET /assets/node_modules/.pnpm/@expo+vector-icons@15.1.1_e_0551bb4c91465be345a06121634ce70b/node_modules/@expo/vector-icons/build/vendor/react-native-vector-icons/Fonts/MaterialCommunityIcons.6e435534bd35da5fef04168860a9b8fa.ttf
 HTTP  7/3/2026 5:44:04 pm ::1 Returned 200 in 1 ms
 HTTP  7/3/2026 5:44:04 pm ::1 GET /assets/assets/images/logo-glow.dbca075a49dc45e550c5d2e3e9601039.png
 HTTP  7/3/2026 5:44:04 pm ::1 Returned 200 in 2 ms
 HTTP  7/3/2026 5:44:04 pm ::1 GET /more/screen-directory
 HTTP  7/3/2026 5:44:04 pm ::1 Returned 200 in 1 ms
 HTTP  7/3/2026 5:44:04 pm ::1 GET /_expo/static/js/web/entry-d6b311123318afe3be416ea9fb41b065.js
 HTTP  7/3/2026 5:44:04 pm ::1 Returned 200 in 2 ms
 HTTP  7/3/2026 5:44:05 pm ::1 GET /assets/assets/images/logo-glow.dbca075a49dc45e550c5d2e3e9601039.png
 HTTP  7/3/2026 5:44:05 pm ::1 HEAD /
 HTTP  7/3/2026 5:44:05 pm ::1 Returned 200 in 4 ms
 HTTP  7/3/2026 5:44:05 pm ::1 Returned 200 in 2 ms
 HTTP  7/3/2026 5:44:05 pm ::1 GET /assets/node_modules/.pnpm/@expo+vector-icons@15.1.1_e_0551bb4c91465be345a06121634ce70b/node_modules/@expo/vector-icons/build/vendor/react-native-vector-icons/Fonts/MaterialCommunityIcons.6e435534bd35da5fef04168860a9b8fa.ttf
 HTTP  7/3/2026 5:44:05 pm ::1 Returned 200 in 2 ms
 HTTP  7/3/2026 5:44:05 pm ::1 GET /assets/assets/images/logo-glow.dbca075a49dc45e550c5d2e3e9601039.png
 HTTP  7/3/2026 5:44:05 pm ::1 Returned 200 in 1 ms
 HTTP  7/3/2026 5:44:05 pm ::1 GET /more/staff
 HTTP  7/3/2026 5:44:05 pm ::1 Returned 200 in 4 ms
 HTTP  7/3/2026 5:44:05 pm ::1 GET /_expo/static/js/web/entry-d6b311123318afe3be416ea9fb41b065.js
 HTTP  7/3/2026 5:44:05 pm ::1 Returned 200 in 1 ms
 HTTP  7/3/2026 5:44:05 pm ::1 GET /assets/assets/images/logo-glow.dbca075a49dc45e550c5d2e3e9601039.png
 HTTP  7/3/2026 5:44:05 pm ::1 HEAD /
 HTTP  7/3/2026 5:44:05 pm ::1 Returned 200 in 4 ms
 HTTP  7/3/2026 5:44:05 pm ::1 Returned 200 in 2 ms
 HTTP  7/3/2026 5:44:05 pm ::1 GET /assets/node_modules/.pnpm/@expo+vector-icons@15.1.1_e_0551bb4c91465be345a06121634ce70b/node_modules/@expo/vector-icons/build/vendor/react-native-vector-icons/Fonts/MaterialCommunityIcons.6e435534bd35da5fef04168860a9b8fa.ttf
 HTTP  7/3/2026 5:44:05 pm ::1 Returned 200 in 2 ms
 HTTP  7/3/2026 5:44:05 pm ::1 GET /assets/assets/images/logo-glow.dbca075a49dc45e550c5d2e3e9601039.png
 HTTP  7/3/2026 5:44:05 pm ::1 Returned 200 in 1 ms
 HTTP  7/3/2026 5:44:06 pm ::1 GET /more/operations
 HTTP  7/3/2026 5:44:06 pm ::1 Returned 200 in 2 ms
 HTTP  7/3/2026 5:44:06 pm ::1 GET /_expo/static/js/web/entry-d6b311123318afe3be416ea9fb41b065.js
 HTTP  7/3/2026 5:44:06 pm ::1 Returned 200 in 1 ms
 HTTP  7/3/2026 5:44:06 pm ::1 GET /assets/assets/images/logo-glow.dbca075a49dc45e550c5d2e3e9601039.png
 HTTP  7/3/2026 5:44:06 pm ::1 HEAD /
 HTTP  7/3/2026 5:44:06 pm ::1 Returned 200 in 3 ms
 HTTP  7/3/2026 5:44:06 pm ::1 Returned 200 in 3 ms
 HTTP  7/3/2026 5:44:06 pm ::1 HEAD /
 HTTP  7/3/2026 5:44:06 pm ::1 Returned 200 in 2 ms
 HTTP  7/3/2026 5:44:06 pm ::1 GET /assets/node_modules/.pnpm/@expo+vector-icons@15.1.1_e_0551bb4c91465be345a06121634ce70b/node_modules/@expo/vector-icons/build/vendor/react-native-vector-icons/Fonts/MaterialCommunityIcons.6e435534bd35da5fef04168860a9b8fa.ttf
 HTTP  7/3/2026 5:44:06 pm ::1 Returned 200 in 1 ms
 HTTP  7/3/2026 5:44:06 pm ::1 GET /assets/assets/images/logo-glow.dbca075a49dc45e550c5d2e3e9601039.png
 HTTP  7/3/2026 5:44:06 pm ::1 Returned 200 in 2 ms
 HTTP  7/3/2026 5:44:06 pm ::1 GET /more/godowns
 HTTP  7/3/2026 5:44:06 pm ::1 Returned 200 in 2 ms
 HTTP  7/3/2026 5:44:06 pm ::1 GET /_expo/static/js/web/entry-d6b311123318afe3be416ea9fb41b065.js
 HTTP  7/3/2026 5:44:06 pm ::1 Returned 200 in 2 ms
 HTTP  7/3/2026 5:44:06 pm ::1 GET /assets/assets/images/logo-glow.dbca075a49dc45e550c5d2e3e9601039.png
 HTTP  7/3/2026 5:44:06 pm ::1 HEAD /
 HTTP  7/3/2026 5:44:06 pm ::1 HEAD /
 HTTP  7/3/2026 5:44:06 pm ::1 Returned 200 in 4 ms
 HTTP  7/3/2026 5:44:06 pm ::1 Returned 200 in 4 ms
 HTTP  7/3/2026 5:44:06 pm ::1 Returned 200 in 2 ms
 HTTP  7/3/2026 5:44:06 pm ::1 GET /assets/node_modules/.pnpm/@expo+vector-icons@15.1.1_e_0551bb4c91465be345a06121634ce70b/node_modules/@expo/vector-icons/build/vendor/react-native-vector-icons/Fonts/MaterialCommunityIcons.6e435534bd35da5fef04168860a9b8fa.ttf
 HTTP  7/3/2026 5:44:06 pm ::1 Returned 200 in 1 ms
 HTTP  7/3/2026 5:44:06 pm ::1 GET /assets/assets/images/logo-glow.dbca075a49dc45e550c5d2e3e9601039.png
 HTTP  7/3/2026 5:44:06 pm ::1 Returned 200 in 2 ms
 HTTP  7/3/2026 5:44:07 pm ::1 GET /more/godowns/add
 HTTP  7/3/2026 5:44:07 pm ::1 Returned 200 in 1 ms
 HTTP  7/3/2026 5:44:07 pm ::1 GET /_expo/static/js/web/entry-d6b311123318afe3be416ea9fb41b065.js
 HTTP  7/3/2026 5:44:07 pm ::1 Returned 200 in 2 ms
 HTTP  7/3/2026 5:44:07 pm ::1 GET /assets/assets/images/logo-glow.dbca075a49dc45e550c5d2e3e9601039.png
 HTTP  7/3/2026 5:44:07 pm ::1 HEAD /
 HTTP  7/3/2026 5:44:07 pm ::1 HEAD /
 HTTP  7/3/2026 5:44:07 pm ::1 Returned 200 in 6 ms
 HTTP  7/3/2026 5:44:07 pm ::1 Returned 200 in 5 ms
 HTTP  7/3/2026 5:44:07 pm ::1 Returned 200 in 4 ms
 HTTP  7/3/2026 5:44:07 pm ::1 GET /assets/node_modules/.pnpm/@expo+vector-icons@15.1.1_e_0551bb4c91465be345a06121634ce70b/node_modules/@expo/vector-icons/build/vendor/react-native-vector-icons/Fonts/MaterialCommunityIcons.6e435534bd35da5fef04168860a9b8fa.ttf
 HTTP  7/3/2026 5:44:07 pm ::1 Returned 200 in 2 ms
 HTTP  7/3/2026 5:44:07 pm ::1 GET /assets/assets/images/logo-glow.dbca075a49dc45e550c5d2e3e9601039.png
 HTTP  7/3/2026 5:44:07 pm ::1 Returned 200 in 2 ms
 HTTP  7/3/2026 5:44:07 pm ::1 GET /more/godowns/god-1
 HTTP  7/3/2026 5:44:07 pm ::1 Returned 200 in 1 ms
 HTTP  7/3/2026 5:44:07 pm ::1 GET /_expo/static/js/web/entry-d6b311123318afe3be416ea9fb41b065.js
 HTTP  7/3/2026 5:44:07 pm ::1 Returned 200 in 2 ms
 HTTP  7/3/2026 5:44:08 pm ::1 GET /assets/assets/images/logo-glow.dbca075a49dc45e550c5d2e3e9601039.png
 HTTP  7/3/2026 5:44:08 pm ::1 HEAD /
 HTTP  7/3/2026 5:44:08 pm ::1 Returned 200 in 2 ms
 HTTP  7/3/2026 5:44:08 pm ::1 Returned 200 in 1 ms
 HTTP  7/3/2026 5:44:08 pm ::1 GET /assets/node_modules/.pnpm/@expo+vector-icons@15.1.1_e_0551bb4c91465be345a06121634ce70b/node_modules/@expo/vector-icons/build/vendor/react-native-vector-icons/Fonts/MaterialCommunityIcons.6e435534bd35da5fef04168860a9b8fa.ttf
 HTTP  7/3/2026 5:44:08 pm ::1 Returned 200 in 1 ms
 HTTP  7/3/2026 5:44:08 pm ::1 GET /assets/assets/images/logo-glow.dbca075a49dc45e550c5d2e3e9601039.png
 HTTP  7/3/2026 5:44:08 pm ::1 Returned 200 in 2 ms
 HTTP  7/3/2026 5:44:08 pm ::1 GET /more/announcements
 HTTP  7/3/2026 5:44:08 pm ::1 Returned 200 in 1 ms
 HTTP  7/3/2026 5:44:08 pm ::1 GET /_expo/static/js/web/entry-d6b311123318afe3be416ea9fb41b065.js
 HTTP  7/3/2026 5:44:08 pm ::1 Returned 200 in 1 ms
 HTTP  7/3/2026 5:44:08 pm ::1 GET /assets/assets/images/logo-glow.dbca075a49dc45e550c5d2e3e9601039.png
 HTTP  7/3/2026 5:44:08 pm ::1 HEAD /
 HTTP  7/3/2026 5:44:08 pm ::1 Returned 200 in 2 ms
 HTTP  7/3/2026 5:44:08 pm ::1 Returned 200 in 1 ms
 HTTP  7/3/2026 5:44:08 pm ::1 GET /assets/node_modules/.pnpm/@expo+vector-icons@15.1.1_e_0551bb4c91465be345a06121634ce70b/node_modules/@expo/vector-icons/build/vendor/react-native-vector-icons/Fonts/MaterialCommunityIcons.6e435534bd35da5fef04168860a9b8fa.ttf
 HTTP  7/3/2026 5:44:08 pm ::1 Returned 200 in 3 ms
 HTTP  7/3/2026 5:44:08 pm ::1 GET /assets/assets/images/logo-glow.dbca075a49dc45e550c5d2e3e9601039.png
 HTTP  7/3/2026 5:44:08 pm ::1 Returned 200 in 1 ms
 HTTP  7/3/2026 5:44:08 pm ::1 GET /more/reports/pnl
 HTTP  7/3/2026 5:44:08 pm ::1 Returned 200 in 1 ms
 HTTP  7/3/2026 5:44:09 pm ::1 GET /_expo/static/js/web/entry-d6b311123318afe3be416ea9fb41b065.js
 HTTP  7/3/2026 5:44:09 pm ::1 Returned 200 in 2 ms
 HTTP  7/3/2026 5:44:09 pm ::1 GET /assets/assets/images/logo-glow.dbca075a49dc45e550c5d2e3e9601039.png
 HTTP  7/3/2026 5:44:09 pm ::1 HEAD /
 HTTP  7/3/2026 5:44:09 pm ::1 HEAD /
 HTTP  7/3/2026 5:44:09 pm ::1 Returned 200 in 3 ms
 HTTP  7/3/2026 5:44:09 pm ::1 Returned 200 in 3 ms
 HTTP  7/3/2026 5:44:09 pm ::1 Returned 200 in 2 ms
 HTTP  7/3/2026 5:44:09 pm ::1 GET /assets/node_modules/.pnpm/@expo+vector-icons@15.1.1_e_0551bb4c91465be345a06121634ce70b/node_modules/@expo/vector-icons/build/vendor/react-native-vector-icons/Fonts/MaterialCommunityIcons.6e435534bd35da5fef04168860a9b8fa.ttf
 HTTP  7/3/2026 5:44:09 pm ::1 Returned 200 in 1 ms
 HTTP  7/3/2026 5:44:09 pm ::1 GET /assets/assets/images/logo-glow.dbca075a49dc45e550c5d2e3e9601039.png
 HTTP  7/3/2026 5:44:09 pm ::1 Returned 200 in 1 ms
 HTTP  7/3/2026 5:44:09 pm ::1 GET /more/reports/gstr1
 HTTP  7/3/2026 5:44:09 pm ::1 Returned 200 in 3 ms
 HTTP  7/3/2026 5:44:09 pm ::1 GET /_expo/static/js/web/entry-d6b311123318afe3be416ea9fb41b065.js
 HTTP  7/3/2026 5:44:09 pm ::1 Returned 200 in 1 ms
 HTTP  7/3/2026 5:44:09 pm ::1 GET /assets/assets/images/logo-glow.dbca075a49dc45e550c5d2e3e9601039.png
 HTTP  7/3/2026 5:44:09 pm ::1 HEAD /
 HTTP  7/3/2026 5:44:09 pm ::1 HEAD /
 HTTP  7/3/2026 5:44:09 pm ::1 Returned 200 in 7 ms
 HTTP  7/3/2026 5:44:09 pm ::1 Returned 200 in 6 ms
 HTTP  7/3/2026 5:44:09 pm ::1 Returned 200 in 3 ms
 HTTP  7/3/2026 5:44:09 pm ::1 GET /assets/node_modules/.pnpm/@expo+vector-icons@15.1.1_e_0551bb4c91465be345a06121634ce70b/node_modules/@expo/vector-icons/build/vendor/react-native-vector-icons/Fonts/MaterialCommunityIcons.6e435534bd35da5fef04168860a9b8fa.ttf
 HTTP  7/3/2026 5:44:09 pm ::1 Returned 200 in 2 ms
 HTTP  7/3/2026 5:44:09 pm ::1 GET /assets/assets/images/logo-glow.dbca075a49dc45e550c5d2e3e9601039.png
 HTTP  7/3/2026 5:44:09 pm ::1 Returned 200 in 2 ms
 HTTP  7/3/2026 5:44:10 pm ::1 GET /more/reports/gstr3b
 HTTP  7/3/2026 5:44:10 pm ::1 Returned 200 in 1 ms
 HTTP  7/3/2026 5:44:10 pm ::1 GET /_expo/static/js/web/entry-d6b311123318afe3be416ea9fb41b065.js
 HTTP  7/3/2026 5:44:10 pm ::1 Returned 200 in 1 ms
 HTTP  7/3/2026 5:44:10 pm ::1 GET /assets/assets/images/logo-glow.dbca075a49dc45e550c5d2e3e9601039.png
 HTTP  7/3/2026 5:44:10 pm ::1 HEAD /
 HTTP  7/3/2026 5:44:10 pm ::1 Returned 200 in 2 ms
 HTTP  7/3/2026 5:44:10 pm ::1 Returned 200 in 2 ms
 HTTP  7/3/2026 5:44:10 pm ::1 GET /assets/node_modules/.pnpm/@expo+vector-icons@15.1.1_e_0551bb4c91465be345a06121634ce70b/node_modules/@expo/vector-icons/build/vendor/react-native-vector-icons/Fonts/MaterialCommunityIcons.6e435534bd35da5fef04168860a9b8fa.ttf
 HTTP  7/3/2026 5:44:10 pm ::1 Returned 200 in 2 ms
 HTTP  7/3/2026 5:44:10 pm ::1 GET /assets/assets/images/logo-glow.dbca075a49dc45e550c5d2e3e9601039.png
 HTTP  7/3/2026 5:44:10 pm ::1 Returned 200 in 2 ms
 HTTP  7/3/2026 5:44:10 pm ::1 GET /legal
 HTTP  7/3/2026 5:44:10 pm ::1 Returned 200 in 3 ms
 HTTP  7/3/2026 5:44:10 pm ::1 GET /_expo/static/js/web/entry-d6b311123318afe3be416ea9fb41b065.js
 HTTP  7/3/2026 5:44:10 pm ::1 Returned 200 in 1 ms
 HTTP  7/3/2026 5:44:11 pm ::1 GET /assets/assets/images/logo-glow.dbca075a49dc45e550c5d2e3e9601039.png
 HTTP  7/3/2026 5:44:11 pm ::1 HEAD /
 HTTP  7/3/2026 5:44:11 pm ::1 Returned 200 in 4 ms
 HTTP  7/3/2026 5:44:11 pm ::1 Returned 200 in 2 ms
 HTTP  7/3/2026 5:44:11 pm ::1 GET /assets/node_modules/.pnpm/@expo+vector-icons@15.1.1_e_0551bb4c91465be345a06121634ce70b/node_modules/@expo/vector-icons/build/vendor/react-native-vector-icons/Fonts/MaterialCommunityIcons.6e435534bd35da5fef04168860a9b8fa.ttf
 HTTP  7/3/2026 5:44:11 pm ::1 Returned 200 in 1 ms
 HTTP  7/3/2026 5:44:11 pm ::1 GET /assets/assets/images/logo-glow.dbca075a49dc45e550c5d2e3e9601039.png
 HTTP  7/3/2026 5:44:11 pm ::1 Returned 200 in 2 ms
 HTTP  7/3/2026 5:44:11 pm ::1 GET /legal/terms
 HTTP  7/3/2026 5:44:11 pm ::1 Returned 200 in 3 ms
 HTTP  7/3/2026 5:44:11 pm ::1 GET /_expo/static/js/web/entry-d6b311123318afe3be416ea9fb41b065.js
 HTTP  7/3/2026 5:44:11 pm ::1 Returned 200 in 1 ms
 HTTP  7/3/2026 5:44:11 pm ::1 GET /assets/assets/images/logo-glow.dbca075a49dc45e550c5d2e3e9601039.png
 HTTP  7/3/2026 5:44:11 pm ::1 HEAD /
 HTTP  7/3/2026 5:44:11 pm ::1 HEAD /
 HTTP  7/3/2026 5:44:11 pm ::1 Returned 200 in 3 ms
 HTTP  7/3/2026 5:44:11 pm ::1 Returned 200 in 3 ms
 HTTP  7/3/2026 5:44:11 pm ::1 Returned 200 in 2 ms
 HTTP  7/3/2026 5:44:11 pm ::1 GET /assets/node_modules/.pnpm/@expo+vector-icons@15.1.1_e_0551bb4c91465be345a06121634ce70b/node_modules/@expo/vector-icons/build/vendor/react-native-vector-icons/Fonts/MaterialCommunityIcons.6e435534bd35da5fef04168860a9b8fa.ttf
 HTTP  7/3/2026 5:44:11 pm ::1 Returned 200 in 2 ms
 HTTP  7/3/2026 5:44:11 pm ::1 GET /assets/assets/images/logo-glow.dbca075a49dc45e550c5d2e3e9601039.png
 HTTP  7/3/2026 5:44:11 pm ::1 Returned 200 in 2 ms
 HTTP  7/3/2026 5:44:11 pm ::1 GET /legal/privacy
 HTTP  7/3/2026 5:44:11 pm ::1 Returned 200 in 2 ms
 HTTP  7/3/2026 5:44:11 pm ::1 GET /_expo/static/js/web/entry-d6b311123318afe3be416ea9fb41b065.js
 HTTP  7/3/2026 5:44:11 pm ::1 Returned 200 in 2 ms
 HTTP  7/3/2026 5:44:12 pm ::1 GET /assets/assets/images/logo-glow.dbca075a49dc45e550c5d2e3e9601039.png
 HTTP  7/3/2026 5:44:12 pm ::1 HEAD /
 HTTP  7/3/2026 5:44:12 pm ::1 Returned 200 in 2 ms
 HTTP  7/3/2026 5:44:12 pm ::1 Returned 200 in 2 ms
 HTTP  7/3/2026 5:44:12 pm ::1 GET /assets/node_modules/.pnpm/@expo+vector-icons@15.1.1_e_0551bb4c91465be345a06121634ce70b/node_modules/@expo/vector-icons/build/vendor/react-native-vector-icons/Fonts/MaterialCommunityIcons.6e435534bd35da5fef04168860a9b8fa.ttf
 HTTP  7/3/2026 5:44:12 pm ::1 Returned 200 in 1 ms
 HTTP  7/3/2026 5:44:12 pm ::1 GET /assets/assets/images/logo-glow.dbca075a49dc45e550c5d2e3e9601039.png
 HTTP  7/3/2026 5:44:12 pm ::1 Returned 200 in 2 ms
 HTTP  7/3/2026 5:44:12 pm ::1 GET /legal/changelog
 HTTP  7/3/2026 5:44:12 pm ::1 Returned 200 in 1 ms
 HTTP  7/3/2026 5:44:12 pm ::1 GET /_expo/static/js/web/entry-d6b311123318afe3be416ea9fb41b065.js
 HTTP  7/3/2026 5:44:12 pm ::1 Returned 200 in 2 ms
 HTTP  7/3/2026 5:44:12 pm ::1 GET /assets/assets/images/logo-glow.dbca075a49dc45e550c5d2e3e9601039.png
 HTTP  7/3/2026 5:44:12 pm ::1 HEAD /
 HTTP  7/3/2026 5:44:12 pm ::1 Returned 200 in 4 ms
 HTTP  7/3/2026 5:44:12 pm ::1 Returned 200 in 2 ms
 HTTP  7/3/2026 5:44:12 pm ::1 GET /assets/node_modules/.pnpm/@expo+vector-icons@15.1.1_e_0551bb4c91465be345a06121634ce70b/node_modules/@expo/vector-icons/build/vendor/react-native-vector-icons/Fonts/MaterialCommunityIcons.6e435534bd35da5fef04168860a9b8fa.ttf
 HTTP  7/3/2026 5:44:12 pm ::1 Returned 200 in 2 ms
 HTTP  7/3/2026 5:44:12 pm ::1 GET /assets/assets/images/logo-glow.dbca075a49dc45e550c5d2e3e9601039.png
 HTTP  7/3/2026 5:44:12 pm ::1 Returned 200 in 2 ms
 HTTP  7/3/2026 5:44:13 pm ::1 GET /legal/about
 HTTP  7/3/2026 5:44:13 pm ::1 Returned 200 in 1 ms
 HTTP  7/3/2026 5:44:13 pm ::1 GET /_expo/static/js/web/entry-d6b311123318afe3be416ea9fb41b065.js
 HTTP  7/3/2026 5:44:13 pm ::1 Returned 200 in 1 ms
 HTTP  7/3/2026 5:44:13 pm ::1 GET /assets/assets/images/logo-glow.dbca075a49dc45e550c5d2e3e9601039.png
 HTTP  7/3/2026 5:44:13 pm ::1 HEAD /
 HTTP  7/3/2026 5:44:13 pm ::1 Returned 200 in 3 ms
 HTTP  7/3/2026 5:44:13 pm ::1 Returned 200 in 2 ms
 HTTP  7/3/2026 5:44:13 pm ::1 GET /assets/node_modules/.pnpm/@expo+vector-icons@15.1.1_e_0551bb4c91465be345a06121634ce70b/node_modules/@expo/vector-icons/build/vendor/react-native-vector-icons/Fonts/MaterialCommunityIcons.6e435534bd35da5fef04168860a9b8fa.ttf
 HTTP  7/3/2026 5:44:13 pm ::1 Returned 200 in 2 ms
 HTTP  7/3/2026 5:44:13 pm ::1 GET /assets/assets/images/logo-glow.dbca075a49dc45e550c5d2e3e9601039.png
 HTTP  7/3/2026 5:44:13 pm ::1 Returned 200 in 1 ms
 HTTP  7/3/2026 5:44:13 pm ::1 GET /
 HTTP  7/3/2026 5:44:13 pm ::1 Returned 200 in 1 ms
 HTTP  7/3/2026 5:44:13 pm ::1 GET /_expo/static/js/web/entry-d6b311123318afe3be416ea9fb41b065.js
 HTTP  7/3/2026 5:44:13 pm ::1 Returned 200 in 2 ms
 HTTP  7/3/2026 5:44:13 pm ::1 GET /assets/assets/images/logo-glow.dbca075a49dc45e550c5d2e3e9601039.png
 HTTP  7/3/2026 5:44:13 pm ::1 HEAD /
 HTTP  7/3/2026 5:44:13 pm ::1 Returned 200 in 3 ms
 HTTP  7/3/2026 5:44:13 pm ::1 Returned 200 in 3 ms
 HTTP  7/3/2026 5:44:13 pm ::1 GET /assets/assets/images/icon.60bae712bdd8adad2bc0ac5d33ad0531.png
 HTTP  7/3/2026 5:44:13 pm ::1 Returned 200 in 2 ms
 HTTP  7/3/2026 5:44:14 pm ::1 GET /billing
 HTTP  7/3/2026 5:44:14 pm ::1 Returned 200 in 2 ms
 HTTP  7/3/2026 5:44:14 pm ::1 GET /_expo/static/js/web/entry-d6b311123318afe3be416ea9fb41b065.js
 HTTP  7/3/2026 5:44:14 pm ::1 Returned 200 in 2 ms
 HTTP  7/3/2026 5:44:14 pm ::1 GET /assets/assets/images/logo-glow.dbca075a49dc45e550c5d2e3e9601039.png
 HTTP  7/3/2026 5:44:14 pm ::1 HEAD /
 HTTP  7/3/2026 5:44:14 pm ::1 Returned 200 in 2 ms
 HTTP  7/3/2026 5:44:14 pm ::1 Returned 200 in 2 ms
 HTTP  7/3/2026 5:44:14 pm ::1 GET /assets/node_modules/.pnpm/@expo+vector-icons@15.1.1_e_0551bb4c91465be345a06121634ce70b/node_modules/@expo/vector-icons/build/vendor/react-native-vector-icons/Fonts/MaterialCommunityIcons.6e435534bd35da5fef04168860a9b8fa.ttf
 HTTP  7/3/2026 5:44:14 pm ::1 Returned 200 in 2 ms
 HTTP  7/3/2026 5:44:14 pm ::1 GET /assets/assets/images/logo-glow.dbca075a49dc45e550c5d2e3e9601039.png
 HTTP  7/3/2026 5:44:14 pm ::1 Returned 200 in 2 ms
 HTTP  7/3/2026 5:44:14 pm ::1 GET /inventory
 HTTP  7/3/2026 5:44:14 pm ::1 Returned 200 in 3 ms
 HTTP  7/3/2026 5:44:15 pm ::1 GET /_expo/static/js/web/entry-d6b311123318afe3be416ea9fb41b065.js
 HTTP  7/3/2026 5:44:15 pm ::1 Returned 200 in 1 ms
 HTTP  7/3/2026 5:44:15 pm ::1 GET /assets/assets/images/logo-glow.dbca075a49dc45e550c5d2e3e9601039.png
 HTTP  7/3/2026 5:44:15 pm ::1 HEAD /
 HTTP  7/3/2026 5:44:15 pm ::1 Returned 200 in 2 ms
 HTTP  7/3/2026 5:44:15 pm ::1 Returned 200 in 2 ms
 HTTP  7/3/2026 5:44:15 pm ::1 GET /assets/node_modules/.pnpm/@expo+vector-icons@15.1.1_e_0551bb4c91465be345a06121634ce70b/node_modules/@expo/vector-icons/build/vendor/react-native-vector-icons/Fonts/MaterialCommunityIcons.6e435534bd35da5fef04168860a9b8fa.ttf
 HTTP  7/3/2026 5:44:15 pm ::1 Returned 200 in 1 ms
 HTTP  7/3/2026 5:44:15 pm ::1 GET /assets/assets/images/logo-glow.dbca075a49dc45e550c5d2e3e9601039.png
 HTTP  7/3/2026 5:44:15 pm ::1 Returned 200 in 2 ms
 HTTP  7/3/2026 5:44:15 pm ::1 GET /accounts
 HTTP  7/3/2026 5:44:15 pm ::1 Returned 200 in 2 ms
 HTTP  7/3/2026 5:44:15 pm ::1 GET /_expo/static/js/web/entry-d6b311123318afe3be416ea9fb41b065.js
 HTTP  7/3/2026 5:44:15 pm ::1 Returned 200 in 2 ms
 HTTP  7/3/2026 5:44:15 pm ::1 GET /assets/assets/images/logo-glow.dbca075a49dc45e550c5d2e3e9601039.png
 HTTP  7/3/2026 5:44:15 pm ::1 HEAD /
 HTTP  7/3/2026 5:44:15 pm ::1 Returned 200 in 2 ms
 HTTP  7/3/2026 5:44:15 pm ::1 Returned 200 in 2 ms
 HTTP  7/3/2026 5:44:15 pm ::1 GET /assets/node_modules/.pnpm/@expo+vector-icons@15.1.1_e_0551bb4c91465be345a06121634ce70b/node_modules/@expo/vector-icons/build/vendor/react-native-vector-icons/Fonts/MaterialCommunityIcons.6e435534bd35da5fef04168860a9b8fa.ttf
 HTTP  7/3/2026 5:44:15 pm ::1 Returned 200 in 2 ms
 HTTP  7/3/2026 5:44:15 pm ::1 GET /assets/assets/images/logo-glow.dbca075a49dc45e550c5d2e3e9601039.png
 HTTP  7/3/2026 5:44:15 pm ::1 Returned 200 in 1 ms
 HTTP  7/3/2026 5:44:16 pm ::1 GET /reports
 HTTP  7/3/2026 5:44:16 pm ::1 Returned 200 in 2 ms
 HTTP  7/3/2026 5:44:16 pm ::1 GET /_expo/static/js/web/entry-d6b311123318afe3be416ea9fb41b065.js
 HTTP  7/3/2026 5:44:16 pm ::1 Returned 200 in 3 ms
 HTTP  7/3/2026 5:44:16 pm ::1 GET /assets/assets/images/logo-glow.dbca075a49dc45e550c5d2e3e9601039.png
 HTTP  7/3/2026 5:44:16 pm ::1 HEAD /
 HTTP  7/3/2026 5:44:16 pm ::1 HEAD /
 HTTP  7/3/2026 5:44:16 pm ::1 Returned 200 in 4 ms
 HTTP  7/3/2026 5:44:16 pm ::1 Returned 200 in 3 ms
 HTTP  7/3/2026 5:44:16 pm ::1 Returned 200 in 2 ms
 HTTP  7/3/2026 5:44:16 pm ::1 GET /assets/node_modules/.pnpm/@expo+vector-icons@15.1.1_e_0551bb4c91465be345a06121634ce70b/node_modules/@expo/vector-icons/build/vendor/react-native-vector-icons/Fonts/MaterialCommunityIcons.6e435534bd35da5fef04168860a9b8fa.ttf
 HTTP  7/3/2026 5:44:16 pm ::1 Returned 200 in 3 ms
 HTTP  7/3/2026 5:44:16 pm ::1 GET /assets/assets/images/logo-glow.dbca075a49dc45e550c5d2e3e9601039.png
 HTTP  7/3/2026 5:44:16 pm ::1 Returned 200 in 2 ms
 HTTP  7/3/2026 5:44:16 pm ::1 GET /more
 HTTP  7/3/2026 5:44:16 pm ::1 Returned 200 in 1 ms
 HTTP  7/3/2026 5:44:16 pm ::1 GET /_expo/static/js/web/entry-d6b311123318afe3be416ea9fb41b065.js
 HTTP  7/3/2026 5:44:16 pm ::1 Returned 200 in 1 ms
 HTTP  7/3/2026 5:44:17 pm ::1 GET /assets/assets/images/logo-glow.dbca075a49dc45e550c5d2e3e9601039.png
 HTTP  7/3/2026 5:44:17 pm ::1 HEAD /
 HTTP  7/3/2026 5:44:17 pm ::1 HEAD /
 HTTP  7/3/2026 5:44:17 pm ::1 Returned 200 in 8 ms
 HTTP  7/3/2026 5:44:17 pm ::1 Returned 200 in 5 ms
 HTTP  7/3/2026 5:44:17 pm ::1 Returned 200 in 4 ms
 HTTP  7/3/2026 5:44:17 pm ::1 GET /assets/node_modules/.pnpm/@expo+vector-icons@15.1.1_e_0551bb4c91465be345a06121634ce70b/node_modules/@expo/vector-icons/build/vendor/react-native-vector-icons/Fonts/MaterialCommunityIcons.6e435534bd35da5fef04168860a9b8fa.ttf
 HTTP  7/3/2026 5:44:17 pm ::1 Returned 200 in 1 ms
 HTTP  7/3/2026 5:44:17 pm ::1 GET /assets/assets/images/logo-glow.dbca075a49dc45e550c5d2e3e9601039.png
 HTTP  7/3/2026 5:44:17 pm ::1 Returned 200 in 3 ms
 HTTP  7/3/2026 5:44:17 pm ::1 GET /assets/assets/images/logo-glow.dbca075a49dc45e550c5d2e3e9601039.png
 HTTP  7/3/2026 5:44:17 pm ::1 Returned 200 in 2 ms
 HTTP  7/3/2026 5:44:17 pm ::1 GET /more/settings
 HTTP  7/3/2026 5:44:17 pm ::1 Returned 200 in 6 ms
 HTTP  7/3/2026 5:44:17 pm ::1 GET /_expo/static/js/web/entry-d6b311123318afe3be416ea9fb41b065.js
 HTTP  7/3/2026 5:44:17 pm ::1 Returned 200 in 2 ms
 HTTP  7/3/2026 5:44:17 pm ::1 GET /assets/assets/images/logo-glow.dbca075a49dc45e550c5d2e3e9601039.png
 HTTP  7/3/2026 5:44:17 pm ::1 HEAD /
 HTTP  7/3/2026 5:44:17 pm ::1 HEAD /
 HTTP  7/3/2026 5:44:17 pm ::1 Returned 200 in 6 ms
 HTTP  7/3/2026 5:44:17 pm ::1 Returned 200 in 3 ms
 HTTP  7/3/2026 5:44:17 pm ::1 Returned 200 in 2 ms
 HTTP  7/3/2026 5:44:17 pm ::1 GET /assets/node_modules/.pnpm/@expo+vector-icons@15.1.1_e_0551bb4c91465be345a06121634ce70b/node_modules/@expo/vector-icons/build/vendor/react-native-vector-icons/Fonts/MaterialCommunityIcons.6e435534bd35da5fef04168860a9b8fa.ttf
 HTTP  7/3/2026 5:44:17 pm ::1 Returned 200 in 1 ms
 HTTP  7/3/2026 5:44:17 pm ::1 GET /assets/assets/images/logo-glow.dbca075a49dc45e550c5d2e3e9601039.png
 HTTP  7/3/2026 5:44:17 pm ::1 Returned 200 in 2 ms
 HTTP  7/3/2026 5:44:18 pm ::1 GET /more/printing
 HTTP  7/3/2026 5:44:18 pm ::1 Returned 200 in 4 ms
 HTTP  7/3/2026 5:44:18 pm ::1 GET /_expo/static/js/web/entry-d6b311123318afe3be416ea9fb41b065.js
 HTTP  7/3/2026 5:44:18 pm ::1 Returned 200 in 2 ms
 HTTP  7/3/2026 5:44:18 pm ::1 GET /assets/assets/images/logo-glow.dbca075a49dc45e550c5d2e3e9601039.png
 HTTP  7/3/2026 5:44:18 pm ::1 HEAD /
 HTTP  7/3/2026 5:44:18 pm ::1 Returned 200 in 8 ms
 HTTP  7/3/2026 5:44:18 pm ::1 Returned 200 in 8 ms
 HTTP  7/3/2026 5:44:18 pm ::1 GET /assets/node_modules/.pnpm/@expo+vector-icons@15.1.1_e_0551bb4c91465be345a06121634ce70b/node_modules/@expo/vector-icons/build/vendor/react-native-vector-icons/Fonts/MaterialCommunityIcons.6e435534bd35da5fef04168860a9b8fa.ttf
 HTTP  7/3/2026 5:44:18 pm ::1 Returned 200 in 2 ms
 HTTP  7/3/2026 5:44:18 pm ::1 GET /assets/assets/images/logo-glow.dbca075a49dc45e550c5d2e3e9601039.png
 HTTP  7/3/2026 5:44:18 pm ::1 Returned 200 in 3 ms
 HTTP  7/3/2026 5:44:18 pm ::1 GET /more/item-masters
 HTTP  7/3/2026 5:44:18 pm ::1 Returned 200 in 1 ms
 HTTP  7/3/2026 5:44:18 pm ::1 GET /_expo/static/js/web/entry-d6b311123318afe3be416ea9fb41b065.js
 HTTP  7/3/2026 5:44:18 pm ::1 Returned 200 in 1 ms
 HTTP  7/3/2026 5:44:19 pm ::1 GET /assets/assets/images/logo-glow.dbca075a49dc45e550c5d2e3e9601039.png
 HTTP  7/3/2026 5:44:19 pm ::1 HEAD /
 HTTP  7/3/2026 5:44:19 pm ::1 HEAD /
 HTTP  7/3/2026 5:44:19 pm ::1 Returned 200 in 4 ms
 HTTP  7/3/2026 5:44:19 pm ::1 Returned 200 in 3 ms
 HTTP  7/3/2026 5:44:19 pm ::1 Returned 200 in 3 ms
 HTTP  7/3/2026 5:44:19 pm ::1 GET /assets/node_modules/.pnpm/@expo+vector-icons@15.1.1_e_0551bb4c91465be345a06121634ce70b/node_modules/@expo/vector-icons/build/vendor/react-native-vector-icons/Fonts/MaterialCommunityIcons.6e435534bd35da5fef04168860a9b8fa.ttf
 HTTP  7/3/2026 5:44:19 pm ::1 Returned 200 in 1 ms
 HTTP  7/3/2026 5:44:19 pm ::1 GET /assets/assets/images/logo-glow.dbca075a49dc45e550c5d2e3e9601039.png
 HTTP  7/3/2026 5:44:19 pm ::1 Returned 200 in 1 ms
 HTTP  7/3/2026 5:44:19 pm ::1 GET /more/role-access
 HTTP  7/3/2026 5:44:19 pm ::1 Returned 200 in 3 ms
 HTTP  7/3/2026 5:44:19 pm ::1 GET /_expo/static/js/web/entry-d6b311123318afe3be416ea9fb41b065.js
 HTTP  7/3/2026 5:44:19 pm ::1 Returned 200 in 3 ms
 HTTP  7/3/2026 5:44:19 pm ::1 GET /assets/assets/images/logo-glow.dbca075a49dc45e550c5d2e3e9601039.png
 HTTP  7/3/2026 5:44:19 pm ::1 HEAD /
 HTTP  7/3/2026 5:44:19 pm ::1 Returned 200 in 3 ms
 HTTP  7/3/2026 5:44:19 pm ::1 Returned 200 in 2 ms
 HTTP  7/3/2026 5:44:19 pm ::1 HEAD /
 HTTP  7/3/2026 5:44:19 pm ::1 Returned 200 in 0 ms
 HTTP  7/3/2026 5:44:19 pm ::1 GET /assets/node_modules/.pnpm/@expo+vector-icons@15.1.1_e_0551bb4c91465be345a06121634ce70b/node_modules/@expo/vector-icons/build/vendor/react-native-vector-icons/Fonts/MaterialCommunityIcons.6e435534bd35da5fef04168860a9b8fa.ttf
 HTTP  7/3/2026 5:44:19 pm ::1 Returned 200 in 2 ms
 HTTP  7/3/2026 5:44:19 pm ::1 GET /assets/assets/images/logo-glow.dbca075a49dc45e550c5d2e3e9601039.png
 HTTP  7/3/2026 5:44:19 pm ::1 Returned 200 in 1 ms
 HTTP  7/3/2026 5:44:19 pm ::1 GET /more/sync
 HTTP  7/3/2026 5:44:19 pm ::1 Returned 200 in 1 ms
 HTTP  7/3/2026 5:44:19 pm ::1 GET /_expo/static/js/web/entry-d6b311123318afe3be416ea9fb41b065.js
 HTTP  7/3/2026 5:44:19 pm ::1 Returned 200 in 1 ms
 HTTP  7/3/2026 5:44:20 pm ::1 GET /assets/assets/images/logo-glow.dbca075a49dc45e550c5d2e3e9601039.png
 HTTP  7/3/2026 5:44:20 pm ::1 HEAD /
 HTTP  7/3/2026 5:44:20 pm ::1 Returned 200 in 2 ms
 HTTP  7/3/2026 5:44:20 pm ::1 Returned 200 in 1 ms
 HTTP  7/3/2026 5:44:20 pm ::1 GET /assets/node_modules/.pnpm/@expo+vector-icons@15.1.1_e_0551bb4c91465be345a06121634ce70b/node_modules/@expo/vector-icons/build/vendor/react-native-vector-icons/Fonts/MaterialCommunityIcons.6e435534bd35da5fef04168860a9b8fa.ttf
 HTTP  7/3/2026 5:44:20 pm ::1 Returned 200 in 2 ms
 HTTP  7/3/2026 5:44:20 pm ::1 GET /assets/assets/images/logo-glow.dbca075a49dc45e550c5d2e3e9601039.png
 HTTP  7/3/2026 5:44:20 pm ::1 Returned 200 in 2 ms
 HTTP  7/3/2026 5:44:20 pm ::1 GET /more/subscription
 HTTP  7/3/2026 5:44:20 pm ::1 Returned 200 in 2 ms
 HTTP  7/3/2026 5:44:20 pm ::1 GET /_expo/static/js/web/entry-d6b311123318afe3be416ea9fb41b065.js
 HTTP  7/3/2026 5:44:20 pm ::1 Returned 200 in 1 ms
 HTTP  7/3/2026 5:44:20 pm ::1 GET /assets/assets/images/logo-glow.dbca075a49dc45e550c5d2e3e9601039.png
 HTTP  7/3/2026 5:44:20 pm ::1 HEAD /
 HTTP  7/3/2026 5:44:20 pm ::1 HEAD /
 HTTP  7/3/2026 5:44:20 pm ::1 Returned 200 in 6 ms
 HTTP  7/3/2026 5:44:20 pm ::1 Returned 200 in 4 ms
 HTTP  7/3/2026 5:44:20 pm ::1 Returned 200 in 3 ms
 HTTP  7/3/2026 5:44:20 pm ::1 GET /assets/node_modules/.pnpm/@expo+vector-icons@15.1.1_e_0551bb4c91465be345a06121634ce70b/node_modules/@expo/vector-icons/build/vendor/react-native-vector-icons/Fonts/MaterialCommunityIcons.6e435534bd35da5fef04168860a9b8fa.ttf
 HTTP  7/3/2026 5:44:20 pm ::1 Returned 200 in 2 ms
 HTTP  7/3/2026 5:44:20 pm ::1 GET /assets/assets/images/logo-glow.dbca075a49dc45e550c5d2e3e9601039.png
 HTTP  7/3/2026 5:44:20 pm ::1 Returned 200 in 2 ms
 HTTP  7/3/2026 5:44:34 pm ::1 HEAD /
 HTTP  7/3/2026 5:44:34 pm ::1 Returned 200 in 2 ms
 HTTP  7/3/2026 5:45:04 pm ::1 HEAD /
 HTTP  7/3/2026 5:45:04 pm ::1 Returned 200 in 12 ms
 HTTP  7/3/2026 5:45:35 pm ::1 HEAD /
 HTTP  7/3/2026 5:45:35 pm ::1 Returned 200 in 48 ms
 HTTP  7/3/2026 5:46:04 pm ::1 HEAD /
 HTTP  7/3/2026 5:46:04 pm ::1 Returned 200 in 89 ms
 HTTP  7/3/2026 5:46:35 pm ::1 HEAD /
 HTTP  7/3/2026 5:46:35 pm ::1 Returned 200 in 104 ms
 HTTP  7/3/2026 5:47:04 pm ::1 HEAD /
 HTTP  7/3/2026 5:47:04 pm ::1 Returned 200 in 52 ms
 HTTP  7/3/2026 5:47:36 pm ::1 HEAD /
 HTTP  7/3/2026 5:47:36 pm ::1 Returned 200 in 42 ms
 HTTP  7/3/2026 5:47:44 pm ::1 GET /login
 HTTP  7/3/2026 5:47:44 pm ::1 Returned 200 in 11 ms
 HTTP  7/3/2026 5:47:44 pm ::1 GET /_expo/static/js/web/entry-a154c14e68a96ee710f95a5261071c64.js
 HTTP  7/3/2026 5:47:44 pm ::1 Returned 200 in 20 ms
 HTTP  7/3/2026 5:47:45 pm ::1 GET /assets/assets/images/logo-glow.dbca075a49dc45e550c5d2e3e9601039.png
 HTTP  7/3/2026 5:47:45 pm ::1 HEAD /
 HTTP  7/3/2026 5:47:45 pm ::1 HEAD /
 HTTP  7/3/2026 5:47:45 pm ::1 Returned 200 in 4 ms
 HTTP  7/3/2026 5:47:45 pm ::1 Returned 200 in 2 ms
 HTTP  7/3/2026 5:47:45 pm ::1 Returned 200 in 9 ms
 HTTP  7/3/2026 5:47:45 pm ::1 GET /assets/assets/images/logo-glow.dbca075a49dc45e550c5d2e3e9601039.png
 HTTP  7/3/2026 5:47:45 pm ::1 GET /assets/assets/images/icon.60bae712bdd8adad2bc0ac5d33ad0531.png
 HTTP  7/3/2026 5:47:45 pm ::1 Returned 200 in 1 ms
 HTTP  7/3/2026 5:47:45 pm ::1 Returned 200 in 4 ms
 HTTP  7/3/2026 5:47:45 pm ::1 GET /business-select
 HTTP  7/3/2026 5:47:45 pm ::1 Returned 200 in 1 ms
 HTTP  7/3/2026 5:47:45 pm ::1 GET /_expo/static/js/web/entry-a154c14e68a96ee710f95a5261071c64.js
 HTTP  7/3/2026 5:47:45 pm ::1 Returned 200 in 2 ms
 HTTP  7/3/2026 5:47:45 pm ::1 GET /assets/assets/images/logo-glow.dbca075a49dc45e550c5d2e3e9601039.png
 HTTP  7/3/2026 5:47:45 pm ::1 HEAD /
 HTTP  7/3/2026 5:47:45 pm ::1 Returned 200 in 2 ms
 HTTP  7/3/2026 5:47:45 pm ::1 Returned 200 in 2 ms
 HTTP  7/3/2026 5:47:46 pm ::1 GET /assets/node_modules/.pnpm/@expo+vector-icons@15.1.1_e_0551bb4c91465be345a06121634ce70b/node_modules/@expo/vector-icons/build/vendor/react-native-vector-icons/Fonts/MaterialCommunityIcons.6e435534bd35da5fef04168860a9b8fa.ttf
 HTTP  7/3/2026 5:47:46 pm ::1 Returned 200 in 12 ms
 HTTP  7/3/2026 5:47:46 pm ::1 GET /assets/assets/images/logo-glow.dbca075a49dc45e550c5d2e3e9601039.png
 HTTP  7/3/2026 5:47:46 pm ::1 Returned 200 in 2 ms
 HTTP  7/3/2026 5:47:46 pm ::1 GET /
 HTTP  7/3/2026 5:47:46 pm ::1 Returned 200 in 2 ms
 HTTP  7/3/2026 5:47:46 pm ::1 GET /_expo/static/js/web/entry-a154c14e68a96ee710f95a5261071c64.js
 HTTP  7/3/2026 5:47:46 pm ::1 Returned 200 in 2 ms
 HTTP  7/3/2026 5:47:46 pm ::1 GET /assets/assets/images/logo-glow.dbca075a49dc45e550c5d2e3e9601039.png
 HTTP  7/3/2026 5:47:46 pm ::1 HEAD /
 HTTP  7/3/2026 5:47:46 pm ::1 Returned 200 in 2 ms
 HTTP  7/3/2026 5:47:46 pm ::1 Returned 200 in 2 ms
 HTTP  7/3/2026 5:47:46 pm ::1 GET /assets/assets/images/icon.60bae712bdd8adad2bc0ac5d33ad0531.png
 HTTP  7/3/2026 5:47:46 pm ::1 Returned 200 in 3 ms
 HTTP  7/3/2026 5:47:46 pm ::1 GET /billing
 HTTP  7/3/2026 5:47:46 pm ::1 Returned 200 in 1 ms
 HTTP  7/3/2026 5:47:46 pm ::1 GET /_expo/static/js/web/entry-a154c14e68a96ee710f95a5261071c64.js
 HTTP  7/3/2026 5:47:46 pm ::1 Returned 200 in 2 ms
 HTTP  7/3/2026 5:47:47 pm ::1 GET /assets/assets/images/logo-glow.dbca075a49dc45e550c5d2e3e9601039.png
 HTTP  7/3/2026 5:47:47 pm ::1 HEAD /
 HTTP  7/3/2026 5:47:47 pm ::1 Returned 200 in 2 ms
 HTTP  7/3/2026 5:47:47 pm ::1 Returned 200 in 2 ms
 HTTP  7/3/2026 5:47:47 pm ::1 GET /assets/node_modules/.pnpm/@expo+vector-icons@15.1.1_e_0551bb4c91465be345a06121634ce70b/node_modules/@expo/vector-icons/build/vendor/react-native-vector-icons/Fonts/MaterialCommunityIcons.6e435534bd35da5fef04168860a9b8fa.ttf
 HTTP  7/3/2026 5:47:47 pm ::1 Returned 200 in 2 ms
 HTTP  7/3/2026 5:47:47 pm ::1 GET /assets/assets/images/logo-glow.dbca075a49dc45e550c5d2e3e9601039.png
 HTTP  7/3/2026 5:47:47 pm ::1 Returned 200 in 4 ms
 HTTP  7/3/2026 5:47:47 pm ::1 GET /billing/inv-1
 HTTP  7/3/2026 5:47:47 pm ::1 Returned 200 in 2 ms
 HTTP  7/3/2026 5:47:47 pm ::1 GET /_expo/static/js/web/entry-a154c14e68a96ee710f95a5261071c64.js
 HTTP  7/3/2026 5:47:47 pm ::1 Returned 200 in 2 ms
 HTTP  7/3/2026 5:47:47 pm ::1 GET /assets/assets/images/logo-glow.dbca075a49dc45e550c5d2e3e9601039.png
 HTTP  7/3/2026 5:47:47 pm ::1 HEAD /
 HTTP  7/3/2026 5:47:47 pm ::1 Returned 200 in 3 ms
 HTTP  7/3/2026 5:47:47 pm ::1 Returned 200 in 3 ms
 HTTP  7/3/2026 5:47:47 pm ::1 GET /assets/node_modules/.pnpm/@expo+vector-icons@15.1.1_e_0551bb4c91465be345a06121634ce70b/node_modules/@expo/vector-icons/build/vendor/react-native-vector-icons/Fonts/MaterialCommunityIcons.6e435534bd35da5fef04168860a9b8fa.ttf
 HTTP  7/3/2026 5:47:47 pm ::1 Returned 200 in 1 ms
 HTTP  7/3/2026 5:47:47 pm ::1 GET /assets/assets/images/logo-glow.dbca075a49dc45e550c5d2e3e9601039.png
 HTTP  7/3/2026 5:47:47 pm ::1 Returned 200 in 2 ms
 HTTP  7/3/2026 5:47:48 pm ::1 GET /billing/create?type=TAX_INVOICE
 HTTP  7/3/2026 5:47:48 pm ::1 Returned 200 in 3 ms
 HTTP  7/3/2026 5:47:48 pm ::1 GET /_expo/static/js/web/entry-a154c14e68a96ee710f95a5261071c64.js
 HTTP  7/3/2026 5:47:48 pm ::1 Returned 200 in 2 ms
 HTTP  7/3/2026 5:47:48 pm ::1 GET /assets/assets/images/logo-glow.dbca075a49dc45e550c5d2e3e9601039.png
 HTTP  7/3/2026 5:47:48 pm ::1 HEAD /
 HTTP  7/3/2026 5:47:48 pm ::1 Returned 200 in 2 ms
 HTTP  7/3/2026 5:47:48 pm ::1 Returned 200 in 2 ms
 HTTP  7/3/2026 5:47:48 pm ::1 GET /assets/node_modules/.pnpm/@expo+vector-icons@15.1.1_e_0551bb4c91465be345a06121634ce70b/node_modules/@expo/vector-icons/build/vendor/react-native-vector-icons/Fonts/MaterialCommunityIcons.6e435534bd35da5fef04168860a9b8fa.ttf
 HTTP  7/3/2026 5:47:48 pm ::1 Returned 200 in 2 ms
 HTTP  7/3/2026 5:47:48 pm ::1 GET /assets/assets/images/logo-glow.dbca075a49dc45e550c5d2e3e9601039.png
 HTTP  7/3/2026 5:47:48 pm ::1 Returned 200 in 2 ms
 HTTP  7/3/2026 5:47:48 pm ::1 GET /billing/pos
 HTTP  7/3/2026 5:47:48 pm ::1 Returned 200 in 1 ms
 HTTP  7/3/2026 5:47:48 pm ::1 GET /_expo/static/js/web/entry-a154c14e68a96ee710f95a5261071c64.js
 HTTP  7/3/2026 5:47:48 pm ::1 Returned 200 in 1 ms
 HTTP  7/3/2026 5:47:49 pm ::1 GET /assets/assets/images/logo-glow.dbca075a49dc45e550c5d2e3e9601039.png
 HTTP  7/3/2026 5:47:49 pm ::1 HEAD /
 HTTP  7/3/2026 5:47:49 pm ::1 Returned 200 in 2 ms
 HTTP  7/3/2026 5:47:49 pm ::1 Returned 200 in 2 ms
 HTTP  7/3/2026 5:47:49 pm ::1 GET /assets/node_modules/.pnpm/@expo+vector-icons@15.1.1_e_0551bb4c91465be345a06121634ce70b/node_modules/@expo/vector-icons/build/vendor/react-native-vector-icons/Fonts/MaterialCommunityIcons.6e435534bd35da5fef04168860a9b8fa.ttf
 HTTP  7/3/2026 5:47:49 pm ::1 Returned 200 in 2 ms
 HTTP  7/3/2026 5:47:49 pm ::1 GET /assets/assets/images/logo-glow.dbca075a49dc45e550c5d2e3e9601039.png
 HTTP  7/3/2026 5:47:49 pm ::1 Returned 200 in 1 ms
 HTTP  7/3/2026 5:47:49 pm ::1 GET /billing/payment-in
 HTTP  7/3/2026 5:47:49 pm ::1 Returned 200 in 2 ms
 HTTP  7/3/2026 5:47:49 pm ::1 GET /_expo/static/js/web/entry-a154c14e68a96ee710f95a5261071c64.js
 HTTP  7/3/2026 5:47:49 pm ::1 Returned 200 in 2 ms
 HTTP  7/3/2026 5:47:49 pm ::1 GET /assets/assets/images/logo-glow.dbca075a49dc45e550c5d2e3e9601039.png
 HTTP  7/3/2026 5:47:49 pm ::1 HEAD /
 HTTP  7/3/2026 5:47:49 pm ::1 Returned 200 in 3 ms
 HTTP  7/3/2026 5:47:49 pm ::1 Returned 200 in 2 ms
 HTTP  7/3/2026 5:47:49 pm ::1 GET /assets/node_modules/.pnpm/@expo+vector-icons@15.1.1_e_0551bb4c91465be345a06121634ce70b/node_modules/@expo/vector-icons/build/vendor/react-native-vector-icons/Fonts/MaterialCommunityIcons.6e435534bd35da5fef04168860a9b8fa.ttf
 HTTP  7/3/2026 5:47:49 pm ::1 Returned 200 in 2 ms
 HTTP  7/3/2026 5:47:49 pm ::1 GET /assets/assets/images/logo-glow.dbca075a49dc45e550c5d2e3e9601039.png
 HTTP  7/3/2026 5:47:49 pm ::1 Returned 200 in 2 ms
 HTTP  7/3/2026 5:47:50 pm ::1 GET /billing/payment-out
 HTTP  7/3/2026 5:47:50 pm ::1 Returned 200 in 2 ms
 HTTP  7/3/2026 5:47:50 pm ::1 GET /_expo/static/js/web/entry-a154c14e68a96ee710f95a5261071c64.js
 HTTP  7/3/2026 5:47:50 pm ::1 Returned 200 in 2 ms
 HTTP  7/3/2026 5:47:50 pm ::1 GET /assets/assets/images/logo-glow.dbca075a49dc45e550c5d2e3e9601039.png
 HTTP  7/3/2026 5:47:50 pm ::1 HEAD /
 HTTP  7/3/2026 5:47:50 pm ::1 Returned 200 in 2 ms
 HTTP  7/3/2026 5:47:50 pm ::1 Returned 200 in 2 ms
 HTTP  7/3/2026 5:47:50 pm ::1 GET /assets/node_modules/.pnpm/@expo+vector-icons@15.1.1_e_0551bb4c91465be345a06121634ce70b/node_modules/@expo/vector-icons/build/vendor/react-native-vector-icons/Fonts/MaterialCommunityIcons.6e435534bd35da5fef04168860a9b8fa.ttf
 HTTP  7/3/2026 5:47:50 pm ::1 Returned 200 in 2 ms
 HTTP  7/3/2026 5:47:50 pm ::1 GET /assets/assets/images/logo-glow.dbca075a49dc45e550c5d2e3e9601039.png
 HTTP  7/3/2026 5:47:50 pm ::1 Returned 200 in 1 ms
 HTTP  7/3/2026 5:47:50 pm ::1 GET /billing/party-select
 HTTP  7/3/2026 5:47:50 pm ::1 Returned 200 in 1 ms
 HTTP  7/3/2026 5:47:50 pm ::1 GET /_expo/static/js/web/entry-a154c14e68a96ee710f95a5261071c64.js
 HTTP  7/3/2026 5:47:50 pm ::1 Returned 200 in 1 ms
 HTTP  7/3/2026 5:47:50 pm ::1 GET /assets/assets/images/logo-glow.dbca075a49dc45e550c5d2e3e9601039.png
 HTTP  7/3/2026 5:47:50 pm ::1 HEAD /
 HTTP  7/3/2026 5:47:50 pm ::1 Returned 200 in 3 ms
 HTTP  7/3/2026 5:47:50 pm ::1 Returned 200 in 3 ms
 HTTP  7/3/2026 5:47:50 pm ::1 GET /assets/node_modules/.pnpm/@expo+vector-icons@15.1.1_e_0551bb4c91465be345a06121634ce70b/node_modules/@expo/vector-icons/build/vendor/react-native-vector-icons/Fonts/MaterialCommunityIcons.6e435534bd35da5fef04168860a9b8fa.ttf
 HTTP  7/3/2026 5:47:50 pm ::1 Returned 200 in 2 ms
 HTTP  7/3/2026 5:47:50 pm ::1 GET /assets/assets/images/logo-glow.dbca075a49dc45e550c5d2e3e9601039.png
 HTTP  7/3/2026 5:47:50 pm ::1 Returned 200 in 4 ms
 HTTP  7/3/2026 5:47:51 pm ::1 GET /inventory
 HTTP  7/3/2026 5:47:51 pm ::1 Returned 200 in 1 ms
 HTTP  7/3/2026 5:47:51 pm ::1 GET /_expo/static/js/web/entry-a154c14e68a96ee710f95a5261071c64.js
 HTTP  7/3/2026 5:47:51 pm ::1 Returned 200 in 2 ms
 HTTP  7/3/2026 5:47:51 pm ::1 GET /assets/assets/images/logo-glow.dbca075a49dc45e550c5d2e3e9601039.png
 HTTP  7/3/2026 5:47:51 pm ::1 HEAD /
 HTTP  7/3/2026 5:47:51 pm ::1 Returned 200 in 2 ms
 HTTP  7/3/2026 5:47:51 pm ::1 Returned 200 in 2 ms
 HTTP  7/3/2026 5:47:51 pm ::1 GET /assets/node_modules/.pnpm/@expo+vector-icons@15.1.1_e_0551bb4c91465be345a06121634ce70b/node_modules/@expo/vector-icons/build/vendor/react-native-vector-icons/Fonts/MaterialCommunityIcons.6e435534bd35da5fef04168860a9b8fa.ttf
 HTTP  7/3/2026 5:47:51 pm ::1 Returned 200 in 1 ms
 HTTP  7/3/2026 5:47:51 pm ::1 GET /assets/assets/images/logo-glow.dbca075a49dc45e550c5d2e3e9601039.png
 HTTP  7/3/2026 5:47:51 pm ::1 Returned 200 in 2 ms
 HTTP  7/3/2026 5:47:51 pm ::1 GET /inventory/add-item
 HTTP  7/3/2026 5:47:51 pm ::1 Returned 200 in 2 ms
 HTTP  7/3/2026 5:47:51 pm ::1 GET /_expo/static/js/web/entry-a154c14e68a96ee710f95a5261071c64.js
 HTTP  7/3/2026 5:47:51 pm ::1 Returned 200 in 2 ms
 HTTP  7/3/2026 5:47:52 pm ::1 GET /assets/assets/images/logo-glow.dbca075a49dc45e550c5d2e3e9601039.png
 HTTP  7/3/2026 5:47:52 pm ::1 HEAD /
 HTTP  7/3/2026 5:47:52 pm ::1 Returned 200 in 4 ms
 HTTP  7/3/2026 5:47:52 pm ::1 Returned 200 in 1 ms
 HTTP  7/3/2026 5:47:52 pm ::1 GET /assets/node_modules/.pnpm/@expo+vector-icons@15.1.1_e_0551bb4c91465be345a06121634ce70b/node_modules/@expo/vector-icons/build/vendor/react-native-vector-icons/Fonts/MaterialCommunityIcons.6e435534bd35da5fef04168860a9b8fa.ttf
 HTTP  7/3/2026 5:47:52 pm ::1 Returned 200 in 2 ms
 HTTP  7/3/2026 5:47:52 pm ::1 GET /inventory/itm-1
 HTTP  7/3/2026 5:47:52 pm ::1 Returned 200 in 1 ms
 HTTP  7/3/2026 5:47:52 pm ::1 GET /_expo/static/js/web/entry-a154c14e68a96ee710f95a5261071c64.js
 HTTP  7/3/2026 5:47:52 pm ::1 Returned 200 in 2 ms
 HTTP  7/3/2026 5:47:52 pm ::1 GET /assets/assets/images/logo-glow.dbca075a49dc45e550c5d2e3e9601039.png
 HTTP  7/3/2026 5:47:52 pm ::1 HEAD /
 HTTP  7/3/2026 5:47:52 pm ::1 Returned 200 in 2 ms
 HTTP  7/3/2026 5:47:52 pm ::1 Returned 200 in 2 ms
 HTTP  7/3/2026 5:47:52 pm ::1 GET /assets/node_modules/.pnpm/@expo+vector-icons@15.1.1_e_0551bb4c91465be345a06121634ce70b/node_modules/@expo/vector-icons/build/vendor/react-native-vector-icons/Fonts/MaterialCommunityIcons.6e435534bd35da5fef04168860a9b8fa.ttf
 HTTP  7/3/2026 5:47:52 pm ::1 Returned 200 in 1 ms
 HTTP  7/3/2026 5:47:52 pm ::1 GET /assets/assets/images/logo-glow.dbca075a49dc45e550c5d2e3e9601039.png
 HTTP  7/3/2026 5:47:52 pm ::1 Returned 200 in 1 ms
 HTTP  7/3/2026 5:47:53 pm ::1 GET /inventory/recycle-bin
 HTTP  7/3/2026 5:47:53 pm ::1 Returned 200 in 2 ms
 HTTP  7/3/2026 5:47:53 pm ::1 GET /_expo/static/js/web/entry-a154c14e68a96ee710f95a5261071c64.js
 HTTP  7/3/2026 5:47:53 pm ::1 Returned 200 in 2 ms
 HTTP  7/3/2026 5:47:53 pm ::1 GET /assets/assets/images/logo-glow.dbca075a49dc45e550c5d2e3e9601039.png
 HTTP  7/3/2026 5:47:53 pm ::1 HEAD /
 HTTP  7/3/2026 5:47:53 pm ::1 Returned 200 in 4 ms
 HTTP  7/3/2026 5:47:53 pm ::1 Returned 200 in 2 ms
 HTTP  7/3/2026 5:47:53 pm ::1 GET /assets/node_modules/.pnpm/@expo+vector-icons@15.1.1_e_0551bb4c91465be345a06121634ce70b/node_modules/@expo/vector-icons/build/vendor/react-native-vector-icons/Fonts/MaterialCommunityIcons.6e435534bd35da5fef04168860a9b8fa.ttf
 HTTP  7/3/2026 5:47:53 pm ::1 Returned 200 in 2 ms
 HTTP  7/3/2026 5:47:53 pm ::1 GET /assets/assets/images/logo-glow.dbca075a49dc45e550c5d2e3e9601039.png
 HTTP  7/3/2026 5:47:53 pm ::1 Returned 200 in 3 ms
 HTTP  7/3/2026 5:47:53 pm ::1 GET /parties
 HTTP  7/3/2026 5:47:53 pm ::1 Returned 200 in 2 ms
 HTTP  7/3/2026 5:47:53 pm ::1 GET /_expo/static/js/web/entry-a154c14e68a96ee710f95a5261071c64.js
 HTTP  7/3/2026 5:47:53 pm ::1 Returned 200 in 1 ms
 HTTP  7/3/2026 5:47:53 pm ::1 GET /assets/assets/images/logo-glow.dbca075a49dc45e550c5d2e3e9601039.png
 HTTP  7/3/2026 5:47:53 pm ::1 HEAD /
 HTTP  7/3/2026 5:47:53 pm ::1 Returned 200 in 4 ms
 HTTP  7/3/2026 5:47:53 pm ::1 Returned 200 in 2 ms
 HTTP  7/3/2026 5:47:53 pm ::1 GET /assets/node_modules/.pnpm/@expo+vector-icons@15.1.1_e_0551bb4c91465be345a06121634ce70b/node_modules/@expo/vector-icons/build/vendor/react-native-vector-icons/Fonts/MaterialCommunityIcons.6e435534bd35da5fef04168860a9b8fa.ttf
 HTTP  7/3/2026 5:47:53 pm ::1 Returned 200 in 1 ms
 HTTP  7/3/2026 5:47:53 pm ::1 GET /assets/assets/images/logo-glow.dbca075a49dc45e550c5d2e3e9601039.png
 HTTP  7/3/2026 5:47:53 pm ::1 Returned 200 in 1 ms
 HTTP  7/3/2026 5:47:54 pm ::1 GET /parties/add
 HTTP  7/3/2026 5:47:54 pm ::1 Returned 200 in 1 ms
 HTTP  7/3/2026 5:47:54 pm ::1 GET /_expo/static/js/web/entry-a154c14e68a96ee710f95a5261071c64.js
 HTTP  7/3/2026 5:47:54 pm ::1 Returned 200 in 1 ms
 HTTP  7/3/2026 5:47:54 pm ::1 GET /assets/assets/images/logo-glow.dbca075a49dc45e550c5d2e3e9601039.png
 HTTP  7/3/2026 5:47:54 pm ::1 HEAD /
 HTTP  7/3/2026 5:47:54 pm ::1 HEAD /
 HTTP  7/3/2026 5:47:54 pm ::1 Returned 200 in 5 ms
 HTTP  7/3/2026 5:47:54 pm ::1 Returned 200 in 4 ms
 HTTP  7/3/2026 5:47:54 pm ::1 Returned 200 in 4 ms
 HTTP  7/3/2026 5:47:54 pm ::1 GET /assets/node_modules/.pnpm/@expo+vector-icons@15.1.1_e_0551bb4c91465be345a06121634ce70b/node_modules/@expo/vector-icons/build/vendor/react-native-vector-icons/Fonts/MaterialCommunityIcons.6e435534bd35da5fef04168860a9b8fa.ttf
 HTTP  7/3/2026 5:47:54 pm ::1 Returned 200 in 1 ms
 HTTP  7/3/2026 5:47:54 pm ::1 GET /parties/pty-1
 HTTP  7/3/2026 5:47:54 pm ::1 Returned 200 in 1 ms
 HTTP  7/3/2026 5:47:54 pm ::1 GET /_expo/static/js/web/entry-a154c14e68a96ee710f95a5261071c64.js
 HTTP  7/3/2026 5:47:54 pm ::1 Returned 200 in 1 ms
 HTTP  7/3/2026 5:47:55 pm ::1 GET /assets/assets/images/logo-glow.dbca075a49dc45e550c5d2e3e9601039.png
 HTTP  7/3/2026 5:47:55 pm ::1 HEAD /
 HTTP  7/3/2026 5:47:55 pm ::1 Returned 200 in 2 ms
 HTTP  7/3/2026 5:47:55 pm ::1 Returned 200 in 1 ms
 HTTP  7/3/2026 5:47:55 pm ::1 GET /assets/node_modules/.pnpm/@expo+vector-icons@15.1.1_e_0551bb4c91465be345a06121634ce70b/node_modules/@expo/vector-icons/build/vendor/react-native-vector-icons/Fonts/MaterialCommunityIcons.6e435534bd35da5fef04168860a9b8fa.ttf
 HTTP  7/3/2026 5:47:55 pm ::1 Returned 200 in 3 ms
 HTTP  7/3/2026 5:47:55 pm ::1 GET /assets/assets/images/logo-glow.dbca075a49dc45e550c5d2e3e9601039.png
 HTTP  7/3/2026 5:47:55 pm ::1 Returned 200 in 2 ms
 HTTP  7/3/2026 5:47:55 pm ::1 GET /parties/recycle-bin
 HTTP  7/3/2026 5:47:55 pm ::1 Returned 200 in 2 ms
 HTTP  7/3/2026 5:47:55 pm ::1 GET /_expo/static/js/web/entry-a154c14e68a96ee710f95a5261071c64.js
 HTTP  7/3/2026 5:47:55 pm ::1 Returned 200 in 1 ms
 HTTP  7/3/2026 5:47:55 pm ::1 GET /assets/assets/images/logo-glow.dbca075a49dc45e550c5d2e3e9601039.png
 HTTP  7/3/2026 5:47:55 pm ::1 HEAD /
 HTTP  7/3/2026 5:47:55 pm ::1 Returned 200 in 4 ms
 HTTP  7/3/2026 5:47:55 pm ::1 Returned 200 in 2 ms
 HTTP  7/3/2026 5:47:55 pm ::1 GET /assets/node_modules/.pnpm/@expo+vector-icons@15.1.1_e_0551bb4c91465be345a06121634ce70b/node_modules/@expo/vector-icons/build/vendor/react-native-vector-icons/Fonts/MaterialCommunityIcons.6e435534bd35da5fef04168860a9b8fa.ttf
 HTTP  7/3/2026 5:47:55 pm ::1 Returned 200 in 2 ms
 HTTP  7/3/2026 5:47:55 pm ::1 GET /assets/assets/images/logo-glow.dbca075a49dc45e550c5d2e3e9601039.png
 HTTP  7/3/2026 5:47:55 pm ::1 Returned 200 in 2 ms
 HTTP  7/3/2026 5:47:56 pm ::1 GET /accounts
 HTTP  7/3/2026 5:47:56 pm ::1 Returned 200 in 1 ms
 HTTP  7/3/2026 5:47:56 pm ::1 GET /_expo/static/js/web/entry-a154c14e68a96ee710f95a5261071c64.js
 HTTP  7/3/2026 5:47:56 pm ::1 Returned 200 in 2 ms
 HTTP  7/3/2026 5:47:56 pm ::1 GET /assets/assets/images/logo-glow.dbca075a49dc45e550c5d2e3e9601039.png
 HTTP  7/3/2026 5:47:56 pm ::1 HEAD /
 HTTP  7/3/2026 5:47:56 pm ::1 Returned 200 in 2 ms
 HTTP  7/3/2026 5:47:56 pm ::1 Returned 200 in 2 ms
 HTTP  7/3/2026 5:47:56 pm ::1 GET /assets/node_modules/.pnpm/@expo+vector-icons@15.1.1_e_0551bb4c91465be345a06121634ce70b/node_modules/@expo/vector-icons/build/vendor/react-native-vector-icons/Fonts/MaterialCommunityIcons.6e435534bd35da5fef04168860a9b8fa.ttf
 HTTP  7/3/2026 5:47:56 pm ::1 Returned 200 in 1 ms
 HTTP  7/3/2026 5:47:56 pm ::1 GET /assets/assets/images/logo-glow.dbca075a49dc45e550c5d2e3e9601039.png
 HTTP  7/3/2026 5:47:56 pm ::1 Returned 200 in 2 ms
 HTTP  7/3/2026 5:47:56 pm ::1 GET /accounts/cash-bank
 HTTP  7/3/2026 5:47:56 pm ::1 Returned 200 in 5 ms
 HTTP  7/3/2026 5:47:56 pm ::1 GET /_expo/static/js/web/entry-a154c14e68a96ee710f95a5261071c64.js
 HTTP  7/3/2026 5:47:56 pm ::1 Returned 200 in 2 ms
 HTTP  7/3/2026 5:47:56 pm ::1 GET /assets/assets/images/logo-glow.dbca075a49dc45e550c5d2e3e9601039.png
 HTTP  7/3/2026 5:47:56 pm ::1 HEAD /
 HTTP  7/3/2026 5:47:56 pm ::1 Returned 200 in 6 ms
 HTTP  7/3/2026 5:47:56 pm ::1 Returned 200 in 5 ms
 HTTP  7/3/2026 5:47:56 pm ::1 GET /assets/node_modules/.pnpm/@expo+vector-icons@15.1.1_e_0551bb4c91465be345a06121634ce70b/node_modules/@expo/vector-icons/build/vendor/react-native-vector-icons/Fonts/MaterialCommunityIcons.6e435534bd35da5fef04168860a9b8fa.ttf
 HTTP  7/3/2026 5:47:56 pm ::1 Returned 200 in 1 ms
 HTTP  7/3/2026 5:47:56 pm ::1 GET /assets/assets/images/logo-glow.dbca075a49dc45e550c5d2e3e9601039.png
 HTTP  7/3/2026 5:47:56 pm ::1 Returned 200 in 2 ms
 HTTP  7/3/2026 5:47:57 pm ::1 GET /accounts/cash-bank/add
 HTTP  7/3/2026 5:47:57 pm ::1 Returned 200 in 4 ms
 HTTP  7/3/2026 5:47:57 pm ::1 GET /_expo/static/js/web/entry-a154c14e68a96ee710f95a5261071c64.js
 HTTP  7/3/2026 5:47:57 pm ::1 Returned 200 in 2 ms
 HTTP  7/3/2026 5:47:57 pm ::1 GET /assets/assets/images/logo-glow.dbca075a49dc45e550c5d2e3e9601039.png
 HTTP  7/3/2026 5:47:57 pm ::1 HEAD /
 HTTP  7/3/2026 5:47:57 pm ::1 Returned 200 in 5 ms
 HTTP  7/3/2026 5:47:57 pm ::1 Returned 200 in 3 ms
 HTTP  7/3/2026 5:47:57 pm ::1 GET /assets/node_modules/.pnpm/@expo+vector-icons@15.1.1_e_0551bb4c91465be345a06121634ce70b/node_modules/@expo/vector-icons/build/vendor/react-native-vector-icons/Fonts/MaterialCommunityIcons.6e435534bd35da5fef04168860a9b8fa.ttf
 HTTP  7/3/2026 5:47:57 pm ::1 Returned 200 in 3 ms
 HTTP  7/3/2026 5:47:57 pm ::1 GET /accounts/cash-bank/acc-cash
 HTTP  7/3/2026 5:47:57 pm ::1 Returned 200 in 1 ms
 HTTP  7/3/2026 5:47:57 pm ::1 GET /_expo/static/js/web/entry-a154c14e68a96ee710f95a5261071c64.js
 HTTP  7/3/2026 5:47:57 pm ::1 Returned 200 in 2 ms
 HTTP  7/3/2026 5:47:58 pm ::1 GET /assets/assets/images/logo-glow.dbca075a49dc45e550c5d2e3e9601039.png
 HTTP  7/3/2026 5:47:58 pm ::1 HEAD /
 HTTP  7/3/2026 5:47:58 pm ::1 Returned 200 in 4 ms
 HTTP  7/3/2026 5:47:58 pm ::1 Returned 200 in 3 ms
 HTTP  7/3/2026 5:47:58 pm ::1 GET /assets/node_modules/.pnpm/@expo+vector-icons@15.1.1_e_0551bb4c91465be345a06121634ce70b/node_modules/@expo/vector-icons/build/vendor/react-native-vector-icons/Fonts/MaterialCommunityIcons.6e435534bd35da5fef04168860a9b8fa.ttf
 HTTP  7/3/2026 5:47:58 pm ::1 Returned 200 in 2 ms
 HTTP  7/3/2026 5:47:58 pm ::1 GET /assets/assets/images/logo-glow.dbca075a49dc45e550c5d2e3e9601039.png
 HTTP  7/3/2026 5:47:58 pm ::1 Returned 200 in 3 ms
 HTTP  7/3/2026 5:47:58 pm ::1 GET /accounts/cash-bank/deposit
 HTTP  7/3/2026 5:47:58 pm ::1 Returned 200 in 2 ms
 HTTP  7/3/2026 5:47:58 pm ::1 GET /_expo/static/js/web/entry-a154c14e68a96ee710f95a5261071c64.js
 HTTP  7/3/2026 5:47:58 pm ::1 Returned 200 in 2 ms
 HTTP  7/3/2026 5:47:58 pm ::1 GET /assets/assets/images/logo-glow.dbca075a49dc45e550c5d2e3e9601039.png
 HTTP  7/3/2026 5:47:58 pm ::1 HEAD /
 HTTP  7/3/2026 5:47:58 pm ::1 Returned 200 in 1 ms
 HTTP  7/3/2026 5:47:58 pm ::1 Returned 200 in 1 ms
 HTTP  7/3/2026 5:47:58 pm ::1 GET /assets/node_modules/.pnpm/@expo+vector-icons@15.1.1_e_0551bb4c91465be345a06121634ce70b/node_modules/@expo/vector-icons/build/vendor/react-native-vector-icons/Fonts/MaterialCommunityIcons.6e435534bd35da5fef04168860a9b8fa.ttf
 HTTP  7/3/2026 5:47:58 pm ::1 Returned 200 in 1 ms
 HTTP  7/3/2026 5:47:58 pm ::1 GET /assets/assets/images/logo-glow.dbca075a49dc45e550c5d2e3e9601039.png
 HTTP  7/3/2026 5:47:58 pm ::1 Returned 200 in 2 ms
 HTTP  7/3/2026 5:47:59 pm ::1 GET /accounts/cash-bank/withdraw
 HTTP  7/3/2026 5:47:59 pm ::1 Returned 200 in 1 ms
 HTTP  7/3/2026 5:47:59 pm ::1 GET /_expo/static/js/web/entry-a154c14e68a96ee710f95a5261071c64.js
 HTTP  7/3/2026 5:47:59 pm ::1 Returned 200 in 1 ms
 HTTP  7/3/2026 5:47:59 pm ::1 GET /assets/assets/images/logo-glow.dbca075a49dc45e550c5d2e3e9601039.png
 HTTP  7/3/2026 5:47:59 pm ::1 HEAD /
 HTTP  7/3/2026 5:47:59 pm ::1 Returned 200 in 2 ms
 HTTP  7/3/2026 5:47:59 pm ::1 Returned 200 in 2 ms
 HTTP  7/3/2026 5:47:59 pm ::1 GET /assets/node_modules/.pnpm/@expo+vector-icons@15.1.1_e_0551bb4c91465be345a06121634ce70b/node_modules/@expo/vector-icons/build/vendor/react-native-vector-icons/Fonts/MaterialCommunityIcons.6e435534bd35da5fef04168860a9b8fa.ttf
 HTTP  7/3/2026 5:47:59 pm ::1 Returned 200 in 2 ms
 HTTP  7/3/2026 5:47:59 pm ::1 GET /assets/assets/images/logo-glow.dbca075a49dc45e550c5d2e3e9601039.png
 HTTP  7/3/2026 5:47:59 pm ::1 Returned 200 in 1 ms
 HTTP  7/3/2026 5:47:59 pm ::1 GET /accounts/cash-bank/transfer
 HTTP  7/3/2026 5:47:59 pm ::1 Returned 200 in 1 ms
 HTTP  7/3/2026 5:47:59 pm ::1 GET /_expo/static/js/web/entry-a154c14e68a96ee710f95a5261071c64.js
 HTTP  7/3/2026 5:47:59 pm ::1 Returned 200 in 1 ms
 HTTP  7/3/2026 5:47:59 pm ::1 GET /assets/assets/images/logo-glow.dbca075a49dc45e550c5d2e3e9601039.png
 HTTP  7/3/2026 5:47:59 pm ::1 HEAD /
 HTTP  7/3/2026 5:47:59 pm ::1 Returned 200 in 1 ms
 HTTP  7/3/2026 5:47:59 pm ::1 Returned 200 in 1 ms
 HTTP  7/3/2026 5:47:59 pm ::1 GET /assets/node_modules/.pnpm/@expo+vector-icons@15.1.1_e_0551bb4c91465be345a06121634ce70b/node_modules/@expo/vector-icons/build/vendor/react-native-vector-icons/Fonts/MaterialCommunityIcons.6e435534bd35da5fef04168860a9b8fa.ttf
 HTTP  7/3/2026 5:47:59 pm ::1 Returned 200 in 2 ms
 HTTP  7/3/2026 5:47:59 pm ::1 GET /assets/assets/images/logo-glow.dbca075a49dc45e550c5d2e3e9601039.png
 HTTP  7/3/2026 5:47:59 pm ::1 Returned 200 in 2 ms
 HTTP  7/3/2026 5:48:00 pm ::1 GET /accounts/expenses
 HTTP  7/3/2026 5:48:00 pm ::1 Returned 200 in 2 ms
 HTTP  7/3/2026 5:48:00 pm ::1 GET /_expo/static/js/web/entry-a154c14e68a96ee710f95a5261071c64.js
 HTTP  7/3/2026 5:48:00 pm ::1 Returned 200 in 1 ms
 HTTP  7/3/2026 5:48:00 pm ::1 GET /assets/assets/images/logo-glow.dbca075a49dc45e550c5d2e3e9601039.png
 HTTP  7/3/2026 5:48:00 pm ::1 HEAD /
 HTTP  7/3/2026 5:48:00 pm ::1 Returned 200 in 3 ms
 HTTP  7/3/2026 5:48:00 pm ::1 Returned 200 in 3 ms
 HTTP  7/3/2026 5:48:00 pm ::1 HEAD /
 HTTP  7/3/2026 5:48:00 pm ::1 Returned 200 in 1 ms
 HTTP  7/3/2026 5:48:00 pm ::1 GET /assets/node_modules/.pnpm/@expo+vector-icons@15.1.1_e_0551bb4c91465be345a06121634ce70b/node_modules/@expo/vector-icons/build/vendor/react-native-vector-icons/Fonts/MaterialCommunityIcons.6e435534bd35da5fef04168860a9b8fa.ttf
 HTTP  7/3/2026 5:48:00 pm ::1 Returned 200 in 2 ms
 HTTP  7/3/2026 5:48:00 pm ::1 GET /assets/assets/images/logo-glow.dbca075a49dc45e550c5d2e3e9601039.png
 HTTP  7/3/2026 5:48:00 pm ::1 Returned 200 in 2 ms
 HTTP  7/3/2026 5:48:00 pm ::1 GET /accounts/expenses/add
 HTTP  7/3/2026 5:48:00 pm ::1 Returned 200 in 2 ms
 HTTP  7/3/2026 5:48:00 pm ::1 GET /_expo/static/js/web/entry-a154c14e68a96ee710f95a5261071c64.js
 HTTP  7/3/2026 5:48:00 pm ::1 Returned 200 in 1 ms
 HTTP  7/3/2026 5:48:01 pm ::1 GET /assets/assets/images/logo-glow.dbca075a49dc45e550c5d2e3e9601039.png
 HTTP  7/3/2026 5:48:01 pm ::1 HEAD /
 HTTP  7/3/2026 5:48:01 pm ::1 Returned 200 in 3 ms
 HTTP  7/3/2026 5:48:01 pm ::1 Returned 200 in 1 ms
 HTTP  7/3/2026 5:48:01 pm ::1 GET /assets/node_modules/.pnpm/@expo+vector-icons@15.1.1_e_0551bb4c91465be345a06121634ce70b/node_modules/@expo/vector-icons/build/vendor/react-native-vector-icons/Fonts/MaterialCommunityIcons.6e435534bd35da5fef04168860a9b8fa.ttf
 HTTP  7/3/2026 5:48:01 pm ::1 Returned 200 in 1 ms
 HTTP  7/3/2026 5:48:01 pm ::1 GET /assets/assets/images/logo-glow.dbca075a49dc45e550c5d2e3e9601039.png
 HTTP  7/3/2026 5:48:01 pm ::1 Returned 200 in 2 ms
 HTTP  7/3/2026 5:48:01 pm ::1 GET /accounts/expenses/recycle-bin
 HTTP  7/3/2026 5:48:01 pm ::1 Returned 200 in 2 ms
 HTTP  7/3/2026 5:48:01 pm ::1 GET /_expo/static/js/web/entry-a154c14e68a96ee710f95a5261071c64.js
 HTTP  7/3/2026 5:48:01 pm ::1 Returned 200 in 1 ms
 HTTP  7/3/2026 5:48:01 pm ::1 GET /assets/assets/images/logo-glow.dbca075a49dc45e550c5d2e3e9601039.png
 HTTP  7/3/2026 5:48:01 pm ::1 HEAD /
 HTTP  7/3/2026 5:48:01 pm ::1 Returned 200 in 2 ms
 HTTP  7/3/2026 5:48:01 pm ::1 Returned 200 in 2 ms
 HTTP  7/3/2026 5:48:01 pm ::1 GET /assets/node_modules/.pnpm/@expo+vector-icons@15.1.1_e_0551bb4c91465be345a06121634ce70b/node_modules/@expo/vector-icons/build/vendor/react-native-vector-icons/Fonts/MaterialCommunityIcons.6e435534bd35da5fef04168860a9b8fa.ttf
 HTTP  7/3/2026 5:48:01 pm ::1 Returned 200 in 1 ms
 HTTP  7/3/2026 5:48:01 pm ::1 GET /assets/assets/images/logo-glow.dbca075a49dc45e550c5d2e3e9601039.png
 HTTP  7/3/2026 5:48:01 pm ::1 Returned 200 in 1 ms
 HTTP  7/3/2026 5:48:01 pm ::1 GET /accounts/loans
 HTTP  7/3/2026 5:48:01 pm ::1 Returned 200 in 1 ms
 HTTP  7/3/2026 5:48:02 pm ::1 GET /_expo/static/js/web/entry-a154c14e68a96ee710f95a5261071c64.js
 HTTP  7/3/2026 5:48:02 pm ::1 Returned 200 in 2 ms
 HTTP  7/3/2026 5:48:02 pm ::1 GET /assets/assets/images/logo-glow.dbca075a49dc45e550c5d2e3e9601039.png
 HTTP  7/3/2026 5:48:02 pm ::1 HEAD /
 HTTP  7/3/2026 5:48:02 pm ::1 Returned 200 in 1 ms
 HTTP  7/3/2026 5:48:02 pm ::1 Returned 200 in 1 ms
 HTTP  7/3/2026 5:48:02 pm ::1 GET /assets/node_modules/.pnpm/@expo+vector-icons@15.1.1_e_0551bb4c91465be345a06121634ce70b/node_modules/@expo/vector-icons/build/vendor/react-native-vector-icons/Fonts/MaterialCommunityIcons.6e435534bd35da5fef04168860a9b8fa.ttf
 HTTP  7/3/2026 5:48:02 pm ::1 Returned 200 in 1 ms
 HTTP  7/3/2026 5:48:02 pm ::1 GET /assets/assets/images/logo-glow.dbca075a49dc45e550c5d2e3e9601039.png
 HTTP  7/3/2026 5:48:02 pm ::1 Returned 200 in 1 ms
 HTTP  7/3/2026 5:48:02 pm ::1 GET /accounts/loans/add
 HTTP  7/3/2026 5:48:02 pm ::1 Returned 200 in 2 ms
 HTTP  7/3/2026 5:48:02 pm ::1 GET /_expo/static/js/web/entry-a154c14e68a96ee710f95a5261071c64.js
 HTTP  7/3/2026 5:48:02 pm ::1 Returned 200 in 2 ms
 HTTP  7/3/2026 5:48:02 pm ::1 GET /assets/assets/images/logo-glow.dbca075a49dc45e550c5d2e3e9601039.png
 HTTP  7/3/2026 5:48:02 pm ::1 HEAD /
 HTTP  7/3/2026 5:48:02 pm ::1 Returned 200 in 2 ms
 HTTP  7/3/2026 5:48:02 pm ::1 Returned 200 in 2 ms
 HTTP  7/3/2026 5:48:02 pm ::1 GET /assets/node_modules/.pnpm/@expo+vector-icons@15.1.1_e_0551bb4c91465be345a06121634ce70b/node_modules/@expo/vector-icons/build/vendor/react-native-vector-icons/Fonts/MaterialCommunityIcons.6e435534bd35da5fef04168860a9b8fa.ttf
 HTTP  7/3/2026 5:48:02 pm ::1 Returned 200 in 1 ms
 HTTP  7/3/2026 5:48:02 pm ::1 GET /assets/assets/images/logo-glow.dbca075a49dc45e550c5d2e3e9601039.png
 HTTP  7/3/2026 5:48:02 pm ::1 Returned 200 in 2 ms
 HTTP  7/3/2026 5:48:03 pm ::1 GET /accounts/loans/loan-1
 HTTP  7/3/2026 5:48:03 pm ::1 Returned 200 in 1 ms
 HTTP  7/3/2026 5:48:03 pm ::1 GET /_expo/static/js/web/entry-a154c14e68a96ee710f95a5261071c64.js
 HTTP  7/3/2026 5:48:03 pm ::1 Returned 200 in 1 ms
 HTTP  7/3/2026 5:48:03 pm ::1 GET /assets/assets/images/logo-glow.dbca075a49dc45e550c5d2e3e9601039.png
 HTTP  7/3/2026 5:48:03 pm ::1 HEAD /
 HTTP  7/3/2026 5:48:03 pm ::1 Returned 200 in 4 ms
 HTTP  7/3/2026 5:48:03 pm ::1 Returned 200 in 4 ms
 HTTP  7/3/2026 5:48:03 pm ::1 HEAD /
 HTTP  7/3/2026 5:48:03 pm ::1 Returned 200 in 4 ms
 HTTP  7/3/2026 5:48:03 pm ::1 GET /assets/node_modules/.pnpm/@expo+vector-icons@15.1.1_e_0551bb4c91465be345a06121634ce70b/node_modules/@expo/vector-icons/build/vendor/react-native-vector-icons/Fonts/MaterialCommunityIcons.6e435534bd35da5fef04168860a9b8fa.ttf
 HTTP  7/3/2026 5:48:03 pm ::1 Returned 200 in 1 ms
 HTTP  7/3/2026 5:48:03 pm ::1 GET /assets/assets/images/logo-glow.dbca075a49dc45e550c5d2e3e9601039.png
 HTTP  7/3/2026 5:48:03 pm ::1 Returned 200 in 2 ms
 HTTP  7/3/2026 5:48:03 pm ::1 GET /accounts/loans/loan-1/payment
 HTTP  7/3/2026 5:48:03 pm ::1 Returned 200 in 1 ms
 HTTP  7/3/2026 5:48:03 pm ::1 GET /_expo/static/js/web/entry-a154c14e68a96ee710f95a5261071c64.js
 HTTP  7/3/2026 5:48:03 pm ::1 Returned 200 in 2 ms
 HTTP  7/3/2026 5:48:04 pm ::1 GET /assets/assets/images/logo-glow.dbca075a49dc45e550c5d2e3e9601039.png
 HTTP  7/3/2026 5:48:04 pm ::1 HEAD /
 HTTP  7/3/2026 5:48:04 pm ::1 Returned 200 in 3 ms
 HTTP  7/3/2026 5:48:04 pm ::1 Returned 200 in 3 ms
 HTTP  7/3/2026 5:48:04 pm ::1 HEAD /
 HTTP  7/3/2026 5:48:04 pm ::1 Returned 200 in 1 ms
 HTTP  7/3/2026 5:48:04 pm ::1 GET /assets/node_modules/.pnpm/@expo+vector-icons@15.1.1_e_0551bb4c91465be345a06121634ce70b/node_modules/@expo/vector-icons/build/vendor/react-native-vector-icons/Fonts/MaterialCommunityIcons.6e435534bd35da5fef04168860a9b8fa.ttf
 HTTP  7/3/2026 5:48:04 pm ::1 Returned 200 in 2 ms
 HTTP  7/3/2026 5:48:04 pm ::1 GET /assets/assets/images/logo-glow.dbca075a49dc45e550c5d2e3e9601039.png
 HTTP  7/3/2026 5:48:04 pm ::1 Returned 200 in 1 ms
 HTTP  7/3/2026 5:48:04 pm ::1 GET /accounts/loans/loan-1/interest
 HTTP  7/3/2026 5:48:04 pm ::1 Returned 200 in 1 ms
 HTTP  7/3/2026 5:48:04 pm ::1 GET /_expo/static/js/web/entry-a154c14e68a96ee710f95a5261071c64.js
 HTTP  7/3/2026 5:48:04 pm ::1 Returned 200 in 1 ms
 HTTP  7/3/2026 5:48:04 pm ::1 GET /assets/assets/images/logo-glow.dbca075a49dc45e550c5d2e3e9601039.png
 HTTP  7/3/2026 5:48:04 pm ::1 HEAD /
 HTTP  7/3/2026 5:48:04 pm ::1 Returned 200 in 2 ms
 HTTP  7/3/2026 5:48:04 pm ::1 Returned 200 in 1 ms
 HTTP  7/3/2026 5:48:04 pm ::1 GET /assets/node_modules/.pnpm/@expo+vector-icons@15.1.1_e_0551bb4c91465be345a06121634ce70b/node_modules/@expo/vector-icons/build/vendor/react-native-vector-icons/Fonts/MaterialCommunityIcons.6e435534bd35da5fef04168860a9b8fa.ttf
 HTTP  7/3/2026 5:48:04 pm ::1 Returned 200 in 1 ms
 HTTP  7/3/2026 5:48:04 pm ::1 GET /assets/assets/images/logo-glow.dbca075a49dc45e550c5d2e3e9601039.png
 HTTP  7/3/2026 5:48:04 pm ::1 Returned 200 in 1 ms
 HTTP  7/3/2026 5:48:05 pm ::1 GET /reports
 HTTP  7/3/2026 5:48:05 pm ::1 Returned 200 in 1 ms
 HTTP  7/3/2026 5:48:05 pm ::1 HEAD /
 HTTP  7/3/2026 5:48:05 pm ::1 Returned 200 in 2 ms
 HTTP  7/3/2026 5:48:05 pm ::1 GET /_expo/static/js/web/entry-a154c14e68a96ee710f95a5261071c64.js
 HTTP  7/3/2026 5:48:05 pm ::1 Returned 200 in 2 ms
 HTTP  7/3/2026 5:48:05 pm ::1 GET /assets/assets/images/logo-glow.dbca075a49dc45e550c5d2e3e9601039.png
 HTTP  7/3/2026 5:48:05 pm ::1 HEAD /
 HTTP  7/3/2026 5:48:05 pm ::1 Returned 200 in 4 ms
 HTTP  7/3/2026 5:48:05 pm ::1 Returned 200 in 1 ms
 HTTP  7/3/2026 5:48:05 pm ::1 GET /assets/node_modules/.pnpm/@expo+vector-icons@15.1.1_e_0551bb4c91465be345a06121634ce70b/node_modules/@expo/vector-icons/build/vendor/react-native-vector-icons/Fonts/MaterialCommunityIcons.6e435534bd35da5fef04168860a9b8fa.ttf
 HTTP  7/3/2026 5:48:05 pm ::1 Returned 200 in 1 ms
 HTTP  7/3/2026 5:48:05 pm ::1 GET /assets/assets/images/logo-glow.dbca075a49dc45e550c5d2e3e9601039.png
 HTTP  7/3/2026 5:48:05 pm ::1 Returned 200 in 1 ms
 HTTP  7/3/2026 5:48:05 pm ::1 GET /reports/gst-summary
 HTTP  7/3/2026 5:48:05 pm ::1 Returned 200 in 3 ms
 HTTP  7/3/2026 5:48:05 pm ::1 GET /_expo/static/js/web/entry-a154c14e68a96ee710f95a5261071c64.js
 HTTP  7/3/2026 5:48:05 pm ::1 Returned 200 in 2 ms
 HTTP  7/3/2026 5:48:05 pm ::1 GET /assets/assets/images/logo-glow.dbca075a49dc45e550c5d2e3e9601039.png
 HTTP  7/3/2026 5:48:05 pm ::1 HEAD /
 HTTP  7/3/2026 5:48:05 pm ::1 Returned 200 in 2 ms
 HTTP  7/3/2026 5:48:05 pm ::1 Returned 200 in 1 ms
 HTTP  7/3/2026 5:48:05 pm ::1 GET /assets/node_modules/.pnpm/@expo+vector-icons@15.1.1_e_0551bb4c91465be345a06121634ce70b/node_modules/@expo/vector-icons/build/vendor/react-native-vector-icons/Fonts/MaterialCommunityIcons.6e435534bd35da5fef04168860a9b8fa.ttf
 HTTP  7/3/2026 5:48:05 pm ::1 Returned 200 in 1 ms
 HTTP  7/3/2026 5:48:05 pm ::1 GET /assets/assets/images/logo-glow.dbca075a49dc45e550c5d2e3e9601039.png
 HTTP  7/3/2026 5:48:05 pm ::1 Returned 200 in 1 ms
 HTTP  7/3/2026 5:48:06 pm ::1 GET /reports/trial-balance
 HTTP  7/3/2026 5:48:06 pm ::1 Returned 200 in 4 ms
 HTTP  7/3/2026 5:48:06 pm ::1 GET /_expo/static/js/web/entry-a154c14e68a96ee710f95a5261071c64.js
 HTTP  7/3/2026 5:48:06 pm ::1 Returned 200 in 1 ms
 HTTP  7/3/2026 5:48:06 pm ::1 GET /assets/assets/images/logo-glow.dbca075a49dc45e550c5d2e3e9601039.png
 HTTP  7/3/2026 5:48:06 pm ::1 HEAD /
 HTTP  7/3/2026 5:48:06 pm ::1 Returned 200 in 2 ms
 HTTP  7/3/2026 5:48:06 pm ::1 Returned 200 in 2 ms
 HTTP  7/3/2026 5:48:06 pm ::1 GET /assets/node_modules/.pnpm/@expo+vector-icons@15.1.1_e_0551bb4c91465be345a06121634ce70b/node_modules/@expo/vector-icons/build/vendor/react-native-vector-icons/Fonts/MaterialCommunityIcons.6e435534bd35da5fef04168860a9b8fa.ttf
 HTTP  7/3/2026 5:48:06 pm ::1 Returned 200 in 2 ms
 HTTP  7/3/2026 5:48:06 pm ::1 GET /assets/assets/images/logo-glow.dbca075a49dc45e550c5d2e3e9601039.png
 HTTP  7/3/2026 5:48:06 pm ::1 Returned 200 in 2 ms
 HTTP  7/3/2026 5:48:06 pm ::1 GET /reports/ledgers
 HTTP  7/3/2026 5:48:06 pm ::1 Returned 200 in 4 ms
 HTTP  7/3/2026 5:48:06 pm ::1 GET /_expo/static/js/web/entry-a154c14e68a96ee710f95a5261071c64.js
 HTTP  7/3/2026 5:48:06 pm ::1 Returned 200 in 1 ms
 HTTP  7/3/2026 5:48:07 pm ::1 GET /assets/assets/images/logo-glow.dbca075a49dc45e550c5d2e3e9601039.png
 HTTP  7/3/2026 5:48:07 pm ::1 HEAD /
 HTTP  7/3/2026 5:48:07 pm ::1 Returned 200 in 5 ms
 HTTP  7/3/2026 5:48:07 pm ::1 Returned 200 in 2 ms
 HTTP  7/3/2026 5:48:07 pm ::1 GET /assets/node_modules/.pnpm/@expo+vector-icons@15.1.1_e_0551bb4c91465be345a06121634ce70b/node_modules/@expo/vector-icons/build/vendor/react-native-vector-icons/Fonts/MaterialCommunityIcons.6e435534bd35da5fef04168860a9b8fa.ttf
 HTTP  7/3/2026 5:48:07 pm ::1 Returned 200 in 1 ms
 HTTP  7/3/2026 5:48:07 pm ::1 GET /assets/assets/images/logo-glow.dbca075a49dc45e550c5d2e3e9601039.png
 HTTP  7/3/2026 5:48:07 pm ::1 Returned 200 in 1 ms
 HTTP  7/3/2026 5:48:07 pm ::1 GET /reports/ledgers/led-1
 HTTP  7/3/2026 5:48:07 pm ::1 Returned 200 in 4 ms
 HTTP  7/3/2026 5:48:07 pm ::1 GET /_expo/static/js/web/entry-a154c14e68a96ee710f95a5261071c64.js
 HTTP  7/3/2026 5:48:07 pm ::1 Returned 200 in 2 ms
 HTTP  7/3/2026 5:48:07 pm ::1 GET /assets/assets/images/logo-glow.dbca075a49dc45e550c5d2e3e9601039.png
 HTTP  7/3/2026 5:48:07 pm ::1 HEAD /
 HTTP  7/3/2026 5:48:07 pm ::1 Returned 200 in 3 ms
 HTTP  7/3/2026 5:48:07 pm ::1 Returned 200 in 2 ms
 HTTP  7/3/2026 5:48:07 pm ::1 GET /assets/node_modules/.pnpm/@expo+vector-icons@15.1.1_e_0551bb4c91465be345a06121634ce70b/node_modules/@expo/vector-icons/build/vendor/react-native-vector-icons/Fonts/MaterialCommunityIcons.6e435534bd35da5fef04168860a9b8fa.ttf
 HTTP  7/3/2026 5:48:07 pm ::1 Returned 200 in 1 ms
 HTTP  7/3/2026 5:48:07 pm ::1 GET /assets/assets/images/logo-glow.dbca075a49dc45e550c5d2e3e9601039.png
 HTTP  7/3/2026 5:48:07 pm ::1 Returned 200 in 1 ms
 HTTP  7/3/2026 5:48:08 pm ::1 GET /more
 HTTP  7/3/2026 5:48:08 pm ::1 Returned 200 in 3 ms
 HTTP  7/3/2026 5:48:08 pm ::1 GET /_expo/static/js/web/entry-a154c14e68a96ee710f95a5261071c64.js
 HTTP  7/3/2026 5:48:08 pm ::1 Returned 200 in 1 ms
 HTTP  7/3/2026 5:48:08 pm ::1 GET /assets/assets/images/logo-glow.dbca075a49dc45e550c5d2e3e9601039.png
 HTTP  7/3/2026 5:48:08 pm ::1 HEAD /
 HTTP  7/3/2026 5:48:08 pm ::1 Returned 200 in 4 ms
 HTTP  7/3/2026 5:48:08 pm ::1 Returned 200 in 1 ms
 HTTP  7/3/2026 5:48:08 pm ::1 GET /assets/node_modules/.pnpm/@expo+vector-icons@15.1.1_e_0551bb4c91465be345a06121634ce70b/node_modules/@expo/vector-icons/build/vendor/react-native-vector-icons/Fonts/MaterialCommunityIcons.6e435534bd35da5fef04168860a9b8fa.ttf
 HTTP  7/3/2026 5:48:08 pm ::1 Returned 200 in 2 ms
 HTTP  7/3/2026 5:48:08 pm ::1 GET /assets/assets/images/logo-glow.dbca075a49dc45e550c5d2e3e9601039.png
 HTTP  7/3/2026 5:48:08 pm ::1 Returned 200 in 1 ms
 HTTP  7/3/2026 5:48:08 pm ::1 GET /assets/assets/images/logo-glow.dbca075a49dc45e550c5d2e3e9601039.png
 HTTP  7/3/2026 5:48:08 pm ::1 Returned 200 in 1 ms
 HTTP  7/3/2026 5:48:08 pm ::1 GET /more/settings
 HTTP  7/3/2026 5:48:08 pm ::1 Returned 200 in 1 ms
 HTTP  7/3/2026 5:48:08 pm ::1 GET /_expo/static/js/web/entry-a154c14e68a96ee710f95a5261071c64.js
 HTTP  7/3/2026 5:48:08 pm ::1 Returned 200 in 2 ms
 HTTP  7/3/2026 5:48:08 pm ::1 GET /assets/assets/images/logo-glow.dbca075a49dc45e550c5d2e3e9601039.png
 HTTP  7/3/2026 5:48:08 pm ::1 HEAD /
 HTTP  7/3/2026 5:48:08 pm ::1 Returned 200 in 2 ms
 HTTP  7/3/2026 5:48:08 pm ::1 Returned 200 in 1 ms
 HTTP  7/3/2026 5:48:08 pm ::1 GET /assets/node_modules/.pnpm/@expo+vector-icons@15.1.1_e_0551bb4c91465be345a06121634ce70b/node_modules/@expo/vector-icons/build/vendor/react-native-vector-icons/Fonts/MaterialCommunityIcons.6e435534bd35da5fef04168860a9b8fa.ttf
 HTTP  7/3/2026 5:48:08 pm ::1 Returned 200 in 2 ms
 HTTP  7/3/2026 5:48:08 pm ::1 GET /assets/assets/images/logo-glow.dbca075a49dc45e550c5d2e3e9601039.png
 HTTP  7/3/2026 5:48:08 pm ::1 Returned 200 in 2 ms
 HTTP  7/3/2026 5:48:09 pm ::1 GET /more/settings/GENERAL
 HTTP  7/3/2026 5:48:09 pm ::1 Returned 200 in 1 ms
 HTTP  7/3/2026 5:48:09 pm ::1 GET /_expo/static/js/web/entry-a154c14e68a96ee710f95a5261071c64.js
 HTTP  7/3/2026 5:48:09 pm ::1 Returned 200 in 1 ms
 HTTP  7/3/2026 5:48:09 pm ::1 GET /assets/assets/images/logo-glow.dbca075a49dc45e550c5d2e3e9601039.png
 HTTP  7/3/2026 5:48:09 pm ::1 HEAD /
 HTTP  7/3/2026 5:48:09 pm ::1 Returned 200 in 4 ms
 HTTP  7/3/2026 5:48:09 pm ::1 Returned 200 in 2 ms
 HTTP  7/3/2026 5:48:09 pm ::1 GET /assets/node_modules/.pnpm/@expo+vector-icons@15.1.1_e_0551bb4c91465be345a06121634ce70b/node_modules/@expo/vector-icons/build/vendor/react-native-vector-icons/Fonts/MaterialCommunityIcons.6e435534bd35da5fef04168860a9b8fa.ttf
 HTTP  7/3/2026 5:48:09 pm ::1 Returned 200 in 1 ms
 HTTP  7/3/2026 5:48:09 pm ::1 GET /assets/assets/images/logo-glow.dbca075a49dc45e550c5d2e3e9601039.png
 HTTP  7/3/2026 5:48:09 pm ::1 Returned 200 in 4 ms
 HTTP  7/3/2026 5:48:09 pm ::1 GET /more/settings/ITEM_SETTINGS
 HTTP  7/3/2026 5:48:09 pm ::1 Returned 200 in 3 ms
 HTTP  7/3/2026 5:48:09 pm ::1 GET /_expo/static/js/web/entry-a154c14e68a96ee710f95a5261071c64.js
 HTTP  7/3/2026 5:48:09 pm ::1 Returned 200 in 1 ms
 HTTP  7/3/2026 5:48:10 pm ::1 GET /assets/assets/images/logo-glow.dbca075a49dc45e550c5d2e3e9601039.png
 HTTP  7/3/2026 5:48:10 pm ::1 HEAD /
 HTTP  7/3/2026 5:48:10 pm ::1 Returned 200 in 2 ms
 HTTP  7/3/2026 5:48:10 pm ::1 Returned 200 in 1 ms
 HTTP  7/3/2026 5:48:10 pm ::1 GET /assets/node_modules/.pnpm/@expo+vector-icons@15.1.1_e_0551bb4c91465be345a06121634ce70b/node_modules/@expo/vector-icons/build/vendor/react-native-vector-icons/Fonts/MaterialCommunityIcons.6e435534bd35da5fef04168860a9b8fa.ttf
 HTTP  7/3/2026 5:48:10 pm ::1 Returned 200 in 2 ms
 HTTP  7/3/2026 5:48:10 pm ::1 GET /assets/assets/images/logo-glow.dbca075a49dc45e550c5d2e3e9601039.png
 HTTP  7/3/2026 5:48:10 pm ::1 Returned 200 in 2 ms
 HTTP  7/3/2026 5:48:10 pm ::1 GET /more/printing
 HTTP  7/3/2026 5:48:10 pm ::1 Returned 200 in 3 ms
 HTTP  7/3/2026 5:48:10 pm ::1 GET /_expo/static/js/web/entry-a154c14e68a96ee710f95a5261071c64.js
 HTTP  7/3/2026 5:48:10 pm ::1 Returned 200 in 3 ms
 HTTP  7/3/2026 5:48:10 pm ::1 GET /assets/assets/images/logo-glow.dbca075a49dc45e550c5d2e3e9601039.png
 HTTP  7/3/2026 5:48:10 pm ::1 HEAD /
 HTTP  7/3/2026 5:48:10 pm ::1 Returned 200 in 2 ms
 HTTP  7/3/2026 5:48:10 pm ::1 Returned 200 in 2 ms
 HTTP  7/3/2026 5:48:10 pm ::1 GET /assets/node_modules/.pnpm/@expo+vector-icons@15.1.1_e_0551bb4c91465be345a06121634ce70b/node_modules/@expo/vector-icons/build/vendor/react-native-vector-icons/Fonts/MaterialCommunityIcons.6e435534bd35da5fef04168860a9b8fa.ttf
 HTTP  7/3/2026 5:48:10 pm ::1 Returned 200 in 2 ms
 HTTP  7/3/2026 5:48:10 pm ::1 GET /assets/assets/images/logo-glow.dbca075a49dc45e550c5d2e3e9601039.png
 HTTP  7/3/2026 5:48:10 pm ::1 Returned 200 in 2 ms
 HTTP  7/3/2026 5:48:10 pm ::1 GET /more/item-masters
 HTTP  7/3/2026 5:48:10 pm ::1 Returned 200 in 1 ms
 HTTP  7/3/2026 5:48:11 pm ::1 GET /_expo/static/js/web/entry-a154c14e68a96ee710f95a5261071c64.js
 HTTP  7/3/2026 5:48:11 pm ::1 Returned 200 in 1 ms
 HTTP  7/3/2026 5:48:11 pm ::1 GET /assets/assets/images/logo-glow.dbca075a49dc45e550c5d2e3e9601039.png
 HTTP  7/3/2026 5:48:11 pm ::1 HEAD /
 HTTP  7/3/2026 5:48:11 pm ::1 Returned 200 in 3 ms
 HTTP  7/3/2026 5:48:11 pm ::1 Returned 200 in 2 ms
 HTTP  7/3/2026 5:48:11 pm ::1 GET /assets/node_modules/.pnpm/@expo+vector-icons@15.1.1_e_0551bb4c91465be345a06121634ce70b/node_modules/@expo/vector-icons/build/vendor/react-native-vector-icons/Fonts/MaterialCommunityIcons.6e435534bd35da5fef04168860a9b8fa.ttf
 HTTP  7/3/2026 5:48:11 pm ::1 Returned 200 in 1 ms
 HTTP  7/3/2026 5:48:11 pm ::1 GET /assets/assets/images/logo-glow.dbca075a49dc45e550c5d2e3e9601039.png
 HTTP  7/3/2026 5:48:11 pm ::1 Returned 200 in 2 ms
 HTTP  7/3/2026 5:48:11 pm ::1 GET /more/role-access
 HTTP  7/3/2026 5:48:11 pm ::1 Returned 200 in 4 ms
 HTTP  7/3/2026 5:48:11 pm ::1 GET /_expo/static/js/web/entry-a154c14e68a96ee710f95a5261071c64.js
 HTTP  7/3/2026 5:48:11 pm ::1 Returned 200 in 2 ms
 HTTP  7/3/2026 5:48:11 pm ::1 GET /assets/assets/images/logo-glow.dbca075a49dc45e550c5d2e3e9601039.png
 HTTP  7/3/2026 5:48:11 pm ::1 HEAD /
 HTTP  7/3/2026 5:48:11 pm ::1 Returned 200 in 2 ms
 HTTP  7/3/2026 5:48:11 pm ::1 Returned 200 in 1 ms
 HTTP  7/3/2026 5:48:11 pm ::1 GET /assets/node_modules/.pnpm/@expo+vector-icons@15.1.1_e_0551bb4c91465be345a06121634ce70b/node_modules/@expo/vector-icons/build/vendor/react-native-vector-icons/Fonts/MaterialCommunityIcons.6e435534bd35da5fef04168860a9b8fa.ttf
 HTTP  7/3/2026 5:48:11 pm ::1 Returned 200 in 2 ms
 HTTP  7/3/2026 5:48:11 pm ::1 GET /assets/assets/images/logo-glow.dbca075a49dc45e550c5d2e3e9601039.png
 HTTP  7/3/2026 5:48:11 pm ::1 Returned 200 in 3 ms
 HTTP  7/3/2026 5:48:12 pm ::1 GET /more/sync
 HTTP  7/3/2026 5:48:12 pm ::1 Returned 200 in 3 ms
 HTTP  7/3/2026 5:48:12 pm ::1 GET /_expo/static/js/web/entry-a154c14e68a96ee710f95a5261071c64.js
 HTTP  7/3/2026 5:48:12 pm ::1 Returned 200 in 1 ms
 HTTP  7/3/2026 5:48:12 pm ::1 GET /assets/assets/images/logo-glow.dbca075a49dc45e550c5d2e3e9601039.png
 HTTP  7/3/2026 5:48:12 pm ::1 HEAD /
 HTTP  7/3/2026 5:48:12 pm ::1 Returned 200 in 2 ms
 HTTP  7/3/2026 5:48:12 pm ::1 Returned 200 in 2 ms
 HTTP  7/3/2026 5:48:12 pm ::1 GET /assets/node_modules/.pnpm/@expo+vector-icons@15.1.1_e_0551bb4c91465be345a06121634ce70b/node_modules/@expo/vector-icons/build/vendor/react-native-vector-icons/Fonts/MaterialCommunityIcons.6e435534bd35da5fef04168860a9b8fa.ttf
 HTTP  7/3/2026 5:48:12 pm ::1 Returned 200 in 3 ms
 HTTP  7/3/2026 5:48:12 pm ::1 GET /assets/assets/images/logo-glow.dbca075a49dc45e550c5d2e3e9601039.png
 HTTP  7/3/2026 5:48:12 pm ::1 Returned 200 in 1 ms
 HTTP  7/3/2026 5:48:12 pm ::1 GET /more/subscription
 HTTP  7/3/2026 5:48:12 pm ::1 Returned 200 in 1 ms
 HTTP  7/3/2026 5:48:12 pm ::1 GET /_expo/static/js/web/entry-a154c14e68a96ee710f95a5261071c64.js
 HTTP  7/3/2026 5:48:12 pm ::1 Returned 200 in 1 ms
 HTTP  7/3/2026 5:48:12 pm ::1 GET /assets/assets/images/logo-glow.dbca075a49dc45e550c5d2e3e9601039.png
 HTTP  7/3/2026 5:48:12 pm ::1 HEAD /
 HTTP  7/3/2026 5:48:12 pm ::1 Returned 200 in 4 ms
 HTTP  7/3/2026 5:48:12 pm ::1 Returned 200 in 2 ms
 HTTP  7/3/2026 5:48:13 pm ::1 GET /assets/node_modules/.pnpm/@expo+vector-icons@15.1.1_e_0551bb4c91465be345a06121634ce70b/node_modules/@expo/vector-icons/build/vendor/react-native-vector-icons/Fonts/MaterialCommunityIcons.6e435534bd35da5fef04168860a9b8fa.ttf
 HTTP  7/3/2026 5:48:13 pm ::1 Returned 200 in 2 ms
 HTTP  7/3/2026 5:48:13 pm ::1 GET /assets/assets/images/logo-glow.dbca075a49dc45e550c5d2e3e9601039.png
 HTTP  7/3/2026 5:48:13 pm ::1 Returned 200 in 2 ms
 HTTP  7/3/2026 5:48:13 pm ::1 GET /more/screen-directory
 HTTP  7/3/2026 5:48:13 pm ::1 Returned 200 in 1 ms
 HTTP  7/3/2026 5:48:13 pm ::1 GET /_expo/static/js/web/entry-a154c14e68a96ee710f95a5261071c64.js
 HTTP  7/3/2026 5:48:13 pm ::1 Returned 200 in 1 ms
 HTTP  7/3/2026 5:48:13 pm ::1 GET /assets/assets/images/logo-glow.dbca075a49dc45e550c5d2e3e9601039.png
 HTTP  7/3/2026 5:48:13 pm ::1 HEAD /
 HTTP  7/3/2026 5:48:13 pm ::1 Returned 200 in 4 ms
 HTTP  7/3/2026 5:48:13 pm ::1 Returned 200 in 2 ms
 HTTP  7/3/2026 5:48:13 pm ::1 GET /assets/node_modules/.pnpm/@expo+vector-icons@15.1.1_e_0551bb4c91465be345a06121634ce70b/node_modules/@expo/vector-icons/build/vendor/react-native-vector-icons/Fonts/MaterialCommunityIcons.6e435534bd35da5fef04168860a9b8fa.ttf
 HTTP  7/3/2026 5:48:13 pm ::1 Returned 200 in 1 ms
 HTTP  7/3/2026 5:48:13 pm ::1 GET /assets/assets/images/logo-glow.dbca075a49dc45e550c5d2e3e9601039.png
 HTTP  7/3/2026 5:48:13 pm ::1 Returned 200 in 1 ms
 HTTP  7/3/2026 5:48:13 pm ::1 GET /more/staff
 HTTP  7/3/2026 5:48:13 pm ::1 Returned 200 in 1 ms
 HTTP  7/3/2026 5:48:13 pm ::1 GET /_expo/static/js/web/entry-a154c14e68a96ee710f95a5261071c64.js
 HTTP  7/3/2026 5:48:13 pm ::1 Returned 200 in 1 ms
 HTTP  7/3/2026 5:48:14 pm ::1 GET /assets/assets/images/logo-glow.dbca075a49dc45e550c5d2e3e9601039.png
 HTTP  7/3/2026 5:48:14 pm ::1 HEAD /
 HTTP  7/3/2026 5:48:14 pm ::1 Returned 200 in 2 ms
 HTTP  7/3/2026 5:48:14 pm ::1 Returned 200 in 2 ms
 HTTP  7/3/2026 5:48:14 pm ::1 GET /assets/node_modules/.pnpm/@expo+vector-icons@15.1.1_e_0551bb4c91465be345a06121634ce70b/node_modules/@expo/vector-icons/build/vendor/react-native-vector-icons/Fonts/MaterialCommunityIcons.6e435534bd35da5fef04168860a9b8fa.ttf
 HTTP  7/3/2026 5:48:14 pm ::1 Returned 200 in 1 ms
 HTTP  7/3/2026 5:48:14 pm ::1 GET /assets/assets/images/logo-glow.dbca075a49dc45e550c5d2e3e9601039.png
 HTTP  7/3/2026 5:48:14 pm ::1 Returned 200 in 3 ms
 HTTP  7/3/2026 5:48:14 pm ::1 GET /more/operations
 HTTP  7/3/2026 5:48:14 pm ::1 Returned 200 in 1 ms
 HTTP  7/3/2026 5:48:14 pm ::1 GET /_expo/static/js/web/entry-a154c14e68a96ee710f95a5261071c64.js
 HTTP  7/3/2026 5:48:14 pm ::1 Returned 200 in 1 ms
 HTTP  7/3/2026 5:48:14 pm ::1 GET /assets/assets/images/logo-glow.dbca075a49dc45e550c5d2e3e9601039.png
 HTTP  7/3/2026 5:48:14 pm ::1 HEAD /
 HTTP  7/3/2026 5:48:14 pm ::1 Returned 200 in 3 ms
 HTTP  7/3/2026 5:48:14 pm ::1 Returned 200 in 2 ms
 HTTP  7/3/2026 5:48:14 pm ::1 GET /assets/node_modules/.pnpm/@expo+vector-icons@15.1.1_e_0551bb4c91465be345a06121634ce70b/node_modules/@expo/vector-icons/build/vendor/react-native-vector-icons/Fonts/MaterialCommunityIcons.6e435534bd35da5fef04168860a9b8fa.ttf
 HTTP  7/3/2026 5:48:14 pm ::1 Returned 200 in 2 ms
 HTTP  7/3/2026 5:48:14 pm ::1 GET /assets/assets/images/logo-glow.dbca075a49dc45e550c5d2e3e9601039.png
 HTTP  7/3/2026 5:48:14 pm ::1 Returned 200 in 2 ms
 HTTP  7/3/2026 5:48:15 pm ::1 GET /more/godowns
 HTTP  7/3/2026 5:48:15 pm ::1 Returned 200 in 1 ms
 HTTP  7/3/2026 5:48:15 pm ::1 GET /_expo/static/js/web/entry-a154c14e68a96ee710f95a5261071c64.js
 HTTP  7/3/2026 5:48:15 pm ::1 Returned 200 in 1 ms
 HTTP  7/3/2026 5:48:15 pm ::1 GET /assets/assets/images/logo-glow.dbca075a49dc45e550c5d2e3e9601039.png
 HTTP  7/3/2026 5:48:15 pm ::1 HEAD /
 HTTP  7/3/2026 5:48:15 pm ::1 Returned 200 in 2 ms
 HTTP  7/3/2026 5:48:15 pm ::1 Returned 200 in 1 ms
 HTTP  7/3/2026 5:48:15 pm ::1 GET /assets/node_modules/.pnpm/@expo+vector-icons@15.1.1_e_0551bb4c91465be345a06121634ce70b/node_modules/@expo/vector-icons/build/vendor/react-native-vector-icons/Fonts/MaterialCommunityIcons.6e435534bd35da5fef04168860a9b8fa.ttf
 HTTP  7/3/2026 5:48:15 pm ::1 Returned 200 in 2 ms
 HTTP  7/3/2026 5:48:15 pm ::1 GET /assets/assets/images/logo-glow.dbca075a49dc45e550c5d2e3e9601039.png
 HTTP  7/3/2026 5:48:15 pm ::1 Returned 200 in 2 ms
 HTTP  7/3/2026 5:48:15 pm ::1 GET /more/godowns/add
 HTTP  7/3/2026 5:48:15 pm ::1 Returned 200 in 4 ms
 HTTP  7/3/2026 5:48:15 pm ::1 GET /_expo/static/js/web/entry-a154c14e68a96ee710f95a5261071c64.js
 HTTP  7/3/2026 5:48:15 pm ::1 Returned 200 in 1 ms
 HTTP  7/3/2026 5:48:15 pm ::1 GET /assets/assets/images/logo-glow.dbca075a49dc45e550c5d2e3e9601039.png
 HTTP  7/3/2026 5:48:15 pm ::1 HEAD /
 HTTP  7/3/2026 5:48:15 pm ::1 Returned 200 in 4 ms
 HTTP  7/3/2026 5:48:15 pm ::1 Returned 200 in 2 ms
 HTTP  7/3/2026 5:48:15 pm ::1 GET /assets/node_modules/.pnpm/@expo+vector-icons@15.1.1_e_0551bb4c91465be345a06121634ce70b/node_modules/@expo/vector-icons/build/vendor/react-native-vector-icons/Fonts/MaterialCommunityIcons.6e435534bd35da5fef04168860a9b8fa.ttf
 HTTP  7/3/2026 5:48:15 pm ::1 Returned 200 in 2 ms
 HTTP  7/3/2026 5:48:15 pm ::1 GET /assets/assets/images/logo-glow.dbca075a49dc45e550c5d2e3e9601039.png
 HTTP  7/3/2026 5:48:15 pm ::1 Returned 200 in 1 ms
 HTTP  7/3/2026 5:48:16 pm ::1 GET /more/godowns/god-1
 HTTP  7/3/2026 5:48:16 pm ::1 Returned 200 in 3 ms
 HTTP  7/3/2026 5:48:16 pm ::1 GET /_expo/static/js/web/entry-a154c14e68a96ee710f95a5261071c64.js
 HTTP  7/3/2026 5:48:16 pm ::1 Returned 200 in 1 ms
 HTTP  7/3/2026 5:48:16 pm ::1 GET /assets/assets/images/logo-glow.dbca075a49dc45e550c5d2e3e9601039.png
 HTTP  7/3/2026 5:48:16 pm ::1 HEAD /
 HTTP  7/3/2026 5:48:16 pm ::1 Returned 200 in 4 ms
 HTTP  7/3/2026 5:48:16 pm ::1 Returned 200 in 2 ms
 HTTP  7/3/2026 5:48:16 pm ::1 GET /assets/node_modules/.pnpm/@expo+vector-icons@15.1.1_e_0551bb4c91465be345a06121634ce70b/node_modules/@expo/vector-icons/build/vendor/react-native-vector-icons/Fonts/MaterialCommunityIcons.6e435534bd35da5fef04168860a9b8fa.ttf
 HTTP  7/3/2026 5:48:16 pm ::1 Returned 200 in 1 ms
 HTTP  7/3/2026 5:48:16 pm ::1 GET /assets/assets/images/logo-glow.dbca075a49dc45e550c5d2e3e9601039.png
 HTTP  7/3/2026 5:48:16 pm ::1 Returned 200 in 2 ms
 HTTP  7/3/2026 5:48:16 pm ::1 GET /more/announcements
 HTTP  7/3/2026 5:48:16 pm ::1 Returned 200 in 2 ms
 HTTP  7/3/2026 5:48:16 pm ::1 GET /_expo/static/js/web/entry-a154c14e68a96ee710f95a5261071c64.js
 HTTP  7/3/2026 5:48:16 pm ::1 Returned 200 in 1 ms
 HTTP  7/3/2026 5:48:17 pm ::1 GET /assets/assets/images/logo-glow.dbca075a49dc45e550c5d2e3e9601039.png
 HTTP  7/3/2026 5:48:17 pm ::1 HEAD /
 HTTP  7/3/2026 5:48:17 pm ::1 Returned 200 in 4 ms
 HTTP  7/3/2026 5:48:17 pm ::1 Returned 200 in 1 ms
 HTTP  7/3/2026 5:48:17 pm ::1 GET /assets/node_modules/.pnpm/@expo+vector-icons@15.1.1_e_0551bb4c91465be345a06121634ce70b/node_modules/@expo/vector-icons/build/vendor/react-native-vector-icons/Fonts/MaterialCommunityIcons.6e435534bd35da5fef04168860a9b8fa.ttf
 HTTP  7/3/2026 5:48:17 pm ::1 Returned 200 in 2 ms
 HTTP  7/3/2026 5:48:17 pm ::1 GET /assets/assets/images/logo-glow.dbca075a49dc45e550c5d2e3e9601039.png
 HTTP  7/3/2026 5:48:17 pm ::1 Returned 200 in 2 ms
 HTTP  7/3/2026 5:48:17 pm ::1 GET /more/reports/pnl
 HTTP  7/3/2026 5:48:17 pm ::1 Returned 200 in 4 ms
 HTTP  7/3/2026 5:48:17 pm ::1 GET /_expo/static/js/web/entry-a154c14e68a96ee710f95a5261071c64.js
 HTTP  7/3/2026 5:48:17 pm ::1 Returned 200 in 1 ms
 HTTP  7/3/2026 5:48:17 pm ::1 GET /assets/assets/images/logo-glow.dbca075a49dc45e550c5d2e3e9601039.png
 HTTP  7/3/2026 5:48:17 pm ::1 HEAD /
 HTTP  7/3/2026 5:48:17 pm ::1 Returned 200 in 3 ms
 HTTP  7/3/2026 5:48:17 pm ::1 Returned 200 in 3 ms
 HTTP  7/3/2026 5:48:17 pm ::1 GET /assets/node_modules/.pnpm/@expo+vector-icons@15.1.1_e_0551bb4c91465be345a06121634ce70b/node_modules/@expo/vector-icons/build/vendor/react-native-vector-icons/Fonts/MaterialCommunityIcons.6e435534bd35da5fef04168860a9b8fa.ttf
 HTTP  7/3/2026 5:48:17 pm ::1 Returned 200 in 1 ms
 HTTP  7/3/2026 5:48:17 pm ::1 GET /assets/assets/images/logo-glow.dbca075a49dc45e550c5d2e3e9601039.png
 HTTP  7/3/2026 5:48:17 pm ::1 Returned 200 in 1 ms
 HTTP  7/3/2026 5:48:18 pm ::1 GET /more/reports/gstr1
 HTTP  7/3/2026 5:48:18 pm ::1 Returned 200 in 1 ms
 HTTP  7/3/2026 5:48:18 pm ::1 GET /_expo/static/js/web/entry-a154c14e68a96ee710f95a5261071c64.js
 HTTP  7/3/2026 5:48:18 pm ::1 Returned 200 in 2 ms
 HTTP  7/3/2026 5:48:18 pm ::1 GET /assets/assets/images/logo-glow.dbca075a49dc45e550c5d2e3e9601039.png
 HTTP  7/3/2026 5:48:18 pm ::1 HEAD /
 HTTP  7/3/2026 5:48:18 pm ::1 Returned 200 in 2 ms
 HTTP  7/3/2026 5:48:18 pm ::1 Returned 200 in 1 ms
 HTTP  7/3/2026 5:48:18 pm ::1 GET /assets/node_modules/.pnpm/@expo+vector-icons@15.1.1_e_0551bb4c91465be345a06121634ce70b/node_modules/@expo/vector-icons/build/vendor/react-native-vector-icons/Fonts/MaterialCommunityIcons.6e435534bd35da5fef04168860a9b8fa.ttf
 HTTP  7/3/2026 5:48:18 pm ::1 Returned 200 in 1 ms
 HTTP  7/3/2026 5:48:18 pm ::1 GET /assets/assets/images/logo-glow.dbca075a49dc45e550c5d2e3e9601039.png
 HTTP  7/3/2026 5:48:18 pm ::1 Returned 200 in 2 ms
 HTTP  7/3/2026 5:48:18 pm ::1 GET /more/reports/gstr3b
 HTTP  7/3/2026 5:48:18 pm ::1 Returned 200 in 4 ms
 HTTP  7/3/2026 5:48:18 pm ::1 GET /_expo/static/js/web/entry-a154c14e68a96ee710f95a5261071c64.js
 HTTP  7/3/2026 5:48:18 pm ::1 Returned 200 in 1 ms
 HTTP  7/3/2026 5:48:18 pm ::1 GET /assets/assets/images/logo-glow.dbca075a49dc45e550c5d2e3e9601039.png
 HTTP  7/3/2026 5:48:18 pm ::1 HEAD /
 HTTP  7/3/2026 5:48:18 pm ::1 Returned 200 in 2 ms
 HTTP  7/3/2026 5:48:18 pm ::1 Returned 200 in 2 ms
 HTTP  7/3/2026 5:48:18 pm ::1 GET /assets/node_modules/.pnpm/@expo+vector-icons@15.1.1_e_0551bb4c91465be345a06121634ce70b/node_modules/@expo/vector-icons/build/vendor/react-native-vector-icons/Fonts/MaterialCommunityIcons.6e435534bd35da5fef04168860a9b8fa.ttf
 HTTP  7/3/2026 5:48:18 pm ::1 Returned 200 in 3 ms
 HTTP  7/3/2026 5:48:18 pm ::1 GET /assets/assets/images/logo-glow.dbca075a49dc45e550c5d2e3e9601039.png
 HTTP  7/3/2026 5:48:18 pm ::1 Returned 200 in 2 ms
 HTTP  7/3/2026 5:48:19 pm ::1 GET /legal
 HTTP  7/3/2026 5:48:19 pm ::1 Returned 200 in 3 ms
 HTTP  7/3/2026 5:48:19 pm ::1 GET /_expo/static/js/web/entry-a154c14e68a96ee710f95a5261071c64.js
 HTTP  7/3/2026 5:48:19 pm ::1 Returned 200 in 1 ms
 HTTP  7/3/2026 5:48:19 pm ::1 GET /assets/assets/images/logo-glow.dbca075a49dc45e550c5d2e3e9601039.png
 HTTP  7/3/2026 5:48:19 pm ::1 HEAD /
 HTTP  7/3/2026 5:48:19 pm ::1 Returned 200 in 2 ms
 HTTP  7/3/2026 5:48:19 pm ::1 Returned 200 in 1 ms
 HTTP  7/3/2026 5:48:19 pm ::1 GET /assets/node_modules/.pnpm/@expo+vector-icons@15.1.1_e_0551bb4c91465be345a06121634ce70b/node_modules/@expo/vector-icons/build/vendor/react-native-vector-icons/Fonts/MaterialCommunityIcons.6e435534bd35da5fef04168860a9b8fa.ttf
 HTTP  7/3/2026 5:48:19 pm ::1 Returned 200 in 1 ms
 HTTP  7/3/2026 5:48:19 pm ::1 GET /assets/assets/images/logo-glow.dbca075a49dc45e550c5d2e3e9601039.png
 HTTP  7/3/2026 5:48:19 pm ::1 Returned 200 in 2 ms
 HTTP  7/3/2026 5:48:19 pm ::1 GET /legal/terms
 HTTP  7/3/2026 5:48:19 pm ::1 Returned 200 in 2 ms
 HTTP  7/3/2026 5:48:19 pm ::1 GET /_expo/static/js/web/entry-a154c14e68a96ee710f95a5261071c64.js
 HTTP  7/3/2026 5:48:19 pm ::1 Returned 200 in 1 ms
 HTTP  7/3/2026 5:48:20 pm ::1 GET /assets/assets/images/logo-glow.dbca075a49dc45e550c5d2e3e9601039.png
 HTTP  7/3/2026 5:48:20 pm ::1 HEAD /
 HTTP  7/3/2026 5:48:20 pm ::1 Returned 200 in 3 ms
 HTTP  7/3/2026 5:48:20 pm ::1 Returned 200 in 3 ms
 HTTP  7/3/2026 5:48:20 pm ::1 GET /assets/node_modules/.pnpm/@expo+vector-icons@15.1.1_e_0551bb4c91465be345a06121634ce70b/node_modules/@expo/vector-icons/build/vendor/react-native-vector-icons/Fonts/MaterialCommunityIcons.6e435534bd35da5fef04168860a9b8fa.ttf
 HTTP  7/3/2026 5:48:20 pm ::1 Returned 200 in 2 ms
 HTTP  7/3/2026 5:48:20 pm ::1 GET /assets/assets/images/logo-glow.dbca075a49dc45e550c5d2e3e9601039.png
 HTTP  7/3/2026 5:48:20 pm ::1 Returned 200 in 1 ms
 HTTP  7/3/2026 5:48:20 pm ::1 GET /legal/privacy
 HTTP  7/3/2026 5:48:20 pm ::1 Returned 200 in 1 ms
 HTTP  7/3/2026 5:48:20 pm ::1 GET /_expo/static/js/web/entry-a154c14e68a96ee710f95a5261071c64.js
 HTTP  7/3/2026 5:48:20 pm ::1 Returned 200 in 1 ms
 HTTP  7/3/2026 5:48:20 pm ::1 GET /assets/assets/images/logo-glow.dbca075a49dc45e550c5d2e3e9601039.png
 HTTP  7/3/2026 5:48:20 pm ::1 HEAD /
 HTTP  7/3/2026 5:48:20 pm ::1 Returned 200 in 4 ms
 HTTP  7/3/2026 5:48:20 pm ::1 Returned 200 in 2 ms
 HTTP  7/3/2026 5:48:20 pm ::1 GET /assets/node_modules/.pnpm/@expo+vector-icons@15.1.1_e_0551bb4c91465be345a06121634ce70b/node_modules/@expo/vector-icons/build/vendor/react-native-vector-icons/Fonts/MaterialCommunityIcons.6e435534bd35da5fef04168860a9b8fa.ttf
 HTTP  7/3/2026 5:48:20 pm ::1 Returned 200 in 2 ms
 HTTP  7/3/2026 5:48:20 pm ::1 GET /assets/assets/images/logo-glow.dbca075a49dc45e550c5d2e3e9601039.png
 HTTP  7/3/2026 5:48:20 pm ::1 Returned 200 in 1 ms
 HTTP  7/3/2026 5:48:21 pm ::1 GET /legal/changelog
 HTTP  7/3/2026 5:48:21 pm ::1 Returned 200 in 3 ms
 HTTP  7/3/2026 5:48:21 pm ::1 GET /_expo/static/js/web/entry-a154c14e68a96ee710f95a5261071c64.js
 HTTP  7/3/2026 5:48:21 pm ::1 Returned 200 in 2 ms
 HTTP  7/3/2026 5:48:21 pm ::1 GET /assets/assets/images/logo-glow.dbca075a49dc45e550c5d2e3e9601039.png
 HTTP  7/3/2026 5:48:21 pm ::1 HEAD /
 HTTP  7/3/2026 5:48:21 pm ::1 Returned 200 in 1 ms
 HTTP  7/3/2026 5:48:21 pm ::1 Returned 200 in 1 ms
 HTTP  7/3/2026 5:48:21 pm ::1 GET /assets/node_modules/.pnpm/@expo+vector-icons@15.1.1_e_0551bb4c91465be345a06121634ce70b/node_modules/@expo/vector-icons/build/vendor/react-native-vector-icons/Fonts/MaterialCommunityIcons.6e435534bd35da5fef04168860a9b8fa.ttf
 HTTP  7/3/2026 5:48:21 pm ::1 Returned 200 in 1 ms
 HTTP  7/3/2026 5:48:21 pm ::1 GET /assets/assets/images/logo-glow.dbca075a49dc45e550c5d2e3e9601039.png
 HTTP  7/3/2026 5:48:21 pm ::1 Returned 200 in 2 ms
 HTTP  7/3/2026 5:48:21 pm ::1 GET /legal/about
 HTTP  7/3/2026 5:48:21 pm ::1 Returned 200 in 1 ms
 HTTP  7/3/2026 5:48:21 pm ::1 GET /_expo/static/js/web/entry-a154c14e68a96ee710f95a5261071c64.js
 HTTP  7/3/2026 5:48:21 pm ::1 Returned 200 in 2 ms
 HTTP  7/3/2026 5:48:21 pm ::1 GET /assets/assets/images/logo-glow.dbca075a49dc45e550c5d2e3e9601039.png
 HTTP  7/3/2026 5:48:21 pm ::1 HEAD /
 HTTP  7/3/2026 5:48:21 pm ::1 Returned 200 in 4 ms
 HTTP  7/3/2026 5:48:21 pm ::1 Returned 200 in 3 ms
 HTTP  7/3/2026 5:48:21 pm ::1 GET /assets/node_modules/.pnpm/@expo+vector-icons@15.1.1_e_0551bb4c91465be345a06121634ce70b/node_modules/@expo/vector-icons/build/vendor/react-native-vector-icons/Fonts/MaterialCommunityIcons.6e435534bd35da5fef04168860a9b8fa.ttf
 HTTP  7/3/2026 5:48:21 pm ::1 Returned 200 in 3 ms
 HTTP  7/3/2026 5:48:21 pm ::1 GET /assets/assets/images/logo-glow.dbca075a49dc45e550c5d2e3e9601039.png
 HTTP  7/3/2026 5:48:21 pm ::1 Returned 200 in 1 ms
 HTTP  7/3/2026 5:48:22 pm ::1 GET /
 HTTP  7/3/2026 5:48:22 pm ::1 Returned 200 in 2 ms
 HTTP  7/3/2026 5:48:22 pm ::1 GET /_expo/static/js/web/entry-a154c14e68a96ee710f95a5261071c64.js
 HTTP  7/3/2026 5:48:22 pm ::1 Returned 200 in 2 ms
 HTTP  7/3/2026 5:48:22 pm ::1 GET /assets/assets/images/logo-glow.dbca075a49dc45e550c5d2e3e9601039.png
 HTTP  7/3/2026 5:48:22 pm ::1 HEAD /
 HTTP  7/3/2026 5:48:22 pm ::1 Returned 200 in 6 ms
 HTTP  7/3/2026 5:48:22 pm ::1 Returned 200 in 3 ms
 HTTP  7/3/2026 5:48:22 pm ::1 GET /assets/assets/images/icon.60bae712bdd8adad2bc0ac5d33ad0531.png
 HTTP  7/3/2026 5:48:22 pm ::1 Returned 200 in 2 ms
 HTTP  7/3/2026 5:48:22 pm ::1 GET /billing
 HTTP  7/3/2026 5:48:22 pm ::1 Returned 200 in 1 ms
 HTTP  7/3/2026 5:48:22 pm ::1 GET /_expo/static/js/web/entry-a154c14e68a96ee710f95a5261071c64.js
 HTTP  7/3/2026 5:48:22 pm ::1 Returned 200 in 2 ms
 HTTP  7/3/2026 5:48:23 pm ::1 GET /assets/assets/images/logo-glow.dbca075a49dc45e550c5d2e3e9601039.png
 HTTP  7/3/2026 5:48:23 pm ::1 HEAD /
 HTTP  7/3/2026 5:48:23 pm ::1 HEAD /
 HTTP  7/3/2026 5:48:23 pm ::1 Returned 200 in 4 ms
 HTTP  7/3/2026 5:48:23 pm ::1 Returned 200 in 2 ms
 HTTP  7/3/2026 5:48:23 pm ::1 Returned 200 in 2 ms
 HTTP  7/3/2026 5:48:23 pm ::1 GET /assets/node_modules/.pnpm/@expo+vector-icons@15.1.1_e_0551bb4c91465be345a06121634ce70b/node_modules/@expo/vector-icons/build/vendor/react-native-vector-icons/Fonts/MaterialCommunityIcons.6e435534bd35da5fef04168860a9b8fa.ttf
 HTTP  7/3/2026 5:48:23 pm ::1 Returned 200 in 2 ms
 HTTP  7/3/2026 5:48:23 pm ::1 GET /assets/assets/images/logo-glow.dbca075a49dc45e550c5d2e3e9601039.png
 HTTP  7/3/2026 5:48:23 pm ::1 Returned 200 in 1 ms
 HTTP  7/3/2026 5:48:23 pm ::1 GET /inventory
 HTTP  7/3/2026 5:48:23 pm ::1 Returned 200 in 4 ms
 HTTP  7/3/2026 5:48:23 pm ::1 GET /_expo/static/js/web/entry-a154c14e68a96ee710f95a5261071c64.js
 HTTP  7/3/2026 5:48:23 pm ::1 Returned 200 in 2 ms
 HTTP  7/3/2026 5:48:23 pm ::1 GET /assets/assets/images/logo-glow.dbca075a49dc45e550c5d2e3e9601039.png
 HTTP  7/3/2026 5:48:23 pm ::1 HEAD /
 HTTP  7/3/2026 5:48:23 pm ::1 Returned 200 in 2 ms
 HTTP  7/3/2026 5:48:23 pm ::1 Returned 200 in 2 ms
 HTTP  7/3/2026 5:48:23 pm ::1 GET /assets/node_modules/.pnpm/@expo+vector-icons@15.1.1_e_0551bb4c91465be345a06121634ce70b/node_modules/@expo/vector-icons/build/vendor/react-native-vector-icons/Fonts/MaterialCommunityIcons.6e435534bd35da5fef04168860a9b8fa.ttf
 HTTP  7/3/2026 5:48:23 pm ::1 Returned 200 in 2 ms
 HTTP  7/3/2026 5:48:23 pm ::1 GET /assets/assets/images/logo-glow.dbca075a49dc45e550c5d2e3e9601039.png
 HTTP  7/3/2026 5:48:23 pm ::1 Returned 200 in 2 ms
 HTTP  7/3/2026 5:48:24 pm ::1 GET /accounts
 HTTP  7/3/2026 5:48:24 pm ::1 Returned 200 in 2 ms
 HTTP  7/3/2026 5:48:24 pm ::1 GET /_expo/static/js/web/entry-a154c14e68a96ee710f95a5261071c64.js
 HTTP  7/3/2026 5:48:24 pm ::1 Returned 200 in 1 ms
 HTTP  7/3/2026 5:48:24 pm ::1 GET /assets/assets/images/logo-glow.dbca075a49dc45e550c5d2e3e9601039.png
 HTTP  7/3/2026 5:48:24 pm ::1 HEAD /
 HTTP  7/3/2026 5:48:24 pm ::1 Returned 200 in 2 ms
 HTTP  7/3/2026 5:48:24 pm ::1 Returned 200 in 2 ms
 HTTP  7/3/2026 5:48:24 pm ::1 GET /assets/node_modules/.pnpm/@expo+vector-icons@15.1.1_e_0551bb4c91465be345a06121634ce70b/node_modules/@expo/vector-icons/build/vendor/react-native-vector-icons/Fonts/MaterialCommunityIcons.6e435534bd35da5fef04168860a9b8fa.ttf
 HTTP  7/3/2026 5:48:24 pm ::1 Returned 200 in 1 ms
 HTTP  7/3/2026 5:48:24 pm ::1 GET /assets/assets/images/logo-glow.dbca075a49dc45e550c5d2e3e9601039.png
 HTTP  7/3/2026 5:48:24 pm ::1 Returned 200 in 2 ms
 HTTP  7/3/2026 5:48:24 pm ::1 GET /reports
 HTTP  7/3/2026 5:48:24 pm ::1 Returned 200 in 2 ms
 HTTP  7/3/2026 5:48:24 pm ::1 GET /_expo/static/js/web/entry-a154c14e68a96ee710f95a5261071c64.js
 HTTP  7/3/2026 5:48:24 pm ::1 Returned 200 in 2 ms
 HTTP  7/3/2026 5:48:24 pm ::1 GET /assets/assets/images/logo-glow.dbca075a49dc45e550c5d2e3e9601039.png
 HTTP  7/3/2026 5:48:24 pm ::1 HEAD /
 HTTP  7/3/2026 5:48:24 pm ::1 Returned 200 in 3 ms
 HTTP  7/3/2026 5:48:24 pm ::1 Returned 200 in 2 ms
 HTTP  7/3/2026 5:48:24 pm ::1 GET /assets/node_modules/.pnpm/@expo+vector-icons@15.1.1_e_0551bb4c91465be345a06121634ce70b/node_modules/@expo/vector-icons/build/vendor/react-native-vector-icons/Fonts/MaterialCommunityIcons.6e435534bd35da5fef04168860a9b8fa.ttf
 HTTP  7/3/2026 5:48:24 pm ::1 Returned 200 in 2 ms
 HTTP  7/3/2026 5:48:24 pm ::1 GET /assets/assets/images/logo-glow.dbca075a49dc45e550c5d2e3e9601039.png
 HTTP  7/3/2026 5:48:24 pm ::1 Returned 200 in 1 ms
 HTTP  7/3/2026 5:48:25 pm ::1 GET /more
 HTTP  7/3/2026 5:48:25 pm ::1 Returned 200 in 2 ms
 HTTP  7/3/2026 5:48:25 pm ::1 GET /_expo/static/js/web/entry-a154c14e68a96ee710f95a5261071c64.js
 HTTP  7/3/2026 5:48:25 pm ::1 Returned 200 in 2 ms
 HTTP  7/3/2026 5:48:25 pm ::1 GET /assets/assets/images/logo-glow.dbca075a49dc45e550c5d2e3e9601039.png
 HTTP  7/3/2026 5:48:25 pm ::1 HEAD /
 HTTP  7/3/2026 5:48:25 pm ::1 Returned 200 in 4 ms
 HTTP  7/3/2026 5:48:25 pm ::1 Returned 200 in 2 ms
 HTTP  7/3/2026 5:48:25 pm ::1 GET /assets/node_modules/.pnpm/@expo+vector-icons@15.1.1_e_0551bb4c91465be345a06121634ce70b/node_modules/@expo/vector-icons/build/vendor/react-native-vector-icons/Fonts/MaterialCommunityIcons.6e435534bd35da5fef04168860a9b8fa.ttf
 HTTP  7/3/2026 5:48:25 pm ::1 Returned 200 in 1 ms
 HTTP  7/3/2026 5:48:25 pm ::1 GET /assets/assets/images/logo-glow.dbca075a49dc45e550c5d2e3e9601039.png
 HTTP  7/3/2026 5:48:25 pm ::1 Returned 200 in 1 ms
 HTTP  7/3/2026 5:48:25 pm ::1 GET /assets/assets/images/logo-glow.dbca075a49dc45e550c5d2e3e9601039.png
 HTTP  7/3/2026 5:48:25 pm ::1 Returned 200 in 2 ms
 HTTP  7/3/2026 5:48:25 pm ::1 GET /more/settings
 HTTP  7/3/2026 5:48:25 pm ::1 Returned 200 in 4 ms
 HTTP  7/3/2026 5:48:25 pm ::1 GET /_expo/static/js/web/entry-a154c14e68a96ee710f95a5261071c64.js
 HTTP  7/3/2026 5:48:25 pm ::1 Returned 200 in 1 ms
 HTTP  7/3/2026 5:48:26 pm ::1 GET /assets/assets/images/logo-glow.dbca075a49dc45e550c5d2e3e9601039.png
 HTTP  7/3/2026 5:48:26 pm ::1 HEAD /
 HTTP  7/3/2026 5:48:26 pm ::1 Returned 200 in 4 ms
 HTTP  7/3/2026 5:48:26 pm ::1 Returned 200 in 2 ms
 HTTP  7/3/2026 5:48:26 pm ::1 GET /assets/node_modules/.pnpm/@expo+vector-icons@15.1.1_e_0551bb4c91465be345a06121634ce70b/node_modules/@expo/vector-icons/build/vendor/react-native-vector-icons/Fonts/MaterialCommunityIcons.6e435534bd35da5fef04168860a9b8fa.ttf
 HTTP  7/3/2026 5:48:26 pm ::1 Returned 200 in 1 ms
 HTTP  7/3/2026 5:48:26 pm ::1 GET /assets/assets/images/logo-glow.dbca075a49dc45e550c5d2e3e9601039.png
 HTTP  7/3/2026 5:48:26 pm ::1 Returned 200 in 2 ms
 HTTP  7/3/2026 5:48:26 pm ::1 GET /more/printing
 HTTP  7/3/2026 5:48:26 pm ::1 Returned 200 in 2 ms
 HTTP  7/3/2026 5:48:26 pm ::1 GET /_expo/static/js/web/entry-a154c14e68a96ee710f95a5261071c64.js
 HTTP  7/3/2026 5:48:26 pm ::1 Returned 200 in 2 ms
 HTTP  7/3/2026 5:48:26 pm ::1 GET /assets/assets/images/logo-glow.dbca075a49dc45e550c5d2e3e9601039.png
 HTTP  7/3/2026 5:48:26 pm ::1 HEAD /
 HTTP  7/3/2026 5:48:26 pm ::1 Returned 200 in 4 ms
 HTTP  7/3/2026 5:48:26 pm ::1 Returned 200 in 2 ms
 HTTP  7/3/2026 5:48:26 pm ::1 GET /assets/node_modules/.pnpm/@expo+vector-icons@15.1.1_e_0551bb4c91465be345a06121634ce70b/node_modules/@expo/vector-icons/build/vendor/react-native-vector-icons/Fonts/MaterialCommunityIcons.6e435534bd35da5fef04168860a9b8fa.ttf
 HTTP  7/3/2026 5:48:26 pm ::1 Returned 200 in 1 ms
 HTTP  7/3/2026 5:48:26 pm ::1 GET /assets/assets/images/logo-glow.dbca075a49dc45e550c5d2e3e9601039.png
 HTTP  7/3/2026 5:48:26 pm ::1 Returned 200 in 2 ms
 HTTP  7/3/2026 5:48:27 pm ::1 GET /more/item-masters
 HTTP  7/3/2026 5:48:27 pm ::1 Returned 200 in 4 ms
 HTTP  7/3/2026 5:48:27 pm ::1 GET /_expo/static/js/web/entry-a154c14e68a96ee710f95a5261071c64.js
 HTTP  7/3/2026 5:48:27 pm ::1 Returned 200 in 1 ms
 HTTP  7/3/2026 5:48:27 pm ::1 GET /assets/assets/images/logo-glow.dbca075a49dc45e550c5d2e3e9601039.png
 HTTP  7/3/2026 5:48:27 pm ::1 HEAD /
 HTTP  7/3/2026 5:48:27 pm ::1 Returned 200 in 4 ms
 HTTP  7/3/2026 5:48:27 pm ::1 Returned 200 in 2 ms
 HTTP  7/3/2026 5:48:27 pm ::1 GET /assets/node_modules/.pnpm/@expo+vector-icons@15.1.1_e_0551bb4c91465be345a06121634ce70b/node_modules/@expo/vector-icons/build/vendor/react-native-vector-icons/Fonts/MaterialCommunityIcons.6e435534bd35da5fef04168860a9b8fa.ttf
 HTTP  7/3/2026 5:48:27 pm ::1 Returned 200 in 2 ms
 HTTP  7/3/2026 5:48:27 pm ::1 GET /assets/assets/images/logo-glow.dbca075a49dc45e550c5d2e3e9601039.png
 HTTP  7/3/2026 5:48:27 pm ::1 Returned 200 in 2 ms
 HTTP  7/3/2026 5:48:27 pm ::1 GET /more/role-access
 HTTP  7/3/2026 5:48:27 pm ::1 Returned 200 in 1 ms
 HTTP  7/3/2026 5:48:27 pm ::1 GET /_expo/static/js/web/entry-a154c14e68a96ee710f95a5261071c64.js
 HTTP  7/3/2026 5:48:27 pm ::1 Returned 200 in 2 ms
 HTTP  7/3/2026 5:48:27 pm ::1 GET /assets/assets/images/logo-glow.dbca075a49dc45e550c5d2e3e9601039.png
 HTTP  7/3/2026 5:48:27 pm ::1 HEAD /
 HTTP  7/3/2026 5:48:27 pm ::1 Returned 200 in 2 ms
 HTTP  7/3/2026 5:48:27 pm ::1 Returned 200 in 2 ms
 HTTP  7/3/2026 5:48:27 pm ::1 GET /assets/node_modules/.pnpm/@expo+vector-icons@15.1.1_e_0551bb4c91465be345a06121634ce70b/node_modules/@expo/vector-icons/build/vendor/react-native-vector-icons/Fonts/MaterialCommunityIcons.6e435534bd35da5fef04168860a9b8fa.ttf
 HTTP  7/3/2026 5:48:27 pm ::1 Returned 200 in 1 ms
 HTTP  7/3/2026 5:48:27 pm ::1 GET /assets/assets/images/logo-glow.dbca075a49dc45e550c5d2e3e9601039.png
 HTTP  7/3/2026 5:48:27 pm ::1 Returned 200 in 2 ms
 HTTP  7/3/2026 5:48:28 pm ::1 GET /more/sync
 HTTP  7/3/2026 5:48:28 pm ::1 Returned 200 in 5 ms
 HTTP  7/3/2026 5:48:28 pm ::1 GET /_expo/static/js/web/entry-a154c14e68a96ee710f95a5261071c64.js
 HTTP  7/3/2026 5:48:28 pm ::1 Returned 200 in 2 ms
 HTTP  7/3/2026 5:48:28 pm ::1 GET /assets/assets/images/logo-glow.dbca075a49dc45e550c5d2e3e9601039.png
 HTTP  7/3/2026 5:48:28 pm ::1 HEAD /
 HTTP  7/3/2026 5:48:28 pm ::1 Returned 200 in 2 ms
 HTTP  7/3/2026 5:48:28 pm ::1 Returned 200 in 2 ms
 HTTP  7/3/2026 5:48:28 pm ::1 GET /assets/node_modules/.pnpm/@expo+vector-icons@15.1.1_e_0551bb4c91465be345a06121634ce70b/node_modules/@expo/vector-icons/build/vendor/react-native-vector-icons/Fonts/MaterialCommunityIcons.6e435534bd35da5fef04168860a9b8fa.ttf
 HTTP  7/3/2026 5:48:28 pm ::1 Returned 200 in 1 ms
 HTTP  7/3/2026 5:48:28 pm ::1 GET /assets/assets/images/logo-glow.dbca075a49dc45e550c5d2e3e9601039.png
 HTTP  7/3/2026 5:48:28 pm ::1 Returned 200 in 2 ms
 HTTP  7/3/2026 5:48:28 pm ::1 GET /more/subscription
 HTTP  7/3/2026 5:48:28 pm ::1 Returned 200 in 4 ms
 HTTP  7/3/2026 5:48:28 pm ::1 GET /_expo/static/js/web/entry-a154c14e68a96ee710f95a5261071c64.js
 HTTP  7/3/2026 5:48:28 pm ::1 Returned 200 in 2 ms
 HTTP  7/3/2026 5:48:29 pm ::1 GET /assets/assets/images/logo-glow.dbca075a49dc45e550c5d2e3e9601039.png
 HTTP  7/3/2026 5:48:29 pm ::1 HEAD /
 HTTP  7/3/2026 5:48:29 pm ::1 Returned 200 in 2 ms
 HTTP  7/3/2026 5:48:29 pm ::1 Returned 200 in 3 ms
 HTTP  7/3/2026 5:48:29 pm ::1 GET /assets/node_modules/.pnpm/@expo+vector-icons@15.1.1_e_0551bb4c91465be345a06121634ce70b/node_modules/@expo/vector-icons/build/vendor/react-native-vector-icons/Fonts/MaterialCommunityIcons.6e435534bd35da5fef04168860a9b8fa.ttf
 HTTP  7/3/2026 5:48:29 pm ::1 Returned 200 in 2 ms
 HTTP  7/3/2026 5:48:29 pm ::1 GET /assets/assets/images/logo-glow.dbca075a49dc45e550c5d2e3e9601039.png
 HTTP  7/3/2026 5:48:29 pm ::1 Returned 200 in 1 ms
 HTTP  7/3/2026 5:48:36 pm ::1 HEAD /
 HTTP  7/3/2026 5:48:36 pm ::1 Returned 200 in 1 ms
 HTTP  7/3/2026 5:49:05 pm ::1 HEAD /
 HTTP  7/3/2026 5:49:05 pm ::1 Returned 200 in 1 ms
 HTTP  7/3/2026 5:49:36 pm ::1 HEAD /
 HTTP  7/3/2026 5:49:36 pm ::1 Returned 200 in 2 ms
 HTTP  7/3/2026 5:50:05 pm ::1 HEAD /
 HTTP  7/3/2026 5:50:05 pm ::1 Returned 200 in 2 ms
 HTTP  7/3/2026 5:50:36 pm ::1 HEAD /
 HTTP  7/3/2026 5:50:36 pm ::1 Returned 200 in 1 ms
 HTTP  7/3/2026 5:51:05 pm ::1 HEAD /
 HTTP  7/3/2026 5:51:05 pm ::1 Returned 200 in 2 ms
 HTTP  7/3/2026 5:51:36 pm ::1 HEAD /
 HTTP  7/3/2026 5:51:36 pm ::1 Returned 200 in 2 ms
 HTTP  7/3/2026 5:52:05 pm ::1 HEAD /
 HTTP  7/3/2026 5:52:05 pm ::1 Returned 200 in 1 ms
 HTTP  7/3/2026 5:52:36 pm ::1 HEAD /
 HTTP  7/3/2026 5:52:36 pm ::1 Returned 200 in 2 ms
 HTTP  7/3/2026 5:53:05 pm ::1 HEAD /
 HTTP  7/3/2026 5:53:05 pm ::1 Returned 200 in 2 ms
 HTTP  7/3/2026 5:53:36 pm ::1 HEAD /
 HTTP  7/3/2026 5:53:36 pm ::1 Returned 200 in 1 ms
 HTTP  7/3/2026 5:54:05 pm ::1 HEAD /
 HTTP  7/3/2026 5:54:05 pm ::1 Returned 200 in 1 ms
 HTTP  7/3/2026 5:54:36 pm ::1 HEAD /
 HTTP  7/3/2026 5:54:36 pm ::1 Returned 200 in 3 ms
 HTTP  7/3/2026 5:55:05 pm ::1 HEAD /
 HTTP  7/3/2026 5:55:05 pm ::1 Returned 200 in 2 ms
 HTTP  7/3/2026 5:55:36 pm ::1 HEAD /
 HTTP  7/3/2026 5:55:36 pm ::1 Returned 200 in 1 ms
 HTTP  7/3/2026 5:56:05 pm ::1 HEAD /
 HTTP  7/3/2026 5:56:05 pm ::1 Returned 200 in 2 ms
 HTTP  7/3/2026 5:56:36 pm ::1 HEAD /
 HTTP  7/3/2026 5:56:36 pm ::1 Returned 200 in 1 ms
 HTTP  7/3/2026 5:57:05 pm ::1 HEAD /
 HTTP  7/3/2026 5:57:05 pm ::1 Returned 200 in 6 ms
 HTTP  7/3/2026 5:57:36 pm ::1 HEAD /
 HTTP  7/3/2026 5:57:36 pm ::1 Returned 200 in 1 ms
 HTTP  7/3/2026 5:58:05 pm ::1 HEAD /
 HTTP  7/3/2026 5:58:05 pm ::1 Returned 200 in 7 ms
 HTTP  7/3/2026 5:58:36 pm ::1 HEAD /
 HTTP  7/3/2026 5:58:36 pm ::1 Returned 200 in 2 ms
 HTTP  7/3/2026 5:59:05 pm ::1 HEAD /
 HTTP  7/3/2026 5:59:05 pm ::1 Returned 200 in 4 ms
 HTTP  7/3/2026 5:59:36 pm ::1 HEAD /
 HTTP  7/3/2026 5:59:36 pm ::1 Returned 200 in 2 ms
 HTTP  7/3/2026 6:00:05 pm ::1 HEAD /
 HTTP  7/3/2026 6:00:05 pm ::1 Returned 200 in 7 ms
 HTTP  7/3/2026 6:00:36 pm ::1 HEAD /
 HTTP  7/3/2026 6:00:36 pm ::1 Returned 200 in 2 ms
 HTTP  7/3/2026 6:01:05 pm ::1 HEAD /
 HTTP  7/3/2026 6:01:05 pm ::1 Returned 200 in 3 ms
 HTTP  7/3/2026 6:01:36 pm ::1 HEAD /
 HTTP  7/3/2026 6:01:36 pm ::1 Returned 200 in 2 ms
 HTTP  7/3/2026 6:02:05 pm ::1 HEAD /
 HTTP  7/3/2026 6:02:05 pm ::1 Returned 200 in 2 ms
 HTTP  7/3/2026 6:02:36 pm ::1 HEAD /
 HTTP  7/3/2026 6:02:36 pm ::1 Returned 200 in 3 ms
 HTTP  7/3/2026 6:03:05 pm ::1 HEAD /
 HTTP  7/3/2026 6:03:05 pm ::1 Returned 200 in 4 ms
 HTTP  7/3/2026 6:03:36 pm ::1 HEAD /
 HTTP  7/3/2026 6:03:36 pm ::1 Returned 200 in 4 ms
 HTTP  7/3/2026 6:04:05 pm ::1 HEAD /
 HTTP  7/3/2026 6:04:05 pm ::1 Returned 200 in 4 ms
 HTTP  7/3/2026 6:04:36 pm ::1 HEAD /
 HTTP  7/3/2026 6:04:36 pm ::1 Returned 200 in 3 ms
 HTTP  7/3/2026 6:05:05 pm ::1 HEAD /
 HTTP  7/3/2026 6:05:05 pm ::1 Returned 200 in 3 ms
 HTTP  10/3/2026 2:18:32 pm ::1 GET /assets/assets/images/logo-glow.dbca075a49dc45e550c5d2e3e9601039.png
 HTTP  10/3/2026 2:18:32 pm ::1 HEAD /
 HTTP  10/3/2026 2:18:32 pm ::1 HEAD /
 HTTP  10/3/2026 2:18:32 pm ::1 GET /assets/assets/images/icon.60bae712bdd8adad2bc0ac5d33ad0531.png
 HTTP  10/3/2026 2:18:32 pm ::1 Returned 404 in 228 ms
 HTTP  10/3/2026 2:18:32 pm ::1 Returned 404 in 148 ms
 HTTP  10/3/2026 2:18:32 pm ::1 Returned 200 in 159 ms
 HTTP  10/3/2026 2:18:32 pm ::1 Returned 200 in 188 ms
